counterparty_id,connected_customers,transaction_count,total_amount,high_risk_geo_transactions,network_review_flag
CP00001,4,4,10806.46,0,0
CP00002,6,6,26140.600000000002,2,1
CP00003,4,4,45537.78,2,0
CP00004,5,6,33920.1,3,1
CP00005,3,3,25361.97,2,0
CP00006,6,6,69462.95999999999,2,1
CP00007,5,5,22269.97,1,0
CP00008,3,3,15965.59,0,0
CP00009,7,7,92562.53,4,1
CP00010,4,4,42524.31,3,0
CP00011,9,9,96170.18,4,1
CP00012,2,2,71668.31,1,0
CP00013,3,3,51261.34,1,0
CP00014,5,5,32811.53,1,0
CP00015,2,2,21946.92,1,0
CP00016,6,6,22676.42,2,1
CP00017,7,7,133319.54,1,0
CP00018,4,4,43541.95,1,0
CP00019,7,7,148042.22999999998,5,1
CP00020,9,9,88998.99,3,1
CP00021,5,5,69700.6,1,0
CP00022,5,5,101960.3,1,0
CP00023,5,5,69634.2,2,1
CP00024,7,7,172114.03,2,1
CP00025,5,5,42920.270000000004,3,1
CP00026,5,5,41520.86,2,1
CP00027,5,5,45932.11,2,1
CP00028,5,5,46403.45,2,1
CP00029,6,6,86620.59,1,0
CP00030,2,2,89837.88,0,0
CP00031,2,2,3960.33,1,0
CP00032,6,6,162454.13,1,0
CP00033,4,4,146333.37,1,0
CP00034,4,4,21419.559999999998,2,0
CP00035,7,7,80148.23,3,1
CP00036,4,4,29540.32,2,0
CP00037,3,3,19920.65,2,0
CP00038,5,5,33998.46,1,0
CP00039,7,7,139713.8,4,1
CP00040,4,4,42296.08,0,0
CP00041,4,4,30504.91,1,0
CP00042,9,9,239955.87000000002,3,1
CP00043,5,5,61962.149999999994,2,1
CP00044,2,2,59961.72,0,0
CP00045,6,6,72787.39,1,0
CP00046,3,3,12642.51,2,0
CP00047,9,9,103685.01,1,0
CP00048,6,6,98498.81999999999,4,1
CP00049,6,6,127195.22,2,1
CP00050,6,6,85898.35999999999,2,1
CP00051,9,9,70741.83,4,1
CP00052,10,10,96406.63,6,1
CP00053,8,8,144877.72999999998,4,1
CP00054,3,3,18244.850000000002,1,0
CP00055,3,3,32253.190000000002,2,0
CP00056,5,5,12462.619999999999,2,1
CP00057,5,5,98767.5,2,1
CP00058,8,8,47364.43,4,1
CP00059,2,2,15196.52,2,0
CP00060,4,4,71262.38,0,0
CP00061,7,7,35642.42,2,1
CP00062,2,2,8055.11,1,0
CP00063,2,2,18795.47,0,0
CP00064,4,4,65250.06,2,0
CP00065,5,5,22032.829999999998,0,0
CP00066,4,4,26227.48,2,0
CP00067,3,3,19845.78,3,0
CP00068,4,4,30660.96,2,0
CP00069,4,4,24467.25,1,0
CP00070,5,5,89392.52,3,1
CP00071,3,3,32554.550000000003,1,0
CP00072,7,7,127471.01999999999,2,1
CP00073,4,4,33012.92,2,0
CP00074,1,1,1745.99,1,0
CP00075,4,4,40489.66,2,0
CP00076,5,5,24309.3,1,0
CP00077,6,6,42139.21,2,1
CP00078,3,3,21346.33,1,0
CP00079,2,2,3649.34,1,0
CP00080,5,5,92611.82,1,0
CP00081,8,8,163679.36000000002,3,1
CP00082,6,6,47099.13,3,1
CP00083,2,2,11544.59,2,0
CP00084,8,8,92176.78,1,0
CP00085,5,5,39099.9,4,1
CP00086,6,6,58774.28999999999,2,1
CP00087,6,6,81025.95,4,1
CP00088,3,3,13638.4,1,0
CP00089,2,2,27042.809999999998,1,0
CP00090,4,5,42905.43,1,0
CP00091,9,9,80031.74,2,1
CP00092,5,5,94521.45999999999,3,1
CP00093,3,3,8165.11,2,0
CP00094,6,6,53957.83,1,0
CP00095,3,3,20351.0,2,0
CP00096,7,7,69511.46,3,1
CP00097,7,7,69035.05,3,1
CP00098,4,4,30802.86,1,0
CP00099,1,1,9831.38,0,0
CP00100,6,6,153796.07,1,0
CP00101,3,3,2865.5699999999997,2,0
CP00102,7,7,166119.59,4,1
CP00103,3,3,22068.270000000004,1,0
CP00104,3,3,46899.2,1,0
CP00105,3,3,18088.34,2,0
CP00106,5,5,33600.05,4,1
CP00107,3,3,29547.08,1,0
CP00108,4,4,47996.94,1,0
CP00109,4,4,64779.8,2,0
CP00110,5,5,45235.57,2,1
CP00111,4,4,33443.07,0,0
CP00112,3,3,15009.98,1,0
CP00113,6,6,76149.95,2,1
CP00114,3,3,36606.82,2,0
CP00115,7,7,82982.87,3,1
CP00116,3,3,16306.75,1,0
CP00117,6,6,61372.47,3,1
CP00118,2,2,28803.36,0,0
CP00119,7,7,231795.34,1,0
CP00120,8,8,44418.7,2,1
CP00121,4,4,15971.85,0,0
CP00122,7,7,63504.78999999999,2,1
CP00123,3,3,22020.3,0,0
CP00124,4,4,26398.98,3,0
CP00125,5,5,26262.93,3,1
CP00126,2,2,35624.09,1,0
CP00127,1,1,2058.94,1,0
CP00128,6,6,60245.36,2,1
CP00129,6,6,29844.22,1,0
CP00130,10,10,144152.05000000002,5,1
CP00131,4,4,47782.29,2,0
CP00132,3,3,62141.79,1,0
CP00133,7,7,68206.22,2,1
CP00134,6,6,23382.92,1,0
CP00135,7,7,29594.260000000002,2,1
CP00136,5,5,39257.61,3,1
CP00137,6,6,48115.57,4,1
CP00138,1,1,2489.64,1,0
CP00139,5,5,49602.25,3,1
CP00140,4,4,25450.62,2,0
CP00141,2,2,16533.61,2,0
CP00142,4,4,25032.36,0,0
CP00143,2,2,63577.83,1,0
CP00144,4,4,50834.229999999996,1,0
CP00145,3,3,26803.62,1,0
CP00146,6,6,55913.72,2,1
CP00147,4,4,57479.45,1,0
CP00148,5,5,70219.23999999999,1,0
CP00149,9,9,119740.71,3,1
CP00150,9,9,73361.34,3,1
CP00151,7,7,83550.69,2,1
CP00152,5,5,68828.54000000001,3,1
CP00153,7,7,101634.76,2,1
CP00154,7,7,194365.43,4,1
CP00155,5,5,89273.61,3,1
CP00156,6,6,101763.78,1,0
CP00157,6,6,61036.159999999996,2,1
CP00158,7,7,48607.93,3,1
CP00159,2,2,44344.44,1,0
CP00160,3,3,18140.73,0,0
CP00161,3,3,41344.24,2,0
CP00162,6,6,75416.5,2,1
CP00163,2,3,71163.79000000001,2,0
CP00164,1,1,11867.85,1,0
CP00165,5,5,41188.2,2,1
CP00166,8,8,38116.14,4,1
CP00167,7,7,60821.479999999996,4,1
CP00168,3,3,45185.54,1,0
CP00169,3,3,10516.69,1,0
CP00170,6,6,155561.17,1,0
CP00171,5,5,41926.59,0,0
CP00172,4,4,90820.51999999999,1,0
CP00173,6,6,34824.06,4,1
CP00174,4,4,28947.33,1,0
CP00175,2,2,9436.2,2,0
CP00176,5,5,46524.75,2,1
CP00177,7,7,88498.41,3,1
CP00178,3,3,31832.690000000002,2,0
CP00179,1,1,31861.45,1,0
CP00180,5,5,61906.34,1,0
CP00181,2,2,36147.18,0,0
CP00182,8,8,96772.91,3,1
CP00183,2,2,28407.19,0,0
CP00184,8,8,100380.44,3,1
CP00185,5,5,83211.64,1,0
CP00186,2,2,29587.300000000003,1,0
CP00187,5,5,47365.759999999995,1,0
CP00189,1,1,6060.99,0,0
CP00190,8,8,50490.31,3,1
CP00191,5,5,49123.009999999995,2,1
CP00192,5,5,21423.760000000002,1,0
CP00193,3,3,19644.1,2,0
CP00194,8,8,64509.92,7,1
CP00195,6,6,29924.9,4,1
CP00196,4,4,51818.49,2,0
CP00197,2,2,46602.27,0,0
CP00198,7,7,35794.68,2,1
CP00199,6,6,67934.98,3,1
CP00200,8,8,65136.42,3,1
CP00201,7,7,69485.32,1,0
CP00202,4,4,32236.88,3,0
CP00203,8,8,66661.84,4,1
CP00204,3,3,18233.93,0,0
CP00205,3,3,20194.05,1,0
CP00206,1,1,7273.87,0,0
CP00207,6,6,41275.21,2,1
CP00208,5,5,51114.66,2,1
CP00209,1,1,4695.83,0,0
CP00210,5,5,69928.73,1,0
CP00211,4,4,40755.89,1,0
CP00212,4,4,30244.809999999998,1,0
CP00213,2,2,9392.48,2,0
CP00214,2,2,34000.03,1,0
CP00215,3,3,60414.31,1,0
CP00216,5,5,70395.67,1,0
CP00217,6,6,192003.82,1,0
CP00218,6,6,95743.79000000001,1,0
CP00219,4,4,35916.67,1,0
CP00220,6,6,29259.17,5,1
CP00221,2,2,7477.3,1,0
CP00222,9,9,184741.98,4,1
CP00223,4,4,19636.77,0,0
CP00224,5,5,84715.73999999999,4,1
CP00225,4,4,25398.809999999998,0,0
CP00226,3,3,25439.91,0,0
CP00227,5,5,80454.43,1,0
CP00228,5,5,135160.3,2,1
CP00229,4,4,16046.52,0,0
CP00230,3,3,16218.029999999999,2,0
CP00231,8,8,136169.62,3,1
CP00232,1,1,14907.13,0,0
CP00233,6,6,52489.270000000004,1,0
CP00234,2,2,47467.95,1,0
CP00235,6,6,32275.15,2,1
CP00236,4,4,17037.06,1,0
CP00237,7,7,154239.93,3,1
CP00238,2,2,30655.01,0,0
CP00239,6,6,119429.6,2,1
CP00240,4,4,39568.63,3,0
CP00241,3,3,42786.89,1,0
CP00242,6,6,84404.97,3,1
CP00243,4,4,12576.49,0,0
CP00244,6,6,52345.67,2,1
CP00245,6,6,37262.689999999995,2,1
CP00246,5,5,33550.36,2,1
CP00247,9,9,49878.15,4,1
CP00248,5,5,35061.29,3,1
CP00249,5,5,27007.760000000002,1,0
CP00250,3,3,20880.6,1,0
CP00251,3,3,19664.59,1,0
CP00252,1,1,12648.47,1,0
CP00253,9,9,118438.59,3,1
CP00254,4,4,13118.9,1,0
CP00255,1,1,15043.84,1,0
CP00256,4,4,52227.75,1,0
CP00257,6,6,147818.32,1,0
CP00258,2,2,18035.95,0,0
CP00259,3,3,37410.17,1,0
CP00260,4,4,49644.590000000004,3,0
CP00261,5,5,27497.56,4,1
CP00262,2,2,13021.37,1,0
CP00263,7,7,134724.25,6,1
CP00264,4,4,40989.24,2,0
CP00265,4,4,29882.86,3,0
CP00266,3,3,53100.119999999995,1,0
CP00267,7,7,55268.65,3,1
CP00268,2,2,11531.5,2,0
CP00270,6,6,47430.27,2,1
CP00271,2,2,9320.51,1,0
CP00272,4,4,31584.24,3,0
CP00273,2,2,6794.81,1,0
CP00274,4,4,128865.95,2,0
CP00275,1,1,6400.31,0,0
CP00276,2,2,50072.28,2,0
CP00277,2,2,8895.36,0,0
CP00278,2,2,39516.77,0,0
CP00279,7,7,96786.29,2,1
CP00280,7,7,44910.99,4,1
CP00281,6,6,37176.909999999996,1,0
CP00282,4,4,25638.68,1,0
CP00283,6,6,90412.97,2,1
CP00284,7,7,91602.2,3,1
CP00285,6,6,73242.22,4,1
CP00286,4,4,44501.22,1,0
CP00287,3,3,18100.54,1,0
CP00288,4,4,51057.979999999996,0,0
CP00289,4,4,81780.97,2,0
CP00290,3,3,67313.82999999999,0,0
CP00291,3,3,38212.53,1,0
CP00292,9,9,48299.95,5,1
CP00293,6,6,63400.32,3,1
CP00294,4,4,49381.99,2,0
CP00295,5,5,77696.79,2,1
CP00296,5,5,35533.64,1,0
CP00297,7,7,35807.03,4,1
CP00298,3,3,69620.72,2,0
CP00299,7,7,160406.54,2,1
CP00300,6,6,63632.840000000004,2,1
CP00301,1,1,7836.95,0,0
CP00302,5,5,100943.56999999999,0,0
CP00303,10,10,154723.34,4,1
CP00304,4,4,26087.21,1,0
CP00305,4,5,31958.89,1,0
CP00306,3,3,7411.3099999999995,2,0
CP00307,4,4,66174.29000000001,3,0
CP00308,5,5,70914.16,1,0
CP00309,10,10,114245.33,6,1
CP00310,7,7,59270.11,2,1
CP00311,3,3,18254.7,0,0
CP00312,7,7,80189.62,4,1
CP00313,5,5,22961.95,2,1
CP00314,8,8,88099.67,4,1
CP00315,8,8,116754.22,5,1
CP00316,10,10,83135.92,2,1
CP00317,5,5,53147.4,2,1
CP00318,4,4,35309.68,2,0
CP00319,4,4,45178.299999999996,3,0
CP00320,9,9,178995.90999999997,3,1
CP00321,6,6,49603.03,2,1
CP00322,3,3,47538.31,1,0
CP00323,11,12,184408.76,5,1
CP00324,5,5,32997.22,1,0
CP00325,5,5,27599.010000000002,3,1
CP00326,5,5,58611.18000000001,2,1
CP00327,2,2,25756.629999999997,0,0
CP00328,5,5,108277.09999999999,2,1
CP00329,7,7,79147.22,1,0
CP00330,3,3,62438.22,1,0
CP00331,9,9,72005.62,5,1
CP00332,1,1,14695.85,0,0
CP00333,4,4,54634.86,1,0
CP00334,5,5,36716.369999999995,1,0
CP00335,5,5,112491.56999999999,0,0
CP00336,4,4,41191.119999999995,2,0
CP00337,6,6,90735.41,2,1
CP00338,4,4,72104.36,0,0
CP00339,2,2,9181.86,0,0
CP00340,3,3,30464.04,1,0
CP00341,7,7,94594.64,1,0
CP00342,6,6,35654.58,3,1
CP00343,6,6,57182.810000000005,1,0
CP00344,1,1,8396.29,0,0
CP00345,1,1,3791.79,0,0
CP00346,4,4,50112.89,2,0
CP00347,3,3,22108.25,2,0
CP00348,6,6,88012.5,4,1
CP00349,3,3,55919.68000000001,0,0
CP00350,5,5,47601.32,1,0
CP00351,6,6,21699.16,0,0
CP00352,3,3,81659.88,1,0
CP00353,1,1,4501.61,0,0
CP00354,6,6,28981.15,4,1
CP00355,4,4,28397.19,1,0
CP00356,3,3,31280.86,1,0
CP00357,8,8,55192.03,3,1
CP00358,2,2,60679.57,0,0
CP00359,4,4,12531.55,3,0
CP00360,2,2,13255.93,1,0
CP00361,3,3,15876.35,0,0
CP00362,5,5,62039.67,2,1
CP00363,11,11,155980.66,6,1
CP00364,5,5,25652.02,3,1
CP00365,9,9,74853.38,6,1
CP00366,6,6,41551.57,1,0
CP00367,6,6,27389.41,2,1
CP00368,2,2,24736.63,0,0
CP00369,5,5,115361.12,1,0
CP00370,7,7,72901.35,2,1
CP00371,5,5,36584.79,2,1
CP00372,5,5,54030.78999999999,0,0
CP00373,7,7,40618.82,3,1
CP00374,5,5,118389.87,2,1
CP00375,4,4,50354.47,1,0
CP00376,3,3,86273.42,1,0
CP00377,5,5,39342.659999999996,4,1
CP00378,3,3,45046.2,1,0
CP00379,2,2,33391.99,0,0
CP00380,7,7,51139.509999999995,4,1
CP00381,14,14,167747.55,5,1
CP00382,5,5,34625.22,4,1
CP00383,5,5,41650.93,1,0
CP00384,1,1,7674.71,1,0
CP00385,2,2,11176.029999999999,1,0
CP00386,5,5,84786.56999999999,2,1
CP00387,4,4,32182.81,2,0
CP00388,3,3,46202.14,2,0
CP00389,4,4,26964.72,0,0
CP00390,5,5,37771.39,1,0
CP00391,6,6,63520.43,0,0
CP00392,6,6,69364.1,2,1
CP00393,5,5,58848.689999999995,1,0
CP00394,7,7,215668.04,0,0
CP00395,2,2,60475.91,1,0
CP00396,5,5,80031.45000000001,1,0
CP00397,4,4,27682.510000000002,2,0
CP00398,7,7,30920.71,2,1
CP00399,4,4,15282.7,2,0
CP00400,2,2,6547.52,1,0
CP00401,8,8,39750.72,4,1
CP00402,3,3,70726.34000000001,1,0
CP00403,2,2,3225.67,0,0
CP00404,3,3,77997.23,1,0
CP00405,4,4,59047.590000000004,2,0
CP00406,5,5,55102.94,3,1
CP00407,4,4,51403.17,3,0
CP00408,5,5,77767.63,3,1
CP00409,6,6,44878.19,2,1
CP00410,6,6,114380.87,4,1
CP00411,4,4,26676.44,2,0
CP00412,5,5,37547.82,2,1
CP00413,7,7,170723.29000000004,1,0
CP00414,7,7,73080.14,3,1
CP00415,2,2,26584.72,0,0
CP00416,3,3,25458.129999999997,3,0
CP00417,6,6,64309.64,3,1
CP00418,3,3,64125.67,0,0
CP00419,6,6,67662.91,1,0
CP00420,6,6,47329.96,2,1
CP00421,4,4,71604.37,1,0
CP00422,6,6,57369.259999999995,1,0
CP00423,6,6,183885.31,1,0
CP00424,7,7,61590.39,2,1
CP00425,3,3,7328.59,1,0
CP00426,7,7,60764.16,4,1
CP00427,4,4,29257.410000000003,2,0
CP00428,8,8,69975.52,3,1
CP00429,7,7,44721.42,2,1
CP00430,8,8,158153.82,5,1
CP00431,3,3,15909.63,2,0
CP00432,6,6,57536.33,4,1
CP00433,1,1,20169.52,1,0
CP00434,5,5,93910.92000000001,2,1
CP00435,5,5,74464.17,1,0
CP00436,2,2,13254.43,1,0
CP00437,7,7,75292.85,0,0
CP00438,2,2,34450.82,1,0
CP00439,9,9,61731.950000000004,1,0
CP00440,4,4,61633.090000000004,2,0
CP00441,2,2,12198.16,1,0
CP00442,5,5,15883.04,2,1
CP00443,6,6,22999.34,2,1
CP00444,7,7,69755.48,1,0
CP00445,5,5,28907.88,2,1
CP00446,5,5,70682.32,0,0
CP00447,1,1,34468.04,0,0
CP00448,5,5,28252.530000000002,3,1
CP00449,5,5,93103.33,5,1
CP00450,9,9,55902.71,3,1
CP00451,2,2,41121.32,0,0
CP00452,3,3,33509.24,2,0
CP00453,5,5,33915.799999999996,4,1
CP00454,4,4,84272.71,1,0
CP00455,4,4,16854.11,1,0
CP00456,5,5,61280.22,1,0
CP00457,4,4,26996.579999999998,1,0
CP00458,3,3,12980.52,2,0
CP00459,3,3,32096.22,3,0
CP00460,4,4,41203.91,1,0
CP00461,2,2,43661.87,0,0
CP00462,3,3,28162.98,1,0
CP00464,4,4,38057.79,1,0
CP00465,5,5,67271.67000000001,2,1
CP00466,1,1,18382.52,0,0
CP00467,6,6,101499.39,1,0
CP00468,2,2,13021.33,1,0
CP00469,5,5,81042.99,2,1
CP00470,3,3,30765.97,1,0
CP00471,2,2,30721.64,0,0
CP00472,5,5,24498.71,2,1
CP00473,2,2,251116.87,1,0
CP00474,9,9,44334.79,3,1
CP00475,7,7,77102.46,4,1
CP00476,4,4,20051.8,3,0
CP00477,7,7,102368.63,4,1
CP00478,6,6,74420.98,3,1
CP00479,8,8,97174.73,3,1
CP00480,4,4,39902.7,1,0
CP00481,3,3,20702.690000000002,1,0
CP00482,2,2,20045.23,1,0
CP00483,4,4,33886.86,2,0
CP00484,4,4,59116.770000000004,2,0
CP00485,6,6,46870.64,0,0
CP00486,3,3,37365.09,2,0
CP00487,5,5,34526.89,2,1
CP00488,3,3,20207.7,3,0
CP00489,4,4,14878.02,1,0
CP00490,8,8,98281.14,5,1
CP00491,3,3,14770.689999999999,2,0
CP00492,4,4,44736.12,2,0
CP00493,6,6,86021.6,3,1
CP00494,2,2,7281.599999999999,1,0
CP00495,5,5,72874.01,2,1
CP00496,4,4,29451.88,3,0
CP00497,6,6,48569.399999999994,1,0
CP00498,5,5,142975.16999999998,2,1
CP00499,2,2,33053.72,1,0
CP00500,7,7,68488.62,3,1
CP00501,5,5,60307.840000000004,3,1
CP00502,2,2,30148.829999999998,0,0
CP00503,1,1,29737.76,0,0
CP00504,4,4,132233.2,1,0
CP00505,4,4,23740.059999999998,1,0
CP00506,1,1,859.85,1,0
CP00507,7,7,95288.43,3,1
CP00508,8,8,178308.7,2,1
CP00509,6,6,66348.05,1,0
CP00510,4,4,33127.42,1,0
CP00511,5,5,56373.81,3,1
CP00512,2,2,17851.239999999998,1,0
CP00513,2,2,17796.6,0,0
CP00514,6,6,72110.49,4,1
CP00515,5,5,86253.84,2,1
CP00516,5,5,53830.8,4,1
CP00517,8,8,66969.15,3,1
CP00518,5,5,32415.83,1,0
CP00519,4,4,31564.489999999998,1,0
CP00520,7,7,79839.96,3,1
CP00521,7,7,142286.57,2,1
CP00522,3,3,16968.66,2,0
CP00523,3,3,72079.47,2,0
CP00524,10,10,79400.29,3,1
CP00525,3,3,35720.32,1,0
CP00526,4,4,24564.88,0,0
CP00527,6,6,72481.37,3,1
CP00528,2,2,3851.8599999999997,1,0
CP00529,6,6,41400.25,3,1
CP00530,5,5,23315.7,2,1
CP00531,3,3,17875.45,2,0
CP00532,8,8,148175.65,5,1
CP00533,6,6,158911.07,2,1
CP00534,2,2,114517.37999999999,1,0
CP00535,1,1,6985.87,1,0
CP00536,7,7,46616.85,1,0
CP00537,3,3,30034.620000000003,0,0
CP00538,5,5,89811.73,1,0
CP00539,9,9,59801.740000000005,5,1
CP00540,7,7,45943.36,0,0
CP00541,5,5,69003.15,1,0
CP00542,5,5,38135.51,1,0
CP00543,3,3,52467.369999999995,1,0
CP00544,3,3,43732.63,0,0
CP00545,3,3,23525.059999999998,1,0
CP00546,5,5,56464.19,2,1
CP00547,4,4,16274.44,2,0
CP00548,3,3,5856.68,0,0
CP00549,5,5,82305.01000000001,1,0
CP00550,3,3,34353.520000000004,2,0
CP00551,5,5,37548.14,2,1
CP00552,5,5,41709.36,1,0
CP00553,5,5,114410.90000000001,1,0
CP00554,6,6,38670.35,2,1
CP00555,9,9,95440.19,5,1
CP00556,5,5,63225.03,1,0
CP00557,4,4,38086.22,2,0
CP00558,3,3,10018.38,2,0
CP00559,2,2,9753.369999999999,1,0
CP00560,8,8,157311.81,2,1
CP00561,5,5,71932.21,0,0
CP00562,6,6,47186.81,1,0
CP00563,5,5,31199.36,2,1
CP00564,6,6,46300.1,2,1
CP00565,4,4,36884.66,0,0
CP00566,5,5,87594.05,1,0
CP00567,3,3,22182.17,0,0
CP00568,4,4,50845.84,2,0
CP00569,6,6,54266.81,1,0
CP00570,6,6,50652.55,1,0
CP00571,3,3,50580.06,1,0
CP00572,7,7,66761.37,1,0
CP00573,3,3,70943.16,2,0
CP00574,3,3,30036.32,2,0
CP00575,4,4,68700.74,3,0
CP00576,3,3,15075.689999999999,2,0
CP00577,5,5,94548.19,2,1
CP00578,5,5,44687.93,4,1
CP00579,4,4,30594.24,1,0
CP00580,6,6,51268.78,1,0
CP00581,8,8,99365.31,4,1
CP00582,2,2,10650.25,1,0
CP00583,4,4,29395.329999999998,2,0
CP00584,6,6,234032.5,3,1
CP00585,7,7,96566.61,1,0
CP00586,5,5,91437.52,3,1
CP00587,3,3,26712.199999999997,1,0
CP00588,2,2,18481.96,0,0
CP00589,4,4,31136.35,1,0
CP00590,2,2,3442.6299999999997,0,0
CP00591,4,4,35064.35,2,0
CP00592,6,6,55977.47,2,1
CP00593,1,1,1588.68,0,0
CP00594,4,4,15990.23,1,0
CP00595,5,5,46332.02,3,1
CP00596,1,1,10286.27,0,0
CP00597,7,7,61583.43,3,1
CP00598,7,7,90687.39,2,1
CP00599,3,3,31799.17,2,0
CP00600,4,4,35758.51,1,0
CP00601,3,3,90237.99,3,0
CP00602,3,3,17735.190000000002,1,0
CP00603,5,5,81300.56,2,1
CP00604,7,8,126573.81,4,1
CP00605,7,7,124245.27,4,1
CP00606,2,2,15939.11,1,0
CP00607,9,9,91432.5,2,1
CP00608,3,3,22874.62,1,0
CP00609,6,6,172519.63,3,1
CP00610,1,1,6411.45,1,0
CP00611,4,4,12105.49,1,0
CP00612,6,6,52515.119999999995,1,0
CP00613,4,4,51178.79,2,0
CP00614,7,7,144993.73,3,1
CP00615,2,2,15152.73,0,0
CP00616,7,7,96339.56,3,1
CP00617,8,8,84740.2,3,1
CP00618,8,8,166870.46000000002,4,1
CP00619,3,3,46365.25,2,0
CP00620,2,2,52165.83,0,0
CP00621,5,5,57330.37,2,1
CP00622,4,4,50802.15,3,0
CP00623,3,3,20166.54,1,0
CP00624,7,7,67349.98999999999,2,1
CP00625,3,3,16753.91,1,0
CP00626,7,7,198258.71,2,1
CP00627,3,3,24114.420000000002,2,0
CP00628,6,6,34019.81,1,0
CP00629,4,4,14229.880000000001,1,0
CP00630,9,9,90266.12,6,1
CP00631,3,3,31431.05,2,0
CP00632,11,11,82855.41,6,1
CP00633,4,4,17112.9,1,0
CP00634,5,5,71449.9,3,1
CP00635,8,8,73027.2,4,1
CP00636,4,4,35597.729999999996,2,0
CP00637,9,9,133279.25,4,1
CP00638,6,6,22577.46,2,1
CP00639,9,9,127106.22,3,1
CP00640,3,3,28870.29,0,0
CP00641,2,2,8252.08,1,0
CP00642,3,3,49272.3,1,0
CP00643,8,8,71001.97,3,1
CP00644,5,5,311593.56,3,1
CP00645,1,1,868.87,1,0
CP00646,7,8,89014.35,0,0
CP00647,7,7,50667.89,4,1
CP00648,5,5,56839.99,3,1
CP00649,6,6,41872.74,1,0
CP00650,5,5,105088.67,1,0
CP00651,4,4,41303.57,4,0
CP00653,4,4,9846.88,2,0
CP00654,2,2,16033.939999999999,0,0
CP00655,9,9,47621.86,5,1
CP00656,11,11,63383.93,6,1
CP00657,1,1,980.96,0,0
CP00658,2,2,13181.2,2,0
CP00659,3,3,24745.22,1,0
CP00660,4,4,98102.85,2,0
CP00661,6,6,53655.770000000004,5,1
CP00662,6,6,86290.1,4,1
CP00663,8,8,186431.86000000002,6,1
CP00664,9,9,80884.26,3,1
CP00665,6,6,89271.99,3,1
CP00666,3,3,10205.34,0,0
CP00667,10,10,78678.03,5,1
CP00668,4,4,35366.6,2,0
CP00669,9,9,69906.85,5,1
CP00670,4,4,56632.66,1,0
CP00671,5,5,32119.89,2,1
CP00672,3,3,30962.9,0,0
CP00673,8,8,66693.04,2,1
CP00674,4,4,15304.18,3,0
CP00675,3,3,60619.240000000005,1,0
CP00676,5,5,33191.22,2,1
CP00677,8,8,81525.99,3,1
CP00678,4,4,36515.36,2,0
CP00679,7,7,119326.09,4,1
CP00681,3,3,13316.99,1,0
CP00682,7,7,68687.82,4,1
CP00683,6,6,44139.25,3,1
CP00684,6,6,25607.940000000002,2,1
CP00685,3,3,87404.09,3,0
CP00686,4,4,31199.09,1,0
CP00687,3,3,21317.93,2,0
CP00688,3,3,20000.129999999997,0,0
CP00689,4,4,9300.64,3,0
CP00690,3,3,10467.83,0,0
CP00691,5,5,26508.02,0,0
CP00692,1,1,3975.67,0,0
CP00693,5,5,59928.41,2,1
CP00694,5,5,46102.95,1,0
CP00695,2,2,11585.72,0,0
CP00696,4,4,52510.270000000004,2,0
CP00697,6,6,66305.68,4,1
CP00698,4,4,136602.48,0,0
CP00699,1,1,7508.11,1,0
CP00700,5,5,29676.08,2,1
CP00701,7,7,84534.22,1,0
CP00702,5,5,74734.95999999999,1,0
CP00703,6,6,58526.64,4,1
CP00704,4,4,83755.13,1,0
CP00705,6,6,30032.66,2,1
CP00706,3,3,86139.78,1,0
CP00707,5,5,38937.5,2,1
CP00708,5,5,46258.56,2,1
CP00709,7,7,162377.91,2,1
CP00710,2,2,19380.16,0,0
CP00711,4,4,57843.99,2,0
CP00712,7,7,37277.83,2,1
CP00713,6,6,65679.62,2,1
CP00714,4,4,54113.5,2,0
CP00715,4,4,32883.97,4,0
CP00716,6,6,40495.11,2,1
CP00717,6,6,69869.18,2,1
CP00718,5,5,41646.59,3,1
CP00719,4,4,27324.75,3,0
CP00720,9,9,34332.95,6,1
CP00721,3,3,44097.020000000004,0,0
CP00722,5,5,68089.75,3,1
CP00723,1,1,11661.12,0,0
CP00724,3,3,56992.31,1,0
CP00725,5,5,68647.72,1,0
CP00726,3,3,18450.36,2,0
CP00727,6,6,24865.7,5,1
CP00728,2,2,5070.67,1,0
CP00729,3,3,59500.74,0,0
CP00730,8,8,165856.59,2,1
CP00731,8,8,221971.47,3,1
CP00732,3,3,50367.26,1,0
CP00733,7,7,47694.13,3,1
CP00734,10,10,75418.01,5,1
CP00735,6,6,69981.19,3,1
CP00736,6,6,111049.6,3,1
CP00737,6,6,29581.0,1,0
CP00738,3,3,67237.61,3,0
CP00739,5,5,54467.6,3,1
CP00740,2,2,35244.58,1,0
CP00741,7,7,77279.48,2,1
CP00742,10,10,93831.82,6,1
CP00743,2,2,24946.489999999998,1,0
CP00744,8,8,114773.62999999999,2,1
CP00745,9,9,92704.17,0,0
CP00746,7,7,107895.70999999999,3,1
CP00747,3,3,29131.030000000002,0,0
CP00748,6,6,29936.66,2,1
CP00749,6,6,111353.27,4,1
CP00750,5,5,46560.49,2,1
CP00751,5,5,72951.68,4,1
CP00752,8,8,41327.270000000004,2,1
CP00753,4,4,38395.82,3,0
CP00754,3,3,28856.09,1,0
CP00755,6,6,94349.66,1,0
CP00756,2,2,41897.58,1,0
CP00757,8,8,98787.43,4,1
CP00758,3,3,13600.52,3,0
CP00759,3,3,13331.029999999999,1,0
CP00760,2,2,47290.200000000004,0,0
CP00761,2,2,22619.8,1,0
CP00762,3,3,14963.61,1,0
CP00763,4,4,28301.94,2,0
CP00764,8,8,46351.9,2,1
CP00765,6,6,29021.18,3,1
CP00766,5,5,41131.16,4,1
CP00767,8,8,103883.59,0,0
CP00768,3,3,83130.3,0,0
CP00769,5,5,59488.14,3,1
CP00770,8,8,67431.61,5,1
CP00771,3,3,22782.449999999997,1,0
CP00772,6,6,186451.68,2,1
CP00773,5,5,74072.44,2,1
CP00774,2,2,13914.019999999999,1,0
CP00775,5,5,47758.93,2,1
CP00776,1,1,1129.57,1,0
CP00777,2,2,26255.99,0,0
CP00778,2,2,15036.210000000001,1,0
CP00779,6,6,42595.46,3,1
CP00780,11,11,212125.00000000003,2,1
CP00781,7,7,101109.26,4,1
CP00782,6,6,26583.82,2,1
CP00783,4,4,46353.65,2,0
CP00784,1,1,14552.06,0,0
CP00785,4,4,34385.75,2,0
CP00786,7,7,55925.95,3,1
CP00787,4,4,76618.9,3,0
CP00788,6,6,109163.44,3,1
CP00789,3,3,15172.63,0,0
CP00790,2,2,21042.48,2,0
CP00791,4,4,17212.23,1,0
CP00792,7,7,77343.12,3,1
CP00793,2,2,12285.83,0,0
CP00794,6,6,107122.76999999999,3,1
CP00795,5,5,96716.77,3,1
CP00796,4,4,28309.190000000002,0,0
CP00797,6,6,72812.94,3,1
CP00798,4,4,30108.059999999998,1,0
CP00799,7,7,79261.56,4,1
CP00800,1,1,12982.25,0,0
CP00801,2,2,4690.86,1,0
CP00802,6,6,82306.44,3,1
CP00803,3,3,182572.82,1,0
CP00804,5,5,78246.63,2,1
CP00805,6,6,19700.77,3,1
CP00806,5,5,43133.38,1,0
CP00807,3,3,35174.11,0,0
CP00808,3,3,61005.509999999995,1,0
CP00809,7,7,41081.28,1,0
CP00810,4,4,55362.2,2,0
CP00811,8,8,97833.14,2,1
CP00812,3,3,18997.67,0,0
CP00813,4,4,56654.28,1,0
CP00814,2,2,9040.2,0,0
CP00815,3,3,37897.97,0,0
CP00816,8,8,84485.28,4,1
CP00817,4,4,16842.3,1,0
CP00818,5,5,49367.509999999995,2,1
CP00819,7,7,110273.06,3,1
CP00820,6,6,55971.16,4,1
CP00821,3,3,42116.39,0,0
CP00822,1,1,2908.83,1,0
CP00823,3,3,27747.920000000002,0,0
CP00824,8,8,220243.51,3,1
CP00825,9,9,89775.39,4,1
CP00826,6,6,85059.62,3,1
CP00827,2,2,37050.7,0,0
CP00828,4,4,32101.32,1,0
CP00829,1,1,3337.84,0,0
CP00830,10,10,173179.46,7,1
CP00831,4,4,107327.81,2,0
CP00832,5,5,20912.67,0,0
CP00833,8,9,105062.06999999999,6,1
CP00834,6,6,71068.2,2,1
CP00835,2,2,6476.07,1,0
CP00836,8,8,42239.54,0,0
CP00837,4,4,44876.33,3,0
CP00838,2,2,9158.73,1,0
CP00839,4,4,84435.26,1,0
CP00840,7,7,48880.17,1,0
CP00841,3,3,35160.38,1,0
CP00842,8,8,82764.31,3,1
CP00843,6,6,64266.89,3,1
CP00844,2,2,6761.4,0,0
CP00845,3,3,33400.09,1,0
CP00846,5,5,72477.7,3,1
CP00847,7,7,81609.74,2,1
CP00848,4,4,30409.61,2,0
CP00849,2,2,18943.66,1,0
CP00850,5,5,33658.93,3,1
CP00851,6,6,75039.45999999999,3,1
CP00852,7,7,104580.24,3,1
CP00853,5,5,54156.54,2,1
CP00854,5,5,25700.71,2,1
CP00855,1,1,56741.46,0,0
CP00856,2,2,8209.22,1,0
CP00857,1,1,3091.94,1,0
CP00858,3,3,29416.689999999995,2,0
CP00859,4,4,24562.079999999998,2,0
CP00860,2,2,9766.89,1,0
CP00861,3,3,23540.41,3,0
CP00862,6,6,110652.5,3,1
CP00863,5,5,89352.54999999999,2,1
CP00864,1,1,4481.61,1,0
CP00865,5,5,70452.59,2,1
CP00866,10,10,46779.17,5,1
CP00867,4,4,248051.42,2,0
CP00868,3,3,102461.15999999999,2,0
CP00869,5,5,49599.73,1,0
CP00870,6,6,37707.89,4,1
CP00871,5,5,164269.27000000002,2,1
CP00872,4,4,21296.61,1,0
CP00873,1,1,5468.47,0,0
CP00874,3,3,17834.09,1,0
CP00875,4,4,53319.72,1,0
CP00876,5,5,13365.0,3,1
CP00877,8,8,26275.809999999998,3,1
CP00878,2,2,28093.74,2,0
CP00879,3,3,30843.89,1,0
CP00880,11,11,118044.13,6,1
CP00881,6,6,101815.7,2,1
CP00882,3,3,140863.62,1,0
CP00883,2,2,10503.77,1,0
CP00884,2,2,13514.689999999999,2,0
CP00885,3,3,34759.3,1,0
CP00886,5,5,84308.46,1,0
CP00887,6,6,34930.59,3,1
CP00888,8,8,88471.6,3,1
CP00889,4,4,43593.03,1,0
CP00890,2,2,26272.829999999998,1,0
CP00891,7,7,89907.53,2,1
CP00892,9,9,81488.03,4,1
CP00893,3,3,16352.439999999999,1,0
CP00894,6,6,60365.82,3,1
CP00895,4,4,18461.22,0,0
CP00896,7,7,46597.69,2,1
CP00897,4,4,26890.11,3,0
CP00898,8,8,30359.449999999997,2,1
CP00899,3,3,14125.76,1,0
CP00900,5,5,35757.55,1,0
CP00901,5,5,62914.12,3,1
CP00902,4,4,31164.43,2,0
CP00903,7,7,41361.06,4,1
CP00904,5,5,127321.64,2,1
CP00905,3,3,7791.05,0,0
CP00906,9,9,56357.07,7,1
CP00907,2,2,41379.369999999995,1,0
CP00908,5,5,92451.33,2,1
CP00909,8,8,75563.12999999999,1,0
CP00910,2,2,43239.729999999996,1,0
CP00911,3,3,24910.989999999998,2,0
CP00912,8,8,79035.01,1,0
CP00913,11,11,78045.26,4,1
CP00914,6,6,84925.29,1,0
CP00915,6,6,104075.25,5,1
CP00916,3,3,43707.57,2,0
CP00917,1,1,30039.6,0,0
CP00918,5,5,42221.33,4,1
CP00919,4,4,97440.04000000001,2,0
CP00920,4,4,36009.4,2,0
CP00921,1,1,4956.84,0,0
CP00922,5,5,16363.220000000001,3,1
CP00923,7,7,56917.72,1,0
CP00924,9,9,132242.03999999998,6,1
CP00925,8,8,58636.94,5,1
CP00926,3,3,50448.42,0,0
CP00927,7,7,65762.33,1,0
CP00928,4,4,42342.49,2,0
CP00929,1,1,40739.57,1,0
CP00930,8,8,79962.23999999999,5,1
CP00931,7,8,124297.12,4,1
CP00932,4,4,32163.05,2,0
CP00933,8,8,79716.43,4,1
CP00934,3,3,13661.71,1,0
CP00935,4,4,28419.47,3,0
CP00936,5,5,107048.3,2,1
CP00937,7,7,68358.4,4,1
CP00938,3,3,23728.56,2,0
CP00939,6,6,69504.81,1,0
CP00940,4,4,44349.65,2,0
CP00941,7,7,131214.63,3,1
CP00942,3,3,28815.88,0,0
CP00944,6,6,35107.24,1,0
CP00945,3,3,15002.95,1,0
CP00946,5,5,53972.6,3,1
CP00947,2,2,51569.600000000006,1,0
CP00948,6,6,52032.17,3,1
CP00949,6,6,58576.81,4,1
CP00950,5,5,56413.93,1,0
CP00951,7,7,54189.86,2,1
CP00952,3,3,17448.09,2,0
CP00953,2,2,24367.170000000002,1,0
CP00954,4,4,46464.35,2,0
CP00955,8,8,127051.59999999999,3,1
CP00956,5,5,45426.69,3,1
CP00957,5,5,36725.13,0,0
CP00958,2,2,20016.02,1,0
CP00959,5,5,64140.2,2,1
CP00960,1,1,2460.89,0,0
CP00961,7,7,50422.35,5,1
CP00962,9,9,69315.05,4,1
CP00963,3,3,5720.51,1,0
CP00964,4,4,58372.700000000004,2,0
CP00965,7,7,92058.89,5,1
CP00966,6,6,92551.36,2,1
CP00967,5,5,90681.51000000001,1,0
CP00968,6,6,61312.71,2,1
CP00969,3,3,50258.37,1,0
CP00970,6,6,90756.17,4,1
CP00971,5,5,39918.92,2,1
CP00972,9,9,127101.51000000001,4,1
CP00973,3,3,20317.0,2,0
CP00974,1,1,4260.3,1,0
CP00975,7,7,43395.979999999996,6,1
CP00976,6,6,79926.6,5,1
CP00977,4,4,57546.520000000004,1,0
CP00978,6,6,148777.11,2,1
CP00979,3,3,67770.39,2,0
CP00980,4,4,72333.94,1,0
CP00981,6,6,121735.87000000001,5,1
CP00982,4,4,78948.0,4,0
CP00983,4,4,31329.600000000002,2,0
CP00984,5,5,52035.03,1,0
CP00985,4,4,67664.21,3,0
CP00986,2,2,5408.65,0,0
CP00987,6,6,31286.64,0,0
CP00988,6,6,47795.17,3,1
CP00989,5,5,14654.31,1,0
CP00990,6,6,105956.62999999999,3,1
CP00991,7,7,93785.54,3,1
CP00992,10,10,132315.23,3,1
CP00993,3,3,18640.52,2,0
CP00994,8,8,126666.57,1,0
CP00995,5,5,21418.02,2,1
CP00996,9,9,63032.100000000006,6,1
CP00997,3,3,56665.79,2,0
CP00998,6,6,102140.38,1,0
CP00999,5,5,130997.13,3,1
CP01000,4,4,111585.46,0,0
CP01001,4,4,39482.53,2,0
CP01002,5,5,61390.21,2,1
CP01003,7,7,63946.52,4,1
CP01004,5,5,58493.21,2,1
CP01005,4,4,142672.69,1,0
CP01006,6,6,60500.020000000004,2,1
CP01007,3,3,42768.16,1,0
CP01008,3,3,17660.370000000003,2,0
CP01009,3,3,17385.44,2,0
CP01010,6,6,54678.52,3,1
CP01011,4,4,20447.11,0,0
CP01012,3,3,61026.12,2,0
CP01013,7,7,44056.14,4,1
CP01014,3,3,16289.890000000001,1,0
CP01015,7,7,59007.9,2,1
CP01016,7,7,98420.43000000001,4,1
CP01017,1,1,7169.18,0,0
CP01018,5,5,53958.21,4,1
CP01019,6,6,84228.67,2,1
CP01020,3,3,127144.68,1,0
CP01021,4,4,33846.520000000004,2,0
CP01022,3,3,33020.5,2,0
CP01023,3,3,22365.22,2,0
CP01024,5,5,41414.36,1,0
CP01025,5,5,38505.299999999996,1,0
CP01026,5,5,22681.260000000002,3,1
CP01027,4,4,53732.97,0,0
CP01028,6,6,55879.25,2,1
CP01029,2,2,34249.47,0,0
CP01030,5,5,33766.03,1,0
CP01031,3,3,44474.81,1,0
CP01032,6,6,42763.18,3,1
CP01033,7,7,46706.72,4,1
CP01034,4,4,24164.3,0,0
CP01035,8,8,112611.18,2,1
CP01036,3,3,48179.54,3,0
CP01037,4,4,52579.42,1,0
CP01038,5,5,29913.48,2,1
CP01039,7,7,191366.90000000002,1,0
CP01040,5,5,93451.75,3,1
CP01041,9,9,48821.75,1,0
CP01042,7,7,64246.4,3,1
CP01043,3,3,27908.82,1,0
CP01044,4,4,8354.16,1,0
CP01045,2,2,8628.77,0,0
CP01046,7,7,126449.67000000001,3,1
CP01047,3,3,11396.7,1,0
CP01048,5,5,40804.09,3,1
CP01049,6,7,61146.549999999996,1,0
CP01050,6,6,79589.24,2,1
CP01051,5,5,27336.46,1,0
CP01052,4,4,40871.01,1,0
CP01053,2,2,53586.87,0,0
CP01054,1,1,10903.78,0,0
CP01055,4,4,84489.78,0,0
CP01056,2,2,18381.25,0,0
CP01057,4,4,92818.62,1,0
CP01058,5,5,158576.24999999997,1,0
CP01059,3,3,81483.18,2,0
CP01060,8,8,93556.31,3,1
CP01061,3,3,29281.52,1,0
CP01062,6,6,59262.979999999996,4,1
CP01063,6,6,34742.98,4,1
CP01064,4,4,36647.520000000004,2,0
CP01065,3,3,9707.29,3,0
CP01066,8,8,53734.64,3,1
CP01067,6,6,48680.46,3,1
CP01068,2,2,6706.76,0,0
CP01069,7,7,67246.09,3,1
CP01070,5,5,31979.1,3,1
CP01071,6,6,60112.33,3,1
CP01072,4,4,19378.11,4,0
CP01073,3,3,26686.66,0,0
CP01074,4,4,44665.94,0,0
CP01075,5,5,34501.32,3,1
CP01076,4,4,34946.92,2,0
CP01077,5,5,22272.71,3,1
CP01078,6,6,134372.01,1,0
CP01079,5,5,29767.489999999998,1,0
CP01080,6,6,109341.8,2,1
CP01081,2,2,21196.49,0,0
CP01082,6,6,69944.69,2,1
CP01083,3,3,31951.55,1,0
CP01084,2,2,18880.21,2,0
CP01085,7,7,134725.73,3,1
CP01086,5,5,148331.5,1,0
CP01087,4,4,61994.38,0,0
CP01088,4,4,22615.44,2,0
CP01089,6,6,136241.56,2,1
CP01090,6,6,70877.34,4,1
CP01091,4,4,20411.21,1,0
CP01092,3,3,24450.75,0,0
CP01093,5,5,41381.62,0,0
CP01094,5,5,37298.03,1,0
CP01095,2,2,23059.120000000003,1,0
CP01096,1,1,12209.99,1,0
CP01097,6,6,78221.66,4,1
CP01098,1,1,24866.66,0,0
CP01099,4,4,77992.39,1,0
CP01100,6,6,37092.53,2,1
CP01101,10,10,106154.56999999999,6,1
CP01102,4,4,28539.45,3,0
CP01103,2,2,16814.75,1,0
CP01104,8,8,85477.19,4,1
CP01105,1,1,5600.68,1,0
CP01106,7,7,95681.79,3,1
CP01107,5,5,39347.86,1,0
CP01108,2,2,8033.360000000001,1,0
CP01109,3,3,26625.379999999997,3,0
CP01110,5,5,78413.98,3,1
CP01111,7,7,219224.47999999998,4,1
CP01112,3,3,18958.92,2,0
CP01113,1,1,9307.21,1,0
CP01114,3,3,33545.23,1,0
CP01115,5,5,61173.780000000006,2,1
CP01116,5,5,16181.46,2,1
CP01117,6,6,33402.21,3,1
CP01118,5,5,21521.27,2,1
CP01119,4,4,97445.08,2,0
CP01120,1,1,3628.72,0,0
CP01121,3,3,17053.59,2,0
CP01122,7,7,97088.12,2,1
CP01123,5,5,208976.72,0,0
CP01124,5,5,71119.75,1,0
CP01125,9,9,72729.45,5,1
CP01126,5,5,42597.89,3,1
CP01127,6,6,33902.89,2,1
CP01128,7,7,65520.85,5,1
CP01129,3,3,44002.08,1,0
CP01130,7,8,135048.43,4,1
CP01131,6,6,59393.49,3,1
CP01132,4,4,40263.21,1,0
CP01133,1,1,317.35,0,0
CP01134,7,7,50664.6,3,1
CP01135,4,4,38533.44,2,0
CP01136,6,6,61460.46,2,1
CP01137,7,7,73113.76000000001,4,1
CP01138,6,6,29567.96,4,1
CP01139,5,5,79064.08,5,1
CP01140,5,5,79259.55,2,1
CP01141,6,6,23981.9,1,0
CP01142,8,8,110797.65,2,1
CP01143,2,2,15959.86,1,0
CP01144,4,4,39615.6,2,0
CP01145,5,5,11606.48,2,1
CP01146,3,3,22468.690000000002,1,0
CP01147,4,4,34000.86,1,0
CP01148,4,4,31431.260000000002,1,0
CP01149,2,2,23735.58,0,0
CP01150,3,3,46098.21,1,0
CP01151,2,2,4154.59,1,0
CP01152,2,2,10763.23,1,0
CP01153,6,6,36477.520000000004,4,1
CP01154,7,7,77296.93999999999,1,0
CP01155,4,4,32105.99,4,0
CP01156,4,4,35936.23,1,0
CP01157,6,6,62125.47,3,1
CP01158,2,2,27627.92,0,0
CP01159,5,5,17569.600000000002,3,1
CP01160,6,6,36396.63,0,0
CP01161,8,8,83947.98000000001,4,1
CP01162,5,5,32567.11,4,1
CP01163,5,5,40986.36,4,1
CP01164,3,3,25346.739999999998,3,0
CP01165,4,4,49599.76,3,0
CP01166,4,4,40017.86,2,0
CP01167,4,4,30568.23,3,0
CP01168,1,1,16678.54,0,0
CP01169,4,4,46086.96,0,0
CP01170,4,4,57227.74,4,0
CP01171,5,5,66617.06,1,0
CP01172,3,3,26806.519999999997,3,0
CP01173,4,4,31176.25,1,0
CP01175,4,4,121673.20999999999,1,0
CP01176,9,9,89479.95,4,1
CP01177,4,4,16786.079999999998,2,0
CP01178,7,7,74869.49,3,1
CP01179,4,4,37558.63,3,0
CP01180,3,3,30257.690000000002,2,0
CP01181,2,2,4997.8,0,0
CP01182,5,5,71391.47,1,0
CP01183,2,2,14408.65,0,0
CP01184,5,5,98986.14,1,0
CP01185,6,6,61885.909999999996,3,1
CP01186,10,10,96328.69,4,1
CP01187,4,4,58127.44,1,0
CP01188,2,2,7692.21,2,0
CP01189,5,5,80544.73,1,0
CP01190,2,2,12858.9,0,0
CP01191,2,2,7256.68,0,0
CP01192,7,7,42696.93,3,1
CP01193,9,9,103061.78,3,1
CP01194,4,4,27166.620000000003,4,0
CP01195,7,7,46082.19,4,1
CP01196,4,4,21160.47,1,0
CP01197,2,2,16753.1,1,0
CP01198,4,4,49653.979999999996,0,0
CP01199,1,1,5707.29,0,0
CP01200,5,5,20920.37,2,1
CP01201,5,5,44011.479999999996,2,1
CP01202,5,5,46795.86,2,1
CP01203,7,7,36269.32,1,0
CP01204,6,6,64617.57,2,1
CP01205,3,3,20994.09,0,0
CP01206,6,6,40484.96,4,1
CP01207,5,5,36990.45,2,1
CP01208,3,3,14450.099999999999,2,0
CP01209,3,3,12809.07,0,0
CP01210,2,2,22624.86,0,0
CP01211,6,6,96819.11,2,1
CP01212,5,5,118104.44,2,1
CP01213,6,6,108220.72,4,1
CP01214,3,3,66774.81,1,0
CP01215,5,5,83607.94,3,1
CP01217,2,2,25710.77,1,0
CP01218,2,2,3870.48,0,0
CP01219,7,7,64130.13,4,1
CP01220,7,7,64806.79,2,1
CP01221,1,1,4003.39,1,0
CP01222,5,5,47574.7,1,0
CP01223,4,4,48230.119999999995,1,0
CP01224,4,4,57826.770000000004,3,0
CP01225,8,8,80955.55,5,1
CP01226,3,3,23359.93,1,0
CP01227,5,5,42473.51,3,1
CP01228,2,2,19656.7,0,0
CP01229,5,5,122611.95,2,1
CP01230,5,5,50883.020000000004,3,1
CP01231,3,3,28559.83,2,0
CP01232,11,11,265112.75,3,1
CP01233,3,3,13354.740000000002,0,0
CP01234,5,5,28590.83,1,0
CP01235,4,4,42339.43,1,0
CP01236,5,5,57946.350000000006,3,1
CP01237,3,3,11428.64,3,0
CP01238,3,3,90396.09999999999,1,0
CP01239,5,5,80187.51,1,0
CP01240,2,2,45654.8,0,0
CP01241,7,7,62751.33,3,1
CP01242,8,8,67600.53,3,1
CP01243,2,2,38080.51,1,0
CP01244,1,1,7810.12,0,0
CP01245,1,1,2847.77,1,0
CP01246,11,11,67788.8,4,1
CP01247,4,4,31110.550000000003,4,0
CP01248,7,7,93583.09,3,1
CP01249,3,3,61502.05,0,0
CP01250,6,6,14530.17,3,1
CP01251,7,7,62226.54,1,0
CP01252,3,3,18305.53,1,0
CP01253,4,4,19910.69,3,0
CP01254,4,4,23732.44,1,0
CP01255,4,4,38911.979999999996,1,0
CP01256,6,6,33579.84,2,1
CP01257,7,7,54289.119999999995,5,1
CP01258,4,4,18076.69,1,0
CP01259,9,9,131963.87,3,1
CP01260,5,5,71879.18,3,1
CP01261,9,9,340521.45,3,1
CP01262,2,2,9281.11,1,0
CP01263,5,5,33944.51,2,1
CP01264,5,5,34323.51,1,0
CP01265,5,5,21950.31,1,0
CP01266,5,5,39602.07,4,1
CP01267,8,8,56033.149999999994,3,1
CP01268,5,5,42796.26,3,1
CP01269,4,4,83630.36,4,0
CP01270,3,3,24853.13,2,0
CP01271,4,4,50626.71,2,0
CP01272,8,8,70883.81,3,1
CP01273,1,1,5204.53,0,0
CP01274,4,4,31875.23,3,0
CP01275,5,5,56388.0,2,1
CP01276,9,9,41617.82,3,1
CP01277,5,5,18060.56,2,1
CP01278,6,6,58468.56,4,1
CP01279,7,7,114028.5,2,1
CP01280,3,3,33740.79,0,0
CP01281,4,4,38611.97,1,0
CP01282,3,3,12220.09,1,0
CP01283,6,6,316349.92,4,1
CP01284,3,3,10388.93,1,0
CP01285,8,8,81178.46,5,1
CP01286,5,5,91851.39,1,0
CP01287,4,4,75044.52,0,0
CP01288,3,3,24908.67,1,0
CP01289,4,4,45456.61,0,0
CP01290,4,4,21975.239999999998,4,0
CP01291,2,2,22257.03,1,0
CP01292,7,7,58590.25,3,1
CP01293,6,6,47942.880000000005,3,1
CP01294,1,1,16724.45,1,0
CP01295,5,5,46004.770000000004,4,1
CP01296,4,4,62294.259999999995,1,0
CP01297,7,7,40388.56,4,1
CP01298,8,8,157250.66999999998,1,0
CP01299,6,6,120010.0,3,1
CP01300,5,5,90579.45,2,1
CP01301,4,4,11276.99,2,0
CP01302,3,3,13735.59,1,0
CP01303,2,2,11824.08,1,0
CP01304,4,4,36981.76,3,0
CP01305,3,3,77021.54999999999,0,0
CP01306,5,5,22011.05,3,1
CP01307,6,6,60342.28,2,1
CP01308,6,6,61017.21,3,1
CP01309,7,7,27462.51,0,0
CP01310,4,4,18544.02,1,0
CP01311,4,4,57075.64,1,0
CP01312,5,5,95162.17,1,0
CP01313,1,1,14520.82,0,0
CP01314,6,6,108239.26,3,1
CP01315,1,1,13464.24,1,0
CP01316,6,6,125387.81,3,1
CP01317,6,6,33406.29,3,1
CP01318,3,3,70218.75,1,0
CP01319,4,4,56875.81999999999,0,0
CP01320,4,4,41901.240000000005,3,0
CP01321,8,8,69860.94,2,1
CP01322,5,5,58607.72,3,1
CP01323,7,7,33779.35,3,1
CP01324,6,7,25521.54,2,1
CP01325,4,4,44017.64,1,0
CP01326,4,4,54141.42,2,0
CP01327,2,2,22359.030000000002,2,0
CP01328,3,3,4010.87,0,0
CP01329,3,3,10870.029999999999,3,0
CP01330,1,1,11814.68,0,0
CP01331,7,7,65478.24,1,0
CP01332,3,3,22688.239999999998,0,0
CP01333,7,7,35587.29,3,1
CP01334,9,9,41398.37,4,1
CP01335,8,8,102129.79999999999,5,1
CP01337,3,3,42938.11,1,0
CP01339,3,3,9392.59,2,0
CP01340,6,6,38589.42,0,0
CP01341,4,4,26981.17,2,0
CP01342,8,8,103741.29,2,1
CP01343,3,3,4943.13,1,0
CP01344,5,5,47457.43,2,1
CP01345,4,4,16960.78,0,0
CP01346,3,3,14378.32,1,0
CP01347,3,3,11082.48,1,0
CP01348,4,4,19930.07,1,0
CP01349,3,3,39972.5,2,0
CP01350,2,2,15865.45,2,0
CP01351,5,5,61699.71,4,1
CP01352,5,5,57894.299999999996,1,0
CP01353,2,2,51737.240000000005,1,0
CP01354,5,5,47880.99,0,0
CP01355,5,5,96479.1,2,1
CP01356,4,4,21971.879999999997,2,0
CP01357,5,5,55885.11,2,1
CP01358,4,4,40479.56,1,0
CP01359,3,3,106486.56,1,0
CP01360,4,4,35239.67,1,0
CP01361,3,3,73067.53,1,0
CP01362,8,8,79417.27,5,1
CP01363,2,2,14295.699999999999,0,0
CP01364,4,4,42882.07,1,0
CP01365,4,4,48756.56,1,0
CP01366,4,4,74236.36,1,0
CP01367,3,3,27460.239999999998,1,0
CP01368,3,3,23373.350000000002,3,0
CP01369,5,5,69245.51,1,0
CP01370,3,3,28886.770000000004,1,0
CP01371,4,4,97560.38,1,0
CP01372,6,6,57870.54,1,0
CP01373,4,4,51221.479999999996,2,0
CP01374,6,6,49515.96,4,1
CP01375,3,3,67185.89,0,0
CP01376,5,5,110090.56,3,1
CP01377,4,4,30164.059999999998,3,0
CP01378,7,7,93021.59,2,1
CP01379,5,5,48551.86,4,1
CP01380,4,4,24021.65,1,0
CP01381,3,3,6888.27,1,0
CP01382,5,5,14217.25,1,0
CP01383,1,1,2853.96,0,0
CP01384,3,3,14892.54,2,0
CP01385,4,4,54388.8,3,0
CP01386,2,2,20139.54,1,0
CP01387,2,2,36341.43,0,0
CP01388,5,5,21711.760000000002,1,0
CP01389,5,5,35045.32,2,1
CP01390,6,6,116070.10999999999,3,1
CP01391,4,4,30017.91,3,0
CP01392,4,4,19659.800000000003,1,0
CP01393,4,4,24979.28,3,0
CP01394,4,4,72469.72,0,0
CP01395,1,1,6076.96,0,0
CP01396,2,2,23444.55,0,0
CP01397,6,6,156600.12,0,0
CP01398,6,6,66768.37,2,1
CP01399,6,6,48693.03,2,1
CP01400,4,4,37516.630000000005,1,0
CP01401,7,7,69286.31,1,0
CP01402,3,3,17668.84,0,0
CP01403,4,4,31101.34,1,0
CP01404,3,3,41038.22,1,0
CP01405,6,6,81517.22,1,0
CP01406,4,4,25735.88,3,0
CP01407,5,5,121893.99,2,1
CP01408,4,4,34124.84,1,0
CP01409,10,11,98449.68,3,1
CP01410,3,3,7834.639999999999,3,0
CP01411,1,1,26725.45,1,0
CP01412,7,7,233759.24,2,1
CP01413,3,3,29246.260000000002,2,0
CP01414,5,5,27211.33,2,1
CP01415,3,3,35765.87,0,0
CP01416,4,4,22862.69,2,0
CP01417,9,9,218726.58000000002,3,1
CP01418,2,2,8261.14,2,0
CP01419,7,7,86296.06,5,1
CP01420,5,5,87110.9,0,0
CP01421,5,5,69520.10999999999,2,1
CP01422,3,3,22667.95,2,0
CP01423,8,8,48348.49,2,1
CP01424,1,1,28423.6,0,0
CP01425,5,5,35744.03,2,1
CP01426,5,5,98911.38,1,0
CP01427,4,4,45775.15,0,0
CP01428,4,4,54519.6,3,0
CP01429,5,5,26078.63,1,0
CP01430,5,5,36629.54,2,1
CP01431,4,4,14769.62,3,0
CP01432,5,5,83696.37000000001,1,0
CP01433,6,6,34149.55,3,1
CP01434,3,3,15413.14,1,0
CP01435,4,4,68701.69,2,0
CP01436,5,5,92792.23999999999,2,1
CP01437,5,5,27142.79,2,1
CP01438,5,5,35270.56,4,1
CP01439,3,3,5384.01,0,0
CP01440,2,2,28715.6,1,0
CP01441,5,5,61506.88,1,0
CP01442,4,4,12274.44,3,0
CP01443,7,7,37700.659999999996,1,0
CP01444,3,3,8734.09,2,0
CP01445,6,6,77738.26999999999,2,1
CP01446,3,3,18032.27,2,0
CP01447,3,3,11870.310000000001,1,0
CP01448,6,6,141087.11,2,1
CP01449,5,5,55737.48,4,1
CP01450,4,4,26147.489999999998,2,0
CP01451,4,4,74965.0,2,0
CP01452,7,7,47711.7,4,1
CP01453,6,6,60629.44,3,1
CP01454,4,4,27674.91,3,0
CP01455,2,2,17251.32,1,0
CP01456,5,5,20892.239999999998,2,1
CP01457,2,2,16100.67,0,0
CP01458,7,7,39836.58,1,0
CP01459,2,2,16006.119999999999,0,0
CP01460,8,8,82357.73,3,1
CP01461,4,4,61180.96,1,0
CP01462,7,7,56185.79,2,1
CP01463,3,3,23090.16,0,0
CP01464,3,3,26033.46,0,0
CP01465,7,7,132967.36,3,1
CP01466,7,7,94283.08,4,1
CP01467,3,3,26735.23,1,0
CP01468,4,4,83916.66,2,0
CP01469,4,4,73587.54000000001,3,0
CP01470,7,7,56717.65,4,1
CP01471,3,3,46667.6,0,0
CP01472,5,5,12502.54,2,1
CP01473,5,5,52013.85999999999,4,1
CP01474,5,5,35250.55,1,0
CP01475,7,7,44655.02,2,1
CP01476,4,4,40388.520000000004,3,0
CP01477,3,3,79235.04000000001,1,0
CP01478,1,1,10747.01,0,0
CP01479,5,5,36076.630000000005,3,1
CP01480,3,3,20065.16,2,0
CP01481,8,8,44280.369999999995,2,1
CP01482,7,7,47069.009999999995,4,1
CP01483,3,3,18084.800000000003,1,0
CP01484,2,2,32334.45,1,0
CP01485,1,1,4812.51,1,0
CP01486,5,5,68050.09,3,1
CP01487,9,9,98872.78,4,1
CP01488,5,5,32837.21,1,0
CP01489,3,3,18998.67,0,0
CP01490,6,6,63462.24999999999,2,1
CP01491,7,7,158215.99,5,1
CP01492,3,3,57976.71,2,0
CP01493,5,5,41595.33,1,0
CP01494,3,3,24956.32,2,0
CP01495,7,7,89093.84,5,1
CP01496,3,3,48225.58,1,0
CP01497,5,5,41319.82,1,0
CP01498,4,4,57071.57000000001,2,0
CP01499,5,5,77914.95,1,0
CP01500,4,4,16625.18,2,0
CP01501,7,7,63268.03,3,1
CP01502,5,5,41763.83,0,0
CP01503,4,4,37821.71,3,0
CP01504,2,2,27159.920000000002,1,0
CP01505,4,4,61548.07,2,0
CP01506,6,6,60097.32,4,1
CP01507,4,4,26598.620000000003,2,0
CP01508,4,4,44556.67,0,0
CP01509,8,8,87169.95,4,1
CP01510,2,2,25731.29,0,0
CP01511,2,2,45058.08,0,0
CP01512,4,4,45999.11,2,0
CP01513,5,5,59443.24,3,1
CP01514,4,4,42100.61,1,0
CP01515,3,3,13031.130000000001,2,0
CP01516,3,3,61935.53,0,0
CP01517,4,4,26523.64,2,0
CP01518,5,5,30056.859999999997,2,1
CP01519,4,4,14446.619999999999,4,0
CP01520,5,5,31451.07,0,0
CP01521,4,4,29154.11,1,0
CP01522,4,4,34079.1,2,0
CP01523,4,4,36559.92,1,0
CP01524,2,2,13975.380000000001,0,0
CP01525,8,8,46353.11,2,1
CP01526,5,5,49041.45,2,1
CP01527,5,5,72288.75,2,1
CP01528,5,5,73060.44,1,0
CP01529,3,3,14390.31,0,0
CP01530,3,3,59617.93,0,0
CP01531,10,10,138628.76,3,1
CP01532,5,5,72149.47,1,0
CP01533,7,7,32690.93,4,1
CP01534,3,3,45250.509999999995,1,0
CP01535,5,5,202789.62,2,1
CP01536,5,5,60551.62,3,1
CP01537,5,5,26980.440000000002,1,0
CP01538,3,3,11557.68,1,0
CP01539,6,6,33786.85,2,1
CP01540,8,8,50584.57000000001,4,1
CP01541,6,6,54870.979999999996,1,0
CP01542,5,5,24506.7,1,0
CP01543,2,2,2302.14,1,0
CP01544,6,6,32963.84,3,1
CP01545,3,3,44428.52,2,0
CP01546,5,5,49618.880000000005,1,0
CP01547,9,9,99372.25,4,1
CP01548,7,7,81218.8,3,1
CP01549,6,6,40146.99,2,1
CP01550,7,7,127592.13,2,1
CP01551,5,5,95929.77,2,1
CP01552,2,2,5668.55,1,0
CP01553,4,4,67893.79000000001,0,0
CP01554,7,7,47345.869999999995,2,1
CP01555,5,5,38200.619999999995,2,1
CP01556,5,5,58253.729999999996,1,0
CP01557,6,6,141729.16,2,1
CP01558,6,6,85969.01000000001,3,1
CP01559,1,1,13680.34,0,0
CP01560,2,2,18851.17,1,0
CP01561,5,5,50565.28,2,1
CP01562,6,6,74890.95000000001,0,0
CP01563,6,6,57967.85,2,1
CP01564,2,2,17895.44,1,0
CP01565,5,5,50182.94,2,1
CP01566,4,4,537393.55,1,0
CP01567,5,5,55491.3,1,0
CP01568,6,6,80451.88,2,1
CP01569,6,6,173044.58,0,0
CP01570,2,2,14463.460000000001,1,0
CP01571,3,3,33108.630000000005,1,0
CP01572,9,9,126262.79000000001,4,1
CP01573,5,5,52161.53,4,1
CP01574,4,4,26342.82,2,0
CP01575,2,2,6749.14,0,0
CP01576,4,4,20482.760000000002,3,0
CP01577,4,4,36519.26,1,0
CP01578,6,6,30050.83,3,1
CP01579,4,4,84089.39,0,0
CP01580,5,5,59727.8,3,1
CP01581,6,6,61906.079999999994,2,1
CP01582,1,1,8439.53,0,0
CP01583,3,4,19108.99,1,0
CP01584,10,10,216583.0,5,1
CP01585,5,5,121850.56999999999,1,0
CP01586,4,4,51962.240000000005,2,0
CP01587,6,6,64252.55,2,1
CP01588,7,7,110941.75,4,1
CP01589,7,7,50667.67,1,0
CP01590,4,4,71161.85,2,0
CP01591,3,3,24908.68,3,0
CP01592,4,4,18291.739999999998,3,0
CP01593,4,4,8287.16,1,0
CP01594,3,3,72416.39,0,0
CP01595,4,4,68753.86,1,0
CP01596,4,4,49194.06,2,0
CP01597,2,2,14549.91,1,0
CP01598,5,5,156029.34999999998,3,1
CP01599,2,2,31261.91,0,0
CP01600,5,5,84491.44,0,0
CP01601,5,5,112047.95,2,1
CP01602,9,9,163105.45,3,1
CP01603,4,4,81230.89,2,0
CP01604,3,3,20579.38,2,0
CP01605,6,6,41461.490000000005,2,1
CP01606,4,4,21666.95,1,0
CP01607,3,3,29869.97,1,0
CP01608,4,4,18814.0,2,0
CP01609,1,1,5852.5,0,0
CP01610,10,10,159820.94999999998,5,1
CP01611,5,5,93127.69,3,1
CP01612,6,6,32679.54,3,1
CP01613,5,5,23763.82,2,1
CP01614,2,2,59495.16,1,0
CP01615,5,5,24773.25,1,0
CP01616,7,7,87149.54,4,1
CP01617,4,4,76800.66,2,0
CP01618,3,3,62952.729999999996,1,0
CP01619,3,3,28533.41,2,0
CP01620,5,5,63247.97,0,0
CP01621,6,6,96134.73,1,0
CP01622,9,9,57653.69,5,1
CP01623,4,4,38285.08,3,0
CP01624,4,4,97546.59000000001,2,0
CP01625,4,4,12243.699999999999,1,0
CP01626,2,2,12203.289999999999,1,0
CP01627,3,3,45134.130000000005,1,0
CP01628,4,4,32262.67,3,0
CP01629,4,4,23765.33,1,0
CP01630,7,7,57485.15,2,1
CP01631,5,5,62413.41,1,0
CP01632,3,3,31593.6,2,0
CP01633,4,4,29121.66,2,0
CP01634,3,3,20346.75,1,0
CP01635,4,4,29288.239999999998,1,0
CP01636,6,6,70804.86,2,1
CP01637,4,4,28890.91,0,0
CP01638,2,2,14519.26,2,0
CP01639,4,4,79419.6,1,0
CP01640,1,1,3343.46,1,0
CP01641,7,7,38832.22,1,0
CP01642,3,3,24819.64,1,0
CP01643,2,2,41210.17,0,0
CP01644,3,3,16659.0,2,0
CP01646,4,4,15955.58,1,0
CP01647,3,3,31429.879999999997,2,0
CP01648,5,5,43925.74,2,1
CP01649,3,3,33890.94,0,0
CP01650,5,5,24976.010000000002,1,0
CP01651,3,3,93301.43,1,0
CP01652,8,8,80930.34,2,1
CP01653,5,5,42585.03,2,1
CP01654,9,9,59831.87,7,1
CP01655,2,2,7618.77,1,0
CP01656,4,4,32248.9,1,0
CP01657,4,4,27359.769999999997,1,0
CP01658,4,4,17264.2,2,0
CP01659,2,2,8397.03,0,0
CP01660,1,1,8216.39,1,0
CP01661,9,9,197451.32,4,1
CP01662,4,4,71869.23,2,0
CP01663,6,6,52339.86,3,1
CP01664,8,8,65444.61000000001,6,1
CP01665,5,5,18432.78,2,1
CP01666,3,3,25372.37,1,0
CP01667,7,8,127228.43000000001,4,1
CP01668,4,4,59135.91,2,0
CP01669,6,6,69302.4,3,1
CP01670,4,4,18205.17,1,0
CP01671,4,4,45956.73,1,0
CP01672,6,6,59092.08,1,0
CP01673,5,5,52767.92,2,1
CP01674,2,2,15519.74,2,0
CP01675,4,4,38235.43,1,0
CP01676,3,3,55607.85,2,0
CP01677,6,6,44751.78,2,1
CP01678,2,2,147581.92,0,0
CP01679,5,5,49034.24,3,1
CP01680,10,10,155002.71000000002,7,1
CP01681,4,4,80913.27,3,0
CP01682,5,5,108849.38,4,1
CP01683,2,2,9672.14,0,0
CP01684,7,7,50018.630000000005,3,1
CP01685,7,7,110034.27,1,0
CP01686,7,7,161506.86000000002,1,0
CP01687,4,4,29369.170000000002,2,0
CP01688,3,3,14826.89,0,0
CP01689,1,1,3804.95,0,0
CP01690,10,10,95089.63,7,1
CP01691,8,8,87569.6,3,1
CP01692,7,7,68445.28,1,0
CP01693,3,3,37619.39,2,0
CP01694,4,4,20954.38,2,0
CP01696,2,2,25338.289999999997,1,0
CP01697,7,7,92600.33,2,1
CP01698,5,5,122081.93000000001,2,1
CP01699,3,3,27046.75,3,0
CP01700,6,6,80082.54999999999,2,1
CP01701,4,4,33694.26,1,0
CP01702,5,5,39606.76,1,0
CP01703,4,4,16882.9,2,0
CP01704,4,4,17956.57,2,0
CP01705,3,3,55454.350000000006,1,0
CP01706,5,5,107648.79,1,0
CP01707,4,4,35952.59,2,0
CP01708,3,3,34937.62,1,0
CP01709,8,8,102914.72,4,1
CP01710,4,4,168277.92,1,0
CP01711,5,5,57573.36,3,1
CP01712,5,5,27036.979999999996,2,1
CP01713,9,9,84574.59,5,1
CP01714,4,4,43342.22,4,0
CP01715,5,5,63117.240000000005,4,1
CP01716,3,3,41508.89,1,0
CP01717,9,9,140996.98,2,1
CP01718,5,5,55629.729999999996,2,1
CP01719,7,7,89831.16,1,0
CP01720,2,2,11864.27,1,0
CP01721,6,6,59152.79,0,0
CP01722,3,3,165159.37,2,0
CP01723,6,6,82375.9,3,1
CP01724,7,7,42480.9,2,1
CP01725,2,2,26501.89,0,0
CP01726,7,7,70310.45,4,1
CP01727,3,3,31965.99,1,0
CP01728,5,5,41743.99,1,0
CP01729,8,8,71222.45,5,1
CP01730,6,6,69553.9,3,1
CP01731,5,5,103823.43,2,1
CP01732,7,7,104565.09,4,1
CP01733,9,9,62451.26,3,1
CP01734,1,1,3415.61,1,0
CP01735,7,7,34368.26,4,1
CP01736,5,5,60507.87,2,1
CP01737,3,3,47550.51,0,0
CP01738,5,5,58649.53,2,1
CP01739,3,3,174372.75,1,0
CP01740,3,3,72206.15999999999,1,0
CP01741,8,8,134499.9,0,0
CP01742,4,4,25983.239999999998,2,0
CP01743,3,3,119193.78,0,0
CP01744,2,2,21311.339999999997,1,0
CP01745,4,4,18742.190000000002,3,0
CP01746,6,6,57386.22,4,1
CP01747,6,6,37792.51,1,0
CP01748,4,4,29479.89,2,0
CP01749,2,2,9289.68,0,0
CP01750,2,2,22500.63,1,0
CP01751,3,3,10363.84,1,0
CP01752,4,4,30929.989999999998,2,0
CP01753,3,3,8631.91,1,0
CP01754,5,5,63486.99,1,0
CP01755,6,6,81525.12,2,1
CP01756,6,6,53424.76,4,1
CP01757,5,5,21052.34,2,1
CP01758,1,1,593.15,0,0
CP01759,5,5,83077.04,3,1
CP01760,3,3,13507.7,1,0
CP01761,7,7,114564.11,1,0
CP01762,7,7,42413.82,1,0
CP01763,6,6,53479.380000000005,2,1
CP01764,7,7,159073.91,3,1
CP01765,5,5,117211.82,3,1
CP01766,4,4,59627.0,2,0
CP01767,3,3,12113.93,1,0
CP01768,1,1,1897.53,0,0
CP01769,4,4,25625.15,0,0
CP01770,5,5,73628.96,3,1
CP01771,3,3,15735.85,1,0
CP01772,4,4,53369.979999999996,2,0
CP01773,3,3,10029.18,2,0
CP01774,5,5,77035.18,4,1
CP01775,5,5,46374.79,4,1
CP01776,5,5,31559.72,1,0
CP01777,5,5,24043.93,4,1
CP01778,8,8,118848.71,1,0
CP01779,5,5,25464.78,1,0
CP01780,6,6,92099.37,1,0
CP01781,2,2,14687.760000000002,2,0
CP01782,6,6,114463.61000000002,1,0
CP01783,3,3,7619.889999999999,1,0
CP01784,1,1,5875.87,0,0
CP01785,7,7,57554.189999999995,4,1
CP01786,5,5,66677.04,2,1
CP01787,4,4,86309.23,1,0
CP01788,5,5,26417.5,3,1
CP01789,5,5,15965.029999999999,1,0
CP01790,4,4,37715.87,1,0
CP01791,1,1,4129.96,0,0
CP01792,4,4,32287.03,1,0
CP01793,4,4,40090.39,1,0
CP01794,3,3,23612.329999999998,1,0
CP01795,6,6,71653.43,3,1
CP01796,4,4,41592.59,3,0
CP01797,7,7,75126.95999999999,2,1
CP01798,15,15,73817.02,6,1
CP01799,5,5,49514.51,0,0
CP01800,4,4,32006.06,2,0
CP01801,3,3,23336.93,1,0
CP01802,4,4,110801.92,2,0
CP01803,5,5,32820.67,2,1
CP01804,6,6,55573.57,2,1
CP01805,8,8,26426.03,1,0
CP01806,5,5,98932.23999999999,1,0
CP01807,2,2,9145.82,1,0
CP01808,6,6,49392.72,2,1
CP01809,3,3,19961.63,2,0
CP01810,7,7,55184.86,3,1
CP01811,2,2,10242.449999999999,1,0
CP01812,3,3,26049.84,2,0
CP01813,4,4,25728.879999999997,2,0
CP01814,3,3,11780.41,0,0
CP01815,6,6,85186.16,3,1
CP01816,5,5,28282.85,2,1
CP01817,6,6,57076.13999999999,1,0
CP01818,5,5,97001.9,2,1
CP01819,4,4,87493.16,2,0
CP01820,7,7,41904.8,1,0
CP01821,1,1,2832.19,1,0
CP01822,4,4,27737.5,3,0
CP01823,3,3,32974.0,1,0
CP01824,3,3,57496.409999999996,3,0
CP01825,6,6,57033.92,2,1
CP01826,4,4,17275.57,1,0
CP01827,5,5,62404.92,1,0
CP01828,7,7,35698.53,2,1
CP01829,6,6,102014.28,1,0
CP01830,4,4,112226.56999999999,2,0
CP01831,6,6,30135.58,2,1
CP01832,3,3,108350.09999999999,1,0
CP01833,6,6,116130.61,4,1
CP01834,6,6,139199.9,3,1
CP01835,2,2,4621.79,1,0
CP01836,6,6,79788.59,3,1
CP01837,1,1,13926.19,0,0
CP01838,4,4,29841.16,3,0
CP01839,3,3,34420.18,0,0
CP01840,2,2,69593.98000000001,1,0
CP01841,2,2,9204.289999999999,0,0
CP01842,5,5,47973.56,2,1
CP01843,2,2,33241.270000000004,0,0
CP01844,10,10,146788.25,5,1
CP01845,2,2,11688.55,0,0
CP01846,6,6,84254.72,1,0
CP01847,2,2,14559.849999999999,2,0
CP01848,7,7,46214.2,3,1
CP01849,6,6,44599.29,2,1
CP01850,3,3,11347.92,1,0
CP01851,5,5,41591.87,2,1
CP01852,6,6,64348.28999999999,1,0
CP01853,7,7,21049.02,3,1
CP01854,3,3,7573.43,0,0
CP01855,6,6,27882.52,1,0
CP01856,5,5,22254.94,3,1
CP01857,5,5,76015.99,1,0
CP01858,7,7,65722.13,4,1
CP01859,5,5,105842.97,0,0
CP01860,1,1,1587.19,1,0
CP01861,5,5,71291.01,1,0
CP01862,6,6,51941.98,4,1
CP01863,6,6,50539.96,5,1
CP01864,4,4,33671.44,1,0
CP01865,3,3,11526.0,1,0
CP01866,7,7,163637.05,3,1
CP01867,4,4,93452.31,4,0
CP01868,4,4,34736.0,4,0
CP01869,7,7,85147.43,3,1
CP01870,3,3,52902.869999999995,2,0
CP01872,3,3,81827.76000000001,1,0
CP01873,3,3,22422.730000000003,3,0
CP01874,7,7,53017.47,3,1
CP01875,5,5,56511.48,2,1
CP01876,6,6,90987.66,2,1
CP01877,3,3,41276.67,1,0
CP01878,2,2,19154.03,1,0
CP01879,4,4,23087.29,2,0
CP01880,6,6,100236.21,2,1
CP01881,4,4,26790.94,2,0
CP01882,7,7,59970.259999999995,2,1
CP01883,4,4,20753.42,2,0
CP01884,4,4,25562.13,2,0
CP01885,1,1,11140.08,1,0
CP01886,4,4,29418.64,1,0
CP01887,4,4,31761.16,3,0
CP01888,2,2,19666.98,0,0
CP01889,9,9,88764.56,2,1
CP01890,6,6,63392.48,2,1
CP01891,7,7,37451.89,5,1
CP01892,6,6,63744.76,1,0
CP01893,8,8,98145.58,2,1
CP01894,4,4,52411.659999999996,1,0
CP01895,1,1,2226.94,1,0
CP01896,6,6,94996.99,1,0
CP01897,7,7,65119.240000000005,2,1
CP01898,5,5,69966.07,2,1
CP01900,3,3,22314.03,1,0
CP01901,7,7,81354.21,3,1
CP01902,10,10,135057.21,2,1
CP01903,7,7,87092.48,3,1
CP01905,4,4,44729.8,0,0
CP01906,5,5,22758.78,3,1
CP01907,7,7,88831.29,5,1
CP01908,2,2,17995.03,0,0
CP01909,2,2,19063.6,1,0
CP01910,4,4,30129.91,2,0
CP01911,5,5,27753.36,1,0
CP01912,2,2,14715.599999999999,2,0
CP01913,3,3,17728.4,0,0
CP01914,6,6,68113.52,1,0
CP01915,4,4,38198.12,2,0
CP01916,5,5,43083.200000000004,2,1
CP01917,5,5,99021.73,3,1
CP01918,6,6,85528.44,3,1
CP01919,3,3,22575.97,1,0
CP01920,2,2,10354.25,1,0
CP01921,6,6,34094.16,4,1
CP01922,5,5,36374.149999999994,2,1
CP01923,5,5,33108.14,3,1
CP01924,5,5,34892.89,1,0
CP01925,10,10,100069.41,7,1
CP01926,8,8,73179.07,4,1
CP01927,3,3,21883.02,2,0
CP01928,5,5,16760.39,3,1
CP01929,7,7,33670.0,3,1
CP01930,1,1,7892.21,0,0
CP01931,7,7,39433.39,0,0
CP01932,3,3,42245.05,2,0
CP01933,7,7,50550.18,3,1
CP01934,6,6,118439.72,2,1
CP01935,7,7,158361.59000000003,2,1
CP01936,9,9,97164.95,3,1
CP01937,5,5,60267.009999999995,1,0
CP01938,4,4,40296.840000000004,3,0
CP01939,7,7,70840.64,3,1
CP01940,4,4,34965.509999999995,2,0
CP01941,2,2,8570.35,1,0
CP01942,7,7,60711.58,1,0
CP01943,7,7,43176.31,2,1
CP01944,5,5,112617.01,3,1
CP01945,9,9,48518.94,3,1
CP01946,4,4,78296.70000000001,0,0
CP01947,6,6,124396.94,2,1
CP01948,3,3,22030.489999999998,2,0
CP01949,6,6,84075.17,1,0
CP01950,8,8,69083.39,1,0
CP01951,3,3,21756.18,1,0
CP01952,3,3,32366.61,2,0
CP01953,8,8,33077.31,3,1
CP01954,9,9,95546.77,4,1
CP01955,7,7,59041.16,1,0
CP01956,3,3,19174.48,1,0
CP01957,9,9,174958.03999999998,5,1
CP01958,5,5,95372.97,1,0
CP01960,9,9,81752.65,6,1
CP01961,4,4,104518.61,3,0
CP01962,2,2,23453.21,1,0
CP01963,3,3,15988.16,2,0
CP01964,3,3,9142.39,2,0
CP01965,4,4,35114.66,2,0
CP01966,4,4,23706.04,0,0
CP01967,7,7,89320.45000000001,2,1
CP01968,3,3,12770.5,2,0
CP01969,5,5,72203.08,0,0
CP01970,4,4,34564.22,2,0
CP01971,2,2,67582.88,0,0
CP01972,3,3,5345.469999999999,1,0
CP01973,6,6,64809.8,3,1
CP01974,6,6,47143.86,3,1
CP01975,4,4,48032.46,3,0
CP01976,6,6,175535.75999999998,2,1
CP01977,6,6,54231.719999999994,5,1
CP01978,3,3,18798.23,1,0
CP01979,5,5,39779.86,2,1
CP01980,6,6,53545.57,4,1
CP01981,4,5,84382.8,2,0
CP01982,6,6,71004.65,3,1
CP01983,4,4,39400.65,2,0
CP01984,3,3,36506.84,2,0
CP01985,6,6,79141.62,2,1
CP01986,5,5,41741.21,0,0
CP01987,7,7,57170.71,2,1
CP01988,7,7,119452.06,5,1
CP01989,3,3,28728.54,2,0
CP01990,2,3,10957.25,1,0
CP01991,2,2,58434.93,0,0
CP01992,2,2,58302.17,1,0
CP01993,4,4,84175.84,2,0
CP01994,1,1,8206.36,0,0
CP01995,5,5,36390.96,2,1
CP01996,6,6,74672.06,1,0
CP01997,6,6,56045.37,2,1
CP01998,5,5,33229.630000000005,1,0
CP01999,3,3,19353.13,1,0
CP02000,5,5,18282.16,3,1
CP02001,9,9,107963.06,3,1
CP02002,2,2,16947.39,0,0
CP02003,5,5,51607.600000000006,2,1
CP02004,4,4,18503.09,3,0
CP02005,5,5,41724.04,3,1
CP02006,3,3,34557.25,2,0
CP02007,2,2,3274.4700000000003,1,0
CP02008,2,2,14575.199999999999,1,0
CP02009,6,6,42645.909999999996,3,1
CP02010,5,5,20994.13,3,1
CP02011,5,5,22601.969999999998,3,1
CP02012,9,9,151674.18,2,1
CP02013,3,3,31487.29,1,0
CP02014,3,3,98018.41,1,0
CP02015,5,5,63650.75,2,1
CP02016,2,2,50918.18,0,0
CP02017,7,7,82058.91,3,1
CP02018,11,11,182272.29,3,1
CP02019,7,7,88503.81,1,0
CP02020,1,1,3141.03,1,0
CP02021,3,3,50614.96,2,0
CP02022,3,3,13277.27,2,0
CP02023,4,4,48028.159999999996,1,0
CP02024,6,6,47263.97,3,1
CP02025,6,6,36862.19,1,0
CP02026,7,7,111149.57,2,1
CP02027,6,6,140771.53,1,0
CP02028,6,6,49484.380000000005,3,1
CP02029,4,4,30557.02,1,0
CP02030,3,3,10868.43,1,0
CP02031,10,10,98417.06999999999,6,1
CP02032,2,2,24669.84,1,0
CP02033,2,2,7148.070000000001,2,0
CP02034,4,4,32427.47,3,0
CP02035,4,4,90117.95,3,0
CP02036,10,10,74201.98,1,0
CP02037,5,5,61814.420000000006,2,1
CP02038,5,5,98307.75,3,1
CP02039,3,3,28941.47,1,0
CP02040,1,1,59302.29,0,0
CP02041,3,3,34506.659999999996,0,0
CP02042,7,7,113009.21,4,1
CP02043,10,10,68603.29,3,1
CP02044,3,3,17834.61,0,0
CP02045,4,4,34584.54,2,0
CP02046,2,2,70848.26,1,0
CP02047,7,7,67149.84,3,1
CP02048,3,3,12118.68,1,0
CP02049,3,3,35371.520000000004,1,0
CP02050,7,7,152139.33,3,1
CP02051,7,7,96147.9,3,1
CP02052,1,1,11398.94,1,0
CP02053,1,1,83026.46,0,0
CP02054,6,6,68117.19,2,1
CP02055,2,2,66312.55,2,0
CP02056,5,5,52632.729999999996,2,1
CP02057,3,3,61623.88999999999,1,0
CP02058,6,6,36722.619999999995,2,1
CP02059,8,8,71839.84,2,1
CP02060,5,5,34788.53,2,1
CP02061,2,2,9829.48,1,0
CP02062,6,6,22323.75,3,1
CP02063,4,4,55433.23,3,0
CP02064,6,6,48877.35,1,0
CP02065,2,2,23990.33,0,0
CP02066,3,3,21823.75,1,0
CP02067,4,4,115781.17,3,0
CP02068,2,2,30962.61,2,0
CP02069,6,6,50181.840000000004,3,1
CP02070,4,4,27477.25,0,0
CP02071,3,3,38475.94,0,0
CP02072,5,5,189820.76,2,1
CP02073,3,3,28372.219999999998,3,0
CP02074,3,3,21991.440000000002,1,0
CP02075,5,5,30025.52,2,1
CP02076,5,5,50001.79,3,1
CP02077,6,6,69044.07,3,1
CP02078,3,3,9048.01,1,0
CP02079,3,3,52490.100000000006,2,0
CP02080,1,1,4458.4,0,0
CP02081,6,6,41665.94,4,1
CP02082,2,2,42089.149999999994,1,0
CP02083,6,6,109673.59999999999,1,0
CP02084,5,5,56393.1,3,1
CP02085,5,5,66468.41,1,0
CP02086,4,4,26684.53,2,0
CP02087,11,11,112585.99,4,1
CP02088,5,5,33888.98,2,1
CP02089,6,6,82803.33,1,0
CP02090,3,3,31389.879999999997,2,0
CP02091,4,4,46710.990000000005,0,0
CP02092,7,7,48043.69,2,1
CP02093,3,3,32065.98,1,0
CP02094,5,5,36198.84,2,1
CP02095,6,6,84170.12999999999,4,1
CP02096,7,7,58916.69,3,1
CP02097,3,3,17955.36,0,0
CP02098,5,5,35262.09,2,1
CP02099,6,6,67185.6,1,0
CP02100,6,6,65206.83,1,0
CP02101,6,6,49092.34,3,1
CP02102,7,7,90096.12,3,1
CP02103,5,5,90169.19,2,1
CP02104,2,2,32080.41,0,0
CP02105,3,3,108999.26,3,0
CP02106,3,3,41272.06,2,0
CP02107,2,2,7227.99,1,0
CP02108,1,1,43113.06,1,0
CP02109,8,8,199127.81,2,1
CP02110,5,5,35141.56,4,1
CP02111,7,7,44205.34,2,1
CP02112,10,10,149805.56,2,1
CP02113,4,4,25702.629999999997,1,0
CP02114,5,5,65397.01,2,1
CP02115,11,11,69335.96,4,1
CP02116,5,5,14739.16,3,1
CP02117,10,10,177247.32,6,1
CP02118,2,2,5522.4400000000005,0,0
CP02119,2,2,26941.75,1,0
CP02120,5,5,43832.35,3,1
CP02121,1,1,2334.45,0,0
CP02122,3,3,8882.62,0,0
CP02123,6,6,84642.27,3,1
CP02124,6,6,45161.09,2,1
CP02125,4,4,17001.57,1,0
CP02126,7,7,54567.41,2,1
CP02127,5,5,35503.59,0,0
CP02128,3,3,26531.77,0,0
CP02129,5,5,38202.05,3,1
CP02130,8,8,49164.61,2,1
CP02131,5,5,39755.81,2,1
CP02132,3,3,42953.59,2,0
CP02133,6,6,33282.05,2,1
CP02134,5,5,26701.879999999997,3,1
CP02135,3,3,83117.76,2,0
CP02136,3,3,39461.92,1,0
CP02137,4,4,26926.4,2,0
CP02138,9,9,151834.04,4,1
CP02139,3,3,15030.24,2,0
CP02140,8,8,146897.69,4,1
CP02141,3,3,32619.32,2,0
CP02142,3,3,14488.68,0,0
CP02143,2,2,32070.03,1,0
CP02144,6,6,67561.84,2,1
CP02145,3,3,52480.51,2,0
CP02146,6,6,103827.92000000001,2,1
CP02147,8,8,58731.31,3,1
CP02148,5,5,67655.35,1,0
CP02149,3,3,40209.9,1,0
CP02150,3,3,27684.3,2,0
CP02151,7,7,30721.46,1,0
CP02152,1,1,1923.69,0,0
CP02153,8,8,102246.98,4,1
CP02154,3,3,23036.089999999997,1,0
CP02155,6,6,35790.92,2,1
CP02156,6,6,35481.090000000004,4,1
CP02157,6,6,40764.19,3,1
CP02158,4,4,104003.45,2,0
CP02159,4,4,46008.86,1,0
CP02160,4,4,54244.05,0,0
CP02161,4,4,23063.68,1,0
CP02162,6,6,37516.31,3,1
CP02163,1,1,3867.18,1,0
CP02164,2,2,22228.64,2,0
CP02165,5,5,85941.78,1,0
CP02166,3,3,20752.14,0,0
CP02167,8,8,38992.01,5,1
CP02168,6,6,70362.28,2,1
CP02169,4,4,20777.05,3,0
CP02170,4,4,23030.7,1,0
CP02171,2,2,48483.59,0,0
CP02172,3,3,47047.72,2,0
CP02173,6,6,49661.71,2,1
CP02174,3,3,15509.220000000001,2,0
CP02175,5,5,48752.369999999995,1,0
CP02176,6,6,31956.57,2,1
CP02177,5,5,133930.48,3,1
CP02178,9,9,111234.94,6,1
CP02179,6,6,90994.04000000001,3,1
CP02180,6,6,40824.46,3,1
CP02181,6,6,35105.29,5,1
CP02182,4,4,15912.33,1,0
CP02183,8,8,89619.69,0,0
CP02184,3,3,12016.64,1,0
CP02185,8,8,99322.69,3,1
CP02186,5,5,80891.61,2,1
CP02187,5,5,50399.88,2,1
CP02188,3,3,43062.9,1,0
CP02189,6,6,49490.15,1,0
CP02190,5,5,74224.33,2,1
CP02191,7,7,81081.24,3,1
CP02192,4,4,22117.34,2,0
CP02193,5,5,58130.369999999995,2,1
CP02194,8,8,112278.04000000001,4,1
CP02195,5,5,25563.760000000002,2,1
CP02196,7,7,57586.97,1,0
CP02197,9,9,108212.67,6,1
CP02198,6,6,37061.66,4,1
CP02199,8,8,39279.48,1,0
CP02200,5,5,30791.98,2,1
CP02201,8,8,70564.35,5,1
CP02202,5,5,42723.450000000004,2,1
CP02203,7,7,54341.840000000004,3,1
CP02204,7,7,42238.69,5,1
CP02205,5,5,52479.16,2,1
CP02206,6,6,98557.81,0,0
CP02207,2,2,13591.830000000002,1,0
CP02208,8,8,54693.37,4,1
CP02209,3,3,51282.7,0,0
CP02210,5,5,53200.86,1,0
CP02211,7,7,77647.97,2,1
CP02212,3,3,91826.64,0,0
CP02213,3,4,36823.26,1,0
CP02214,3,3,19787.21,1,0
CP02215,6,6,113894.27,3,1
CP02216,4,4,61749.82,1,0
CP02217,4,4,16656.03,0,0
CP02218,3,3,12506.96,1,0
CP02219,3,3,26859.22,2,0
CP02220,5,5,72901.95999999999,1,0
CP02221,7,7,51760.369999999995,4,1
CP02222,8,8,103196.62,2,1
CP02223,9,9,89245.6,5,1
CP02224,4,4,45510.93,2,0
CP02225,3,3,41674.659999999996,1,0
CP02226,5,5,17807.95,2,1
CP02227,4,4,60754.54,2,0
CP02228,3,3,12003.64,0,0
CP02229,2,2,17563.059999999998,1,0
CP02230,4,4,22197.39,1,0
CP02231,3,3,58045.25000000001,1,0
CP02232,4,4,16618.86,1,0
CP02233,4,4,80594.29,4,0
CP02234,2,2,13147.39,0,0
CP02235,6,6,67600.37,2,1
CP02236,7,7,63895.130000000005,3,1
CP02237,1,1,4016.01,0,0
CP02238,7,7,41694.46,2,1
CP02239,6,6,40043.950000000004,2,1
CP02240,4,4,41376.25,2,0
CP02241,6,6,73349.51000000001,4,1
CP02242,7,7,86202.44,6,1
CP02243,5,5,47395.65,2,1
CP02244,7,7,124910.75,1,0
CP02245,5,5,71689.14,2,1
CP02246,5,5,48144.56,0,0
CP02247,4,4,17063.64,2,0
CP02248,3,3,30468.56,1,0
CP02249,1,1,25731.23,1,0
CP02250,3,3,14328.0,1,0
CP02251,5,5,84709.51,2,1
CP02252,7,7,111037.62999999999,1,0
CP02253,5,5,75005.7,0,0
CP02254,5,5,31633.03,2,1
CP02255,5,5,94818.09,2,1
CP02256,4,4,33682.45,1,0
CP02257,4,4,47957.32,0,0
CP02258,5,5,111073.57,1,0
CP02259,2,2,6968.14,1,0
CP02260,5,5,30881.54,1,0
CP02261,4,4,85322.4,1,0
CP02262,2,2,21891.53,1,0
CP02263,2,2,70150.26,0,0
CP02264,4,4,23421.59,2,0
CP02265,5,5,64426.21,3,1
CP02266,4,4,100505.76000000001,3,0
CP02267,4,4,9181.12,2,0
CP02268,3,3,10797.42,0,0
CP02269,4,4,61712.649999999994,3,0
CP02270,2,2,21858.78,1,0
CP02271,2,2,64479.7,1,0
CP02272,1,1,5450.19,0,0
CP02273,3,3,50651.35,2,0
CP02274,4,4,34236.11,3,0
CP02275,7,7,158793.09,4,1
CP02276,4,4,38859.38,1,0
CP02277,4,4,48896.89,3,0
CP02278,2,2,24073.25,0,0
CP02279,5,5,72354.01999999999,2,1
CP02280,6,6,29367.269999999997,3,1
CP02281,3,3,8725.77,1,0
CP02282,2,2,13197.3,0,0
CP02283,6,6,45727.7,2,1
CP02284,5,5,28383.61,1,0
CP02285,5,5,93287.19,1,0
CP02286,6,6,100772.49,2,1
CP02287,3,3,42023.020000000004,3,0
CP02288,5,5,47723.25,3,1
CP02289,4,4,40432.17,3,0
CP02290,4,4,28026.13,1,0
CP02291,3,3,8636.48,0,0
CP02292,5,5,61878.72,2,1
CP02293,2,2,6529.54,0,0
CP02294,4,4,47135.99,3,0
CP02295,5,5,52566.590000000004,3,1
CP02296,1,1,35667.32,1,0
CP02297,4,4,33292.25,2,0
CP02298,5,5,63606.880000000005,4,1
CP02299,4,4,68661.73,3,0
CP02300,4,4,17874.64,1,0
CP02301,5,5,34131.55,1,0
CP02302,6,6,26801.16,4,1
CP02303,4,4,12993.59,0,0
CP02304,4,4,94328.45,0,0
CP02305,2,2,8961.2,1,0
CP02306,5,5,28922.590000000004,1,0
CP02307,4,4,37947.81,0,0
CP02308,4,4,14276.93,2,0
CP02309,2,2,8217.17,0,0
CP02310,4,4,29398.41,2,0
CP02311,4,4,68554.32,2,0
CP02312,3,3,12767.619999999999,2,0
CP02313,3,3,10650.58,0,0
CP02314,7,7,92794.15,3,1
CP02315,4,4,18462.03,2,0
CP02316,3,3,70930.37,1,0
CP02317,7,7,69868.32,2,1
CP02318,7,7,82820.08,1,0
CP02319,6,6,38599.19,4,1
CP02320,6,6,189377.22,1,0
CP02321,5,5,32594.31,4,1
CP02322,4,4,51475.9,1,0
CP02323,5,5,61945.99,4,1
CP02324,5,5,33430.33,3,1
CP02325,6,6,65758.05,3,1
CP02326,3,3,40327.82,1,0
CP02327,4,4,61340.6,2,0
CP02328,2,2,13773.04,0,0
CP02329,7,7,41238.1,4,1
CP02330,3,3,118268.73000000001,1,0
CP02331,2,2,16250.83,2,0
CP02332,5,5,170023.18,3,1
CP02333,5,5,34868.92,4,1
CP02334,4,4,72221.28,1,0
CP02335,5,5,23310.71,3,1
CP02336,3,3,29914.039999999997,1,0
CP02337,6,6,139783.02,2,1
CP02338,5,5,34626.329999999994,0,0
CP02339,7,7,74650.54,4,1
CP02340,3,3,18186.850000000002,2,0
CP02341,6,6,30846.559999999998,2,1
CP02342,6,6,42496.11,1,0
CP02343,3,3,67150.76999999999,0,0
CP02344,8,8,36354.94,5,1
CP02345,5,5,23431.31,1,0
CP02346,4,4,51097.5,0,0
CP02347,4,4,49011.3,1,0
CP02348,4,4,37573.14,2,0
CP02349,8,8,65399.51,3,1
CP02350,2,2,1807.73,1,0
CP02351,5,5,140412.47,1,0
CP02352,4,4,37313.33,0,0
CP02353,14,14,204005.16999999998,5,1
CP02354,7,7,72833.28,4,1
CP02355,6,6,72667.73000000001,3,1
CP02356,6,6,66618.09,4,1
CP02357,9,9,326034.89,5,1
CP02358,6,6,106968.26999999999,4,1
CP02359,5,5,26723.3,3,1
CP02360,3,3,11909.779999999999,0,0
CP02361,7,7,52628.83,3,1
CP02362,10,10,133984.6,5,1
CP02363,4,4,24613.29,1,0
CP02364,4,4,59288.88,4,0
CP02365,6,6,69665.81999999999,2,1
CP02366,3,3,13654.380000000001,0,0
CP02367,3,3,24832.4,1,0
CP02368,3,3,12758.42,1,0
CP02369,5,5,66494.87999999999,1,0
CP02370,3,3,15827.13,1,0
CP02371,12,12,141965.94,6,1
CP02372,9,9,116887.26999999999,3,1
CP02373,4,4,26612.84,1,0
CP02374,4,4,41853.44,2,0
CP02375,8,8,109821.52,3,1
CP02376,9,9,158931.16999999998,3,1
CP02377,7,7,144074.03,4,1
CP02378,8,8,46995.18,4,1
CP02379,6,6,124700.05,2,1
CP02380,2,2,9962.7,0,0
CP02381,4,4,45450.979999999996,3,0
CP02382,3,3,26296.39,3,0
CP02383,4,4,43256.71,2,0
CP02384,5,5,64918.630000000005,3,1
CP02385,6,6,55534.37,4,1
CP02386,7,7,78115.21,2,1
CP02387,2,2,18061.879999999997,0,0
CP02388,2,2,30840.54,1,0
CP02389,4,4,71340.31,1,0
CP02390,3,3,54716.46,1,0
CP02391,5,5,70659.62,2,1
CP02392,6,6,125010.53,2,1
CP02393,3,3,21350.2,2,0
CP02394,1,1,5522.12,1,0
CP02395,8,8,116828.21,5,1
CP02396,6,6,45438.59,4,1
CP02397,1,1,10611.45,1,0
CP02398,3,3,45145.55,2,0
CP02399,6,6,44740.59,3,1
CP02400,4,4,71627.45,1,0
CP02401,3,3,11095.13,1,0
CP02402,2,2,3734.61,0,0
CP02403,4,4,14764.98,0,0
CP02404,1,1,5453.78,1,0
CP02405,2,2,19289.75,2,0
CP02406,5,5,26924.95,2,1
CP02407,7,7,83788.78,2,1
CP02408,7,7,218316.92,2,1
CP02409,1,1,11087.09,0,0
CP02410,3,3,34096.33,0,0
CP02411,5,5,18936.86,3,1
CP02412,3,3,33016.07,3,0
CP02413,5,5,36273.72,3,1
CP02414,4,4,38655.65,4,0
CP02415,2,2,12159.07,1,0
CP02416,6,6,38625.07,3,1
CP02417,2,2,13842.08,0,0
CP02418,5,5,45007.67,2,1
CP02419,5,5,61811.89,2,1
CP02420,6,6,143143.75,3,1
CP02421,3,3,39705.95,0,0
CP02422,8,8,92000.2,4,1
CP02423,5,5,84969.38,0,0
CP02424,2,2,5436.73,1,0
CP02425,3,3,71559.59,1,0
CP02426,4,4,44574.21,4,0
CP02427,4,4,99967.88,2,0
CP02428,5,5,13100.7,2,1
CP02429,5,5,66706.3,2,1
CP02430,3,3,66880.34,1,0
CP02431,5,5,85793.12,1,0
CP02432,1,1,6801.2,0,0
CP02433,2,2,45389.200000000004,1,0
CP02434,8,8,89661.91,2,1
CP02435,8,8,164618.51,4,1
CP02436,5,5,33708.34,4,1
CP02437,4,4,12139.0,2,0
CP02438,3,3,61763.20999999999,2,0
CP02439,6,6,50817.74,2,1
CP02440,4,4,20257.489999999998,0,0
CP02441,1,1,21202.71,1,0
CP02442,2,2,11054.05,1,0
CP02443,5,5,28065.88,2,1
CP02444,6,6,229582.62,3,1
CP02445,6,6,73632.69,3,1
CP02446,10,10,78031.5,4,1
CP02447,4,4,34290.13,1,0
CP02448,4,4,16158.130000000001,2,0
CP02449,6,6,86855.4,4,1
CP02450,7,7,122077.95999999999,5,1
CP02451,5,5,40121.81,0,0
CP02452,4,4,21791.64,2,0
CP02453,3,3,47187.909999999996,2,0
CP02454,3,3,13350.02,0,0
CP02455,6,6,117372.94,1,0
CP02456,5,5,68888.32,3,1
CP02457,5,5,77666.51,1,0
CP02458,6,6,43993.11,3,1
CP02459,3,3,47824.350000000006,1,0
CP02460,4,4,43803.59,4,0
CP02461,3,3,26055.9,1,0
CP02462,3,3,3836.06,1,0
CP02463,5,5,50055.11,2,1
CP02464,8,8,61954.76,2,1
CP02465,3,3,60952.83,1,0
CP02466,5,5,50763.66,3,1
CP02467,4,4,23536.68,2,0
CP02468,3,3,18666.59,1,0
CP02469,3,3,9788.43,1,0
CP02470,2,2,9204.14,1,0
CP02471,4,4,28439.31,2,0
CP02472,4,4,29863.56,1,0
CP02473,4,4,12409.74,1,0
CP02474,7,7,49949.740000000005,2,1
CP02475,2,2,39541.79,0,0
CP02476,2,2,30232.780000000002,0,0
CP02477,5,5,36696.130000000005,1,0
CP02478,7,7,112338.34999999999,5,1
CP02479,3,3,9742.18,0,0
CP02480,3,3,30405.81,0,0
CP02481,5,5,47708.49,3,1
CP02482,6,6,23565.3,1,0
CP02483,8,8,70064.79000000001,3,1
CP02484,5,5,49180.619999999995,3,1
CP02485,5,5,25284.13,3,1
CP02486,3,3,26054.33,1,0
CP02487,5,5,41998.06,3,1
CP02488,5,5,57995.53,2,1
CP02489,5,5,28669.19,1,0
CP02490,5,5,35845.22,2,1
CP02491,1,1,9387.36,0,0
CP02492,7,7,158914.27,3,1
CP02493,2,2,31435.45,1,0
CP02494,3,3,9166.57,0,0
CP02495,8,8,159677.52,3,1
CP02496,8,8,155665.14,6,1
CP02497,6,6,22663.92,3,1
CP02498,4,4,50899.69,1,0
CP02499,3,3,42646.09,1,0
CP02500,6,6,82147.09999999999,3,1
CP02501,5,5,65179.31,2,1
CP02502,5,5,28668.16,1,0
CP02503,4,4,15059.08,1,0
CP02504,8,8,51711.21,6,1
CP02505,2,2,23298.55,1,0
CP02506,4,4,19574.47,2,0
CP02507,2,2,108158.68,1,0
CP02508,8,8,47508.97,4,1
CP02509,4,4,20808.449999999997,2,0
CP02510,3,3,19215.64,0,0
CP02511,8,8,52853.56,4,1
CP02512,4,4,72045.28,2,0
CP02513,1,1,1043.13,1,0
CP02514,2,2,11414.81,2,0
CP02515,10,10,177117.48,7,1
CP02516,7,7,92276.56999999999,3,1
CP02517,5,5,128579.68,2,1
CP02518,3,3,12626.699999999999,1,0
CP02519,6,6,161643.97,2,1
CP02520,3,3,28063.620000000003,1,0
CP02521,4,4,52556.84,2,0
CP02522,3,3,22026.309999999998,2,0
CP02523,3,3,58660.98999999999,1,0
CP02524,6,6,32014.27,3,1
CP02525,6,6,91263.15000000001,3,1
CP02526,3,3,25192.47,0,0
CP02527,3,3,19260.15,2,0
CP02528,3,3,17740.76,1,0
CP02529,2,2,76687.72,1,0
CP02530,6,6,95148.98,2,1
CP02531,2,2,32971.65,0,0
CP02532,7,7,94551.73,2,1
CP02533,5,5,29582.81,4,1
CP02534,4,4,39250.700000000004,1,0
CP02535,6,6,49535.93,4,1
CP02536,2,2,58260.130000000005,2,0
CP02537,4,4,17470.03,0,0
CP02538,3,3,10746.64,2,0
CP02539,10,10,58357.51,5,1
CP02540,3,3,13572.34,1,0
CP02541,4,4,41745.46,3,0
CP02542,6,6,43766.68,3,1
CP02543,2,2,22045.32,0,0
CP02544,7,7,90507.95,2,1
CP02545,5,5,63637.130000000005,3,1
CP02546,3,3,18652.82,0,0
CP02547,8,8,58950.81,2,1
CP02548,9,9,70763.06999999999,5,1
CP02549,7,7,34450.37,2,1
CP02550,4,4,52860.79,1,0
CP02551,5,5,59658.340000000004,1,0
CP02552,4,4,49645.67,1,0
CP02553,5,5,87952.12,3,1
CP02554,7,7,32882.24,2,1
CP02555,4,4,35804.009999999995,1,0
CP02556,6,6,59764.06,3,1
CP02557,8,8,78422.38,2,1
CP02558,5,5,66628.39,1,0
CP02559,2,2,6014.17,2,0
CP02560,5,5,48867.9,3,1
CP02561,4,4,25841.02,0,0
CP02562,6,6,67329.12,3,1
CP02563,5,5,13986.02,3,1
CP02564,3,3,16623.97,0,0
CP02565,7,7,169235.94,0,0
CP02566,5,5,46276.42,0,0
CP02567,1,1,3120.55,0,0
CP02568,6,6,44314.509999999995,3,1
CP02569,3,3,33176.48,1,0
CP02570,7,7,50675.95,5,1
CP02571,3,3,55938.799999999996,1,0
CP02572,6,6,36477.94,4,1
CP02573,5,5,29668.420000000002,2,1
CP02574,10,10,148485.23,9,1
CP02575,2,2,6708.959999999999,0,0
CP02576,6,6,59017.99,2,1
CP02577,3,3,41186.810000000005,2,0
CP02578,5,5,50857.82,1,0
CP02579,1,1,5028.84,0,0
CP02580,1,1,6557.33,1,0
CP02581,7,7,74392.01999999999,2,1
CP02582,4,4,25762.22,0,0
CP02583,3,3,43696.6,2,0
CP02584,9,9,62371.11,6,1
CP02585,6,6,81520.75,2,1
CP02586,5,5,96876.14,3,1
CP02587,3,3,65129.16,1,0
CP02588,4,4,75669.4,3,0
CP02589,4,4,38537.45,3,0
CP02590,5,5,51686.33,1,0
CP02591,3,3,21251.66,1,0
CP02592,4,4,8214.529999999999,3,0
CP02593,11,11,158107.68,6,1
CP02594,2,2,59359.979999999996,1,0
CP02595,2,2,14401.46,0,0
CP02596,6,6,38384.880000000005,2,1
CP02597,4,4,26423.760000000002,2,0
CP02598,6,6,57955.520000000004,2,1
CP02599,2,2,10092.7,1,0
CP02600,7,7,44699.26,2,1
CP02601,5,5,44451.479999999996,2,1
CP02602,3,3,6041.21,2,0
CP02603,2,2,13318.79,1,0
CP02604,3,3,23855.65,2,0
CP02605,3,3,45191.66,0,0
CP02606,5,5,69641.52,1,0
CP02607,5,5,29943.44,1,0
CP02608,4,4,37836.4,3,0
CP02609,3,3,7916.969999999999,0,0
CP02610,3,3,37452.2,3,0
CP02611,5,5,42414.27,1,0
CP02612,5,5,14805.62,3,1
CP02613,3,3,28448.309999999998,1,0
CP02614,9,9,88018.27,6,1
CP02615,3,3,29829.52,1,0
CP02616,4,4,51981.09,1,0
CP02617,5,5,58034.240000000005,1,0
CP02618,5,5,57293.59,1,0
CP02619,2,2,17884.980000000003,1,0
CP02620,5,6,37236.07,2,1
CP02621,5,5,99827.65,0,0
CP02622,4,4,28544.690000000002,3,0
CP02623,4,4,66310.12,0,0
CP02624,4,4,18251.67,2,0
CP02625,5,5,56899.87,1,0
CP02626,2,2,17142.79,0,0
CP02627,7,7,65576.49,2,1
CP02628,8,8,130785.21,5,1
CP02629,2,2,8809.1,1,0
CP02630,4,4,82213.69,2,0
CP02631,5,5,40300.52,2,1
CP02632,5,5,106095.19,0,0
CP02633,3,3,15210.779999999999,3,0
CP02634,3,3,14358.68,2,0
CP02635,5,5,89980.0,2,1
CP02636,10,10,103446.88,4,1
CP02637,5,5,47161.82,4,1
CP02638,3,3,41204.08,1,0
CP02640,3,3,46439.54,1,0
CP02641,3,3,65757.26999999999,0,0
CP02642,3,3,36189.3,1,0
CP02643,4,4,38467.54,2,0
CP02644,2,2,33360.450000000004,0,0
CP02645,2,2,32750.61,1,0
CP02646,4,4,29531.7,1,0
CP02647,3,3,8072.889999999999,1,0
CP02648,6,6,32109.73,4,1
CP02649,8,8,35405.73,3,1
CP02650,3,3,32261.3,3,0
CP02651,2,2,147418.43000000002,1,0
CP02652,5,5,48890.58,2,1
CP02653,4,4,12280.210000000001,1,0
CP02654,6,6,87247.17,3,1
CP02655,3,3,9391.939999999999,1,0
CP02656,6,6,76641.4,1,0
CP02657,2,2,18155.31,1,0
CP02658,3,3,52519.65,2,0
CP02659,2,2,10953.39,0,0
CP02660,5,5,43381.38,1,0
CP02661,6,6,30932.68,2,1
CP02662,7,7,91291.23999999999,3,1
CP02663,4,4,22756.8,1,0
CP02664,6,6,80451.2,1,0
CP02665,4,4,24510.53,1,0
CP02666,5,5,61709.22,1,0
CP02667,3,3,22266.5,2,0
CP02668,4,4,43656.63,1,0
CP02669,4,4,37977.700000000004,1,0
CP02670,4,4,29079.73,2,0
CP02671,5,5,55447.96,2,1
CP02672,5,5,113170.59,1,0
CP02673,2,2,5533.75,1,0
CP02674,3,3,10347.16,3,0
CP02675,3,3,20419.1,2,0
CP02676,1,1,12317.98,0,0
CP02677,4,4,62367.34,3,0
CP02678,2,2,6684.92,1,0
CP02679,2,2,16849.19,1,0
CP02680,6,6,43214.09,1,0
CP02681,5,5,30696.93,3,1
CP02682,6,6,68708.49,3,1
CP02683,6,6,48305.12,2,1
CP02684,6,6,51183.12,2,1
CP02685,2,2,40064.55,2,0
CP02686,7,7,80391.73,3,1
CP02687,2,2,24428.89,0,0
CP02688,6,6,138801.96,2,1
CP02689,1,1,20386.29,0,0
CP02690,6,6,71731.77,4,1
CP02691,2,2,12362.77,1,0
CP02692,8,8,32566.75,3,1
CP02693,2,2,4953.54,0,0
CP02694,4,4,16945.42,2,0
CP02695,5,5,25760.02,1,0
CP02696,3,3,20357.91,0,0
CP02697,5,5,29648.18,1,0
CP02698,4,4,16042.63,1,0
CP02699,5,5,65266.65,0,0
CP02700,4,4,26628.54,1,0
CP02701,3,3,13427.13,0,0
CP02702,3,3,16165.099999999999,0,0
CP02703,1,1,6321.75,0,0
CP02704,2,2,26114.870000000003,0,0
CP02705,8,8,374982.10000000003,4,1
CP02706,4,4,47930.090000000004,2,0
CP02707,7,7,23574.32,2,1
CP02708,8,8,238163.04,3,1
CP02709,5,5,26612.04,1,0
CP02710,6,6,41502.78,2,1
CP02711,3,3,24903.79,1,0
CP02712,5,5,63591.13,1,0
CP02713,6,6,39986.4,3,1
CP02714,1,1,6643.83,1,0
CP02715,6,6,39864.41,2,1
CP02716,4,4,136690.05000000002,2,0
CP02717,7,7,53714.1,3,1
CP02718,5,5,85903.52,4,1
CP02719,5,5,86763.97,3,1
CP02720,1,1,5451.55,0,0
CP02721,5,5,50491.14,2,1
CP02722,3,3,8561.29,1,0
CP02723,3,3,27060.04,1,0
CP02724,5,5,66246.2,3,1
CP02725,7,7,83374.39,1,0
CP02726,6,6,83389.44,2,1
CP02727,3,3,15048.05,1,0
CP02728,8,8,61890.25,4,1
CP02729,4,4,18543.78,3,0
CP02730,3,3,15294.09,2,0
CP02731,6,6,88700.37,3,1
CP02732,4,4,44515.84,1,0
CP02733,6,6,255551.46000000002,4,1
CP02734,13,13,167522.55,3,1
CP02735,5,5,22794.940000000002,3,1
CP02736,6,6,52836.58,2,1
CP02737,6,6,34768.05,1,0
CP02738,8,8,63233.83,2,1
CP02739,6,6,84264.01999999999,2,1
CP02740,3,3,33832.52,0,0
CP02741,5,5,33956.43,3,1
CP02742,10,10,195276.59,2,1
CP02743,2,2,8070.89,1,0
CP02744,5,5,16993.77,1,0
CP02745,4,4,60195.41,1,0
CP02746,4,4,20955.77,2,0
CP02747,6,6,75628.43,2,1
CP02748,1,1,4271.13,0,0
CP02749,2,2,38652.270000000004,1,0
CP02750,4,4,23819.36,3,0
CP02751,4,4,56668.020000000004,2,0
CP02752,6,6,64297.89,3,1
CP02753,2,2,13558.95,2,0
CP02754,5,5,61638.48,3,1
CP02755,7,7,93038.11,3,1
CP02756,4,4,69723.85,0,0
CP02757,10,10,98286.36,4,1
CP02758,6,6,27580.64,3,1
CP02759,4,4,62636.08,3,0
CP02760,7,7,68031.72,3,1
CP02761,3,3,8434.94,1,0
CP02762,1,1,23255.14,1,0
CP02763,2,2,27812.13,1,0
CP02764,2,2,13053.06,1,0
CP02765,3,3,21420.77,0,0
CP02766,5,5,25205.129999999997,3,1
CP02767,7,7,50968.03,3,1
CP02768,2,2,7905.780000000001,0,0
CP02769,7,7,118318.43,2,1
CP02770,2,2,15871.22,1,0
CP02771,2,2,13404.02,1,0
CP02772,7,7,135415.93,2,1
CP02773,4,4,32931.0,3,0
CP02774,2,2,8549.48,2,0
CP02775,4,4,26352.05,0,0
CP02776,5,5,39621.29,1,0
CP02777,2,2,8493.04,1,0
CP02778,6,6,101215.24,1,0
CP02779,4,4,28206.75,0,0
CP02780,7,7,46656.88,2,1
CP02781,3,3,39774.71,2,0
CP02782,5,5,78869.4,3,1
CP02783,5,5,35445.08,3,1
CP02784,3,3,35060.03,1,0
CP02785,5,5,50438.06,1,0
CP02787,4,4,86672.8,1,0
CP02788,4,4,60371.11,1,0
CP02789,5,5,67215.83,2,1
CP02790,4,4,73817.08,1,0
CP02791,2,2,3615.4700000000003,1,0
CP02792,5,5,47781.22,0,0
CP02793,1,1,5381.99,0,0
CP02794,3,3,5424.54,1,0
CP02795,8,8,130367.01,4,1
CP02796,1,1,9857.35,1,0
CP02797,2,2,22766.05,1,0
CP02798,5,5,41351.549999999996,2,1
CP02799,4,4,51600.259999999995,2,0
CP02800,5,5,63447.6,1,0
CP02801,1,1,2907.77,1,0
CP02802,9,9,52588.08,3,1
CP02803,8,8,85045.25,5,1
CP02804,7,7,15116.130000000001,3,1
CP02805,6,6,60614.58,4,1
CP02806,5,5,30375.29,2,1
CP02807,5,5,57060.75,2,1
CP02808,2,2,14437.27,0,0
CP02809,6,6,111941.68999999999,0,0
CP02810,5,5,55404.04,3,1
CP02811,3,3,79764.11,2,0
CP02812,4,4,24136.45,2,0
CP02813,5,5,42190.700000000004,3,1
CP02814,7,7,61870.84,4,1
CP02815,2,2,34946.82,1,0
CP02816,4,4,37351.4,1,0
CP02817,6,6,35373.01,2,1
CP02818,7,7,185043.7,2,1
CP02819,6,6,415408.4,1,0
CP02820,4,4,46939.420000000006,0,0
CP02821,4,4,47198.67,1,0
CP02822,2,2,15387.439999999999,2,0
CP02823,5,5,57430.27,1,0
CP02824,8,8,65384.22,2,1
CP02825,4,4,14844.34,3,0
CP02826,8,8,62803.24,2,1
CP02827,6,6,74650.42,4,1
CP02828,1,1,7958.65,1,0
CP02829,4,4,15096.82,1,0
CP02830,2,2,11265.32,2,0
CP02831,3,3,33005.52,1,0
CP02832,6,6,83753.66,2,1
CP02833,7,7,99732.3,1,0
CP02834,3,3,17348.75,2,0
CP02835,7,7,150165.4,6,1
CP02836,11,11,284438.09,9,1
CP02837,3,3,37426.619999999995,1,0
CP02838,2,2,11074.46,0,0
CP02839,8,8,40272.21,1,0
CP02840,5,5,46952.49,1,0
CP02841,5,5,63959.36,2,1
CP02842,2,2,25264.14,1,0
CP02843,4,4,36762.119999999995,1,0
CP02844,7,7,45081.37,3,1
CP02845,3,3,17627.88,1,0
CP02846,10,10,87028.58,5,1
CP02847,6,6,57627.810000000005,4,1
CP02848,6,6,27372.61,1,0
CP02849,8,8,89750.1,2,1
CP02851,5,5,111136.86,2,1
CP02852,6,6,82687.51,3,1
CP02853,6,6,56602.76,5,1
CP02854,1,1,2876.39,0,0
CP02855,2,2,14957.869999999999,1,0
CP02856,5,6,16824.58,0,0
CP02857,4,4,12717.779999999999,1,0
CP02858,4,4,34810.58,0,0
CP02859,12,12,115940.20000000001,6,1
CP02860,6,6,192167.68999999997,3,1
CP02861,3,3,18327.84,2,0
CP02862,5,5,57193.45,4,1
CP02863,7,7,96757.63,4,1
CP02864,1,1,17249.07,1,0
CP02865,5,5,79628.23999999999,2,1
CP02866,4,4,46597.270000000004,2,0
CP02867,2,2,17294.95,1,0
CP02868,6,6,122651.56999999999,6,1
CP02869,1,1,3100.69,1,0
CP02870,3,3,9077.46,1,0
CP02871,6,6,100693.73999999999,3,1
CP02872,2,2,27822.66,1,0
CP02873,6,6,60730.09,3,1
CP02874,8,8,39723.64,4,1
CP02875,8,8,59340.2,2,1
CP02876,3,3,33312.799999999996,0,0
CP02877,10,10,122507.79000000001,3,1
CP02878,4,4,48808.97,1,0
CP02879,5,5,22823.71,1,0
CP02880,7,7,73120.66,3,1
CP02881,8,8,44200.89,5,1
CP02882,8,8,57694.340000000004,3,1
CP02883,5,5,32187.86,2,1
CP02884,2,2,12407.650000000001,1,0
CP02885,6,6,106199.35,4,1
CP02886,3,3,50500.9,1,0
CP02887,5,5,42110.81,3,1
CP02888,3,3,23901.48,0,0
CP02889,4,4,74910.81,1,0
CP02890,4,4,23821.41,0,0
CP02891,5,5,23566.94,2,1
CP02892,5,5,60097.770000000004,3,1
CP02893,4,4,40565.19,0,0
CP02894,2,2,14614.79,1,0
CP02895,6,6,69266.79,4,1
CP02896,3,3,31886.41,2,0
CP02897,2,2,6734.91,1,0
CP02898,5,5,52744.97,2,1
CP02899,8,8,54173.92,3,1
CP02900,4,4,21623.91,3,0
CP02901,7,7,99600.02,2,1
CP02902,3,3,61991.270000000004,1,0
CP02903,5,6,86001.17,4,1
CP02904,5,5,119598.7,2,1
CP02905,7,7,71861.06,3,1
CP02906,6,6,65920.42,3,1
CP02907,4,4,103315.84,1,0
CP02908,4,4,632673.9400000001,0,0
CP02909,2,2,20850.18,1,0
CP02910,5,5,36102.56,3,1
CP02911,4,4,17227.760000000002,1,0
CP02912,2,2,29213.56,2,0
CP02913,2,2,11227.92,2,0
CP02914,5,5,67243.38,3,1
CP02915,7,7,53565.77,3,1
CP02916,2,2,2920.08,2,0
CP02917,3,3,22045.66,3,0
CP02918,3,3,32568.339999999997,2,0
CP02919,6,6,159025.1,4,1
CP02920,7,7,65397.729999999996,3,1
CP02921,5,5,17318.65,1,0
CP02922,1,1,6953.68,0,0
CP02923,5,5,37685.43,3,1
CP02924,3,3,33506.840000000004,2,0
CP02925,6,6,84373.23,3,1
CP02926,8,8,62889.07000000001,1,0
CP02927,8,8,112885.68,3,1
CP02928,3,3,35003.03,2,0
CP02929,1,1,6991.35,0,0
CP02930,4,4,39521.35,2,0
CP02931,4,4,43604.53,1,0
CP02932,4,4,33011.200000000004,2,0
CP02933,7,7,189540.91999999998,4,1
CP02934,7,7,71316.23,3,1
CP02935,5,5,92243.35,3,1
CP02936,7,7,14594.61,2,1
CP02937,3,3,41264.130000000005,3,0
CP02938,7,7,69122.04,2,1
CP02939,4,4,20094.7,2,0
CP02940,3,3,15220.5,3,0
CP02941,7,7,121690.59999999999,2,1
CP02942,7,7,64315.58,2,1
CP02943,7,7,75139.87,3,1
CP02944,1,1,4582.54,0,0
CP02945,4,4,18969.32,1,0
CP02946,4,4,68799.9,0,0
CP02947,2,2,49069.71000000001,0,0
CP02948,4,4,52117.46,1,0
CP02949,1,1,8679.96,0,0
CP02950,7,7,32548.510000000002,3,1
CP02951,2,2,22577.43,1,0
CP02952,5,5,50347.5,1,0
CP02953,7,7,25684.28,5,1
CP02954,7,7,79150.48000000001,4,1
CP02955,2,2,22444.02,1,0
CP02957,4,4,43310.14,2,0
CP02958,5,5,111185.61,2,1
CP02959,5,5,30057.35,3,1
CP02960,3,3,33651.07,2,0
CP02961,5,5,64363.939999999995,2,1
CP02962,4,4,138698.45,3,0
CP02963,3,3,11629.880000000001,0,0
CP02964,1,1,25184.72,0,0
CP02965,7,7,116370.29,3,1
CP02966,7,7,137499.56,4,1
CP02967,7,7,43050.520000000004,4,1
CP02968,3,3,51072.57000000001,1,0
CP02969,5,5,20982.46,2,1
CP02970,6,6,97228.3,5,1
CP02971,7,7,98216.43,2,1
CP02972,10,10,73980.41,3,1
CP02973,6,6,123672.4,1,0
CP02974,7,7,88917.5,3,1
CP02975,7,7,110165.94,3,1
CP02976,6,6,70528.82,2,1
CP02977,4,4,59595.25,3,0
CP02978,2,2,31950.72,2,0
CP02979,6,6,90161.51,2,1
CP02980,7,7,35862.619999999995,6,1
CP02981,7,7,57766.28,2,1
CP02982,2,2,13060.19,0,0
CP02983,4,4,28073.17,4,0
CP02984,2,2,19351.18,1,0
CP02985,6,6,54723.92,3,1
CP02986,4,4,28871.97,2,0
CP02987,4,4,30151.079999999998,1,0
CP02988,4,4,63108.869999999995,0,0
CP02989,8,8,66860.36,6,1
CP02990,3,3,27124.71,0,0
CP02991,10,10,184461.53,5,1
CP02992,8,8,59480.96,6,1
CP02993,5,5,63912.94,0,0
CP02995,2,2,27388.07,0,0
CP02996,5,5,57664.810000000005,1,0
CP02997,3,3,60460.89,1,0
CP02998,4,4,34058.59,2,0
CP02999,5,5,51942.11,4,1
CP03000,3,3,21057.91,2,0
CP03001,6,6,60040.68,2,1
CP03002,1,1,8349.63,1,0
CP03003,3,3,50417.43,1,0
CP03004,6,6,78487.11,1,0
CP03005,6,6,62831.81,1,0
CP03006,8,8,120214.94,5,1
CP03007,8,8,140865.09,3,1
CP03008,8,8,90814.54000000001,2,1
CP03009,4,4,79901.73,0,0
CP03010,5,5,81706.53,3,1
CP03011,3,3,41792.85,2,0
CP03012,3,3,28977.980000000003,0,0
CP03013,4,4,23202.52,2,0
CP03014,3,3,18034.29,1,0
CP03015,4,4,342952.43,1,0
CP03016,1,1,11096.2,1,0
CP03017,5,5,53224.96,3,1
CP03018,6,6,43403.91,1,0
CP03019,8,8,153590.44999999998,3,1
CP03020,4,4,64611.7,3,0
CP03021,9,9,136326.4,5,1
CP03022,8,8,66390.93,2,1
CP03023,4,4,23537.99,2,0
CP03024,3,3,18355.39,2,0
CP03025,4,4,38320.869999999995,1,0
CP03026,4,4,22902.62,2,0
CP03027,8,8,140121.1,3,1
CP03028,3,3,24768.510000000002,1,0
CP03029,2,2,55450.619999999995,2,0
CP03030,3,3,28207.629999999997,2,0
CP03031,2,2,26748.22,2,0
CP03032,4,4,37327.71,3,0
CP03033,7,7,112418.09,3,1
CP03034,4,4,32720.37,1,0
CP03035,2,2,38999.06,1,0
CP03036,4,4,25996.879999999997,3,0
CP03037,5,5,426443.23,1,0
CP03038,4,4,70417.79000000001,2,0
CP03039,6,6,99451.42,2,1
CP03040,4,4,12956.59,2,0
CP03041,4,4,23824.93,3,0
CP03042,2,2,55361.4,1,0
CP03043,2,2,15573.150000000001,1,0
CP03044,4,4,32682.559999999998,2,0
CP03045,7,7,52064.47,2,1
CP03046,3,3,26982.260000000002,1,0
CP03047,1,1,37940.95,1,0
CP03048,5,5,33461.03,2,1
CP03049,2,2,27559.49,0,0
CP03050,7,7,86362.96,3,1
CP03051,1,1,7926.5,0,0
CP03052,3,3,8507.07,2,0
CP03053,5,5,20484.13,3,1
CP03054,4,4,25111.969999999998,0,0
CP03055,2,2,12872.15,0,0
CP03056,2,2,10016.49,1,0
CP03057,3,3,20394.670000000002,2,0
CP03058,5,5,18151.350000000002,1,0
CP03059,5,5,31798.19,1,0
CP03060,7,7,59494.74,3,1
CP03061,2,2,32639.85,0,0
CP03062,1,1,4953.66,1,0
CP03063,5,5,54565.59,3,1
CP03064,4,4,88058.01000000001,3,0
CP03065,4,4,28254.269999999997,2,0
CP03066,8,8,46259.74,1,0
CP03067,5,5,59330.439999999995,4,1
CP03069,3,3,9056.07,1,0
CP03070,5,5,50162.56,0,0
CP03071,6,6,31431.370000000003,2,1
CP03072,4,5,51916.22,1,0
CP03073,3,3,15050.39,2,0
CP03074,5,5,90350.0,2,1
CP03075,3,3,7360.14,2,0
CP03076,7,7,32049.77,2,1
CP03077,5,5,54297.84,1,0
CP03078,4,4,20922.25,1,0
CP03079,7,7,72893.88,2,1
CP03080,4,4,52059.22,1,0
CP03081,5,5,38859.69,2,1
CP03082,5,5,24713.1,0,0
CP03083,4,4,72905.54,1,0
CP03084,5,5,74374.39,2,1
CP03085,4,4,25493.67,3,0
CP03086,8,8,36513.89,2,1
CP03087,8,8,104640.51,5,1
CP03088,7,7,157506.91999999998,3,1
CP03089,5,5,204006.46,0,0
CP03090,5,5,111513.84,1,0
CP03091,7,7,69559.2,3,1
CP03092,7,7,99843.29,2,1
CP03093,3,3,12685.44,1,0
CP03094,2,2,36262.12,1,0
CP03095,2,2,31569.34,2,0
CP03096,3,3,19050.1,0,0
CP03097,7,7,75220.32,4,1
CP03098,3,3,55180.880000000005,3,0
CP03099,4,4,83441.54,1,0
CP03100,6,6,56758.380000000005,1,0
CP03101,3,3,16974.1,1,0
CP03102,4,4,41846.18,1,0
CP03103,6,6,53813.74,3,1
CP03104,2,2,12906.99,1,0
CP03105,3,3,34217.3,1,0
CP03106,5,5,24848.510000000002,1,0
CP03107,2,2,7124.7300000000005,0,0
CP03108,6,6,222921.68,5,1
CP03109,4,4,91882.76,2,0
CP03110,4,4,43241.01,2,0
CP03111,6,6,48331.71,4,1
CP03112,4,4,79441.86,1,0
CP03113,3,3,39937.11,2,0
CP03114,6,6,186507.46,4,1
CP03115,5,5,70789.59,0,0
CP03116,6,6,31506.660000000003,2,1
CP03117,4,4,55263.62,3,0
CP03118,1,1,12043.99,1,0
CP03119,4,4,45332.56,2,0
CP03120,4,4,29912.13,3,0
CP03121,3,3,11510.46,1,0
CP03122,1,1,554.42,1,0
CP03123,5,5,49489.46,2,1
CP03124,5,5,78396.66,2,1
CP03125,7,7,117442.2,4,1
CP03126,4,4,72716.95,1,0
CP03127,5,5,35965.58,2,1
CP03128,6,6,27875.73,0,0
CP03129,2,2,10650.05,1,0
CP03130,5,5,111069.84,3,1
CP03131,5,5,34696.1,2,1
CP03132,6,6,85615.94,4,1
CP03133,7,7,100164.45000000001,3,1
CP03134,4,4,105990.93,1,0
CP03135,2,2,30246.15,1,0
CP03136,11,11,73695.38,4,1
CP03137,8,8,201461.66,3,1
CP03138,5,5,24133.73,3,1
CP03139,8,8,90970.0,2,1
CP03140,4,4,15482.13,2,0
CP03141,7,7,51584.11,2,1
CP03142,1,1,6326.55,0,0
CP03143,5,5,25761.42,1,0
CP03144,4,4,212948.15,1,0
CP03145,4,4,30199.64,3,0
CP03146,6,6,62843.009999999995,3,1
CP03147,4,4,40822.13,0,0
CP03148,4,4,21263.4,1,0
CP03149,4,4,43400.17,0,0
CP03150,4,4,29072.21,3,0
CP03151,6,6,68105.75,2,1
CP03152,4,4,23134.010000000002,2,0
CP03153,5,5,87209.86,2,1
CP03154,3,3,42659.78,2,0
CP03155,8,8,90223.78,3,1
CP03156,4,4,25004.71,3,0
CP03157,5,5,47143.39,3,1
CP03159,1,1,17082.97,0,0
CP03160,5,5,48142.12,2,1
CP03161,9,9,137405.9,2,1
CP03162,12,12,125728.41,4,1
CP03163,2,2,50515.08,1,0
CP03164,3,3,72604.64,2,0
CP03165,6,6,59827.380000000005,2,1
CP03166,6,6,67091.05,3,1
CP03167,6,6,49758.77,2,1
CP03168,3,3,24637.61,1,0
CP03169,3,3,19502.73,0,0
CP03170,5,5,68211.04,2,1
CP03171,5,5,40777.020000000004,1,0
CP03172,4,4,31939.05,3,0
CP03173,7,7,111253.81,3,1
CP03174,4,4,53254.8,3,0
CP03175,2,2,20384.38,1,0
CP03176,3,3,20969.4,0,0
CP03177,3,3,9646.37,2,0
CP03178,2,2,16624.45,1,0
CP03179,3,3,16739.85,0,0
CP03180,8,8,64114.9,2,1
CP03181,3,3,30031.219999999998,2,0
CP03182,7,7,49895.19,2,1
CP03183,1,1,7689.5,0,0
CP03184,4,4,110313.45,3,0
CP03185,5,5,35036.35,3,1
CP03186,6,6,100937.36,1,0
CP03187,4,4,14679.7,3,0
CP03188,4,4,30958.479999999996,1,0
CP03189,4,4,71493.35,2,0
CP03190,5,5,25465.98,2,1
CP03191,6,6,15227.869999999999,2,1
CP03192,2,2,21012.3,1,0
CP03193,8,8,107790.29000000001,4,1
CP03194,4,4,79721.51999999999,1,0
CP03195,8,8,212504.43,8,1
CP03196,5,5,47456.71,2,1
CP03197,4,4,66842.25,1,0
CP03198,3,3,6854.879999999999,2,0
CP03199,7,7,51472.88,4,1
CP03200,1,1,12727.37,0,0
CP03201,2,2,9640.58,2,0
CP03202,3,3,37225.04,2,0
CP03203,7,7,76512.91,2,1
CP03204,6,6,75638.34,1,0
CP03205,4,4,23455.32,4,0
CP03206,5,5,71840.44,4,1
CP03207,4,4,49263.19,1,0
CP03208,4,4,105095.26000000001,1,0
CP03209,7,7,59612.03,2,1
CP03210,7,7,80794.56999999999,4,1
CP03211,5,5,39723.1,1,0
CP03212,3,3,17098.95,1,0
CP03213,3,3,22412.68,2,0
CP03214,9,9,167715.58000000002,5,1
CP03215,7,7,93343.76999999999,4,1
CP03216,4,4,23559.08,3,0
CP03217,7,7,83723.78,3,1
CP03218,7,7,119249.59,1,0
CP03219,4,4,17388.72,1,0
CP03220,7,7,188087.78,4,1
CP03221,4,4,113218.28,1,0
CP03222,7,7,60877.619999999995,3,1
CP03223,2,2,14012.630000000001,2,0
CP03224,3,3,21581.4,1,0
CP03225,3,3,17964.949999999997,1,0
CP03226,7,7,63556.19,4,1
CP03227,9,9,68384.7,3,1
CP03229,5,5,41640.11,2,1
CP03230,4,4,34857.56,2,0
CP03231,4,4,33312.01,0,0
CP03232,8,8,79246.02,5,1
CP03233,4,4,29733.280000000002,3,0
CP03234,3,3,18474.03,0,0
CP03235,5,5,22959.72,3,1
CP03236,11,11,97174.18,5,1
CP03237,10,10,102637.15,5,1
CP03238,5,5,42306.0,3,1
CP03239,7,7,96053.78,4,1
CP03240,7,7,103654.1,3,1
CP03241,5,5,45912.99,1,0
CP03242,11,11,100573.56,4,1
CP03243,4,4,128610.6,1,0
CP03244,4,4,28062.989999999998,1,0
CP03245,2,2,69747.16,1,0
CP03246,4,4,25131.829999999998,2,0
CP03247,8,8,36855.56,0,0
CP03248,2,2,66534.98999999999,1,0
CP03249,3,3,23975.690000000002,0,0
CP03250,9,9,89007.03,4,1
CP03251,5,5,177025.16,2,1
CP03252,7,7,52513.21,2,1
CP03253,1,1,8706.6,0,0
CP03254,3,3,22991.0,3,0
CP03255,1,1,1913.66,0,0
CP03256,5,5,57474.57,3,1
CP03257,5,5,34143.82,4,1
CP03258,6,6,44802.23,5,1
CP03259,1,1,5575.3,0,0
CP03260,6,6,110481.11,3,1
CP03261,3,4,35896.93,2,0
CP03262,9,9,46761.34,5,1
CP03263,7,7,70976.79000000001,3,1
CP03264,4,4,20818.33,1,0
CP03265,6,6,39598.99,3,1
CP03266,1,1,3991.02,0,0
CP03267,2,2,7933.46,0,0
CP03268,1,1,2050.28,0,0
CP03269,5,5,47199.2,2,1
CP03270,8,8,34323.76,2,1
CP03271,8,8,172833.65,4,1
CP03272,6,7,51055.81,3,1
CP03273,3,3,21906.09,1,0
CP03274,11,12,94542.26,7,1
CP03275,7,7,55627.72,0,0
CP03276,5,5,78110.05,3,1
CP03277,4,4,21222.83,3,0
CP03278,9,9,71600.59999999999,6,1
CP03279,4,4,37678.33,2,0
CP03280,5,5,23404.02,2,1
CP03281,4,4,53985.62,2,0
CP03282,7,7,89859.53,1,0
CP03283,7,7,52859.69,3,1
CP03284,3,3,34839.91,1,0
CP03285,3,3,14972.210000000001,0,0
CP03286,6,6,46503.99,3,1
CP03287,3,3,8543.09,2,0
CP03288,9,9,119315.76000000001,4,1
CP03289,5,5,141900.55,1,0
CP03290,3,3,34861.66,1,0
CP03291,9,9,73023.03,6,1
CP03292,7,7,70628.17,2,1
CP03293,3,3,22865.239999999998,0,0
CP03294,9,9,112073.83,3,1
CP03296,5,5,121942.58,1,0
CP03297,3,3,11450.26,0,0
CP03298,1,1,30982.53,1,0
CP03299,3,3,29707.71,3,0
CP03300,8,8,75296.47,5,1
CP03301,4,4,16101.13,2,0
CP03302,5,5,29187.15,3,1
CP03303,5,5,105093.14,1,0
CP03304,3,3,79419.38,1,0
CP03305,7,7,60866.95,2,1
CP03306,5,5,46217.34,1,0
CP03307,5,6,152199.54,3,1
CP03308,8,8,109253.17,2,1
CP03309,6,6,73847.98,1,0
CP03310,7,7,136828.19,3,1
CP03311,9,9,63392.98,5,1
CP03312,3,3,17716.61,2,0
CP03313,5,5,26756.46,0,0
CP03314,7,7,67780.03,3,1
CP03315,5,5,34266.96,2,1
CP03316,1,1,12179.85,0,0
CP03317,2,2,18951.33,0,0
CP03318,5,5,57501.56,2,1
CP03319,4,4,36891.19,0,0
CP03320,4,4,78189.89,0,0
CP03321,5,5,43751.33,2,1
CP03322,2,2,41717.6,0,0
CP03323,5,5,45222.01,4,1
CP03324,2,2,14415.83,0,0
CP03325,4,4,17595.91,1,0
CP03326,2,2,3537.12,1,0
CP03327,6,6,60935.97,2,1
CP03328,4,4,46469.26,2,0
CP03329,4,4,27704.95,3,0
CP03330,4,4,111815.51999999999,2,0
CP03331,9,9,87480.21,1,0
CP03332,6,6,25949.24,3,1
CP03333,5,5,65168.380000000005,2,1
CP03334,4,4,56246.22,1,0
CP03335,5,5,80261.24,0,0
CP03336,3,3,39306.77,0,0
CP03337,4,4,29706.23,1,0
CP03338,5,5,46336.82,1,0
CP03339,5,5,54130.979999999996,4,1
CP03340,5,5,95349.34,2,1
CP03341,9,9,243123.08,3,1
CP03342,4,4,42817.51,1,0
CP03343,5,5,170599.45,3,1
CP03344,3,3,30927.86,1,0
CP03345,1,1,5536.04,0,0
CP03346,2,2,20266.78,1,0
CP03347,4,4,25736.58,1,0
CP03348,6,6,53893.630000000005,1,0
CP03349,4,4,37675.049999999996,3,0
CP03350,1,1,1680.19,0,0
CP03351,5,5,70609.47,2,1
CP03352,4,4,21992.129999999997,1,0
CP03353,5,5,30355.510000000002,1,0
CP03354,3,3,43963.770000000004,1,0
CP03355,4,4,41373.97,1,0
CP03356,9,9,98293.13,5,1
CP03357,4,4,33631.83,0,0
CP03358,6,6,56142.26,2,1
CP03359,5,5,82643.23,3,1
CP03360,6,6,60309.19,2,1
CP03361,4,4,59000.51,2,0
CP03362,4,4,81391.7,4,0
CP03363,3,3,16886.28,1,0
CP03364,2,2,129203.97,2,0
CP03365,8,8,53427.2,3,1
CP03366,1,1,6147.01,0,0
CP03367,2,2,27744.45,0,0
CP03368,5,5,200667.65,3,1
CP03369,5,5,66369.17,1,0
CP03370,5,5,104638.32,2,1
CP03371,2,2,38742.93,0,0
CP03372,4,4,36146.520000000004,0,0
CP03373,3,3,20866.88,3,0
CP03374,3,3,30208.72,1,0
CP03375,3,3,32671.64,1,0
CP03376,9,9,85046.72,7,1
CP03377,1,1,8879.1,1,0
CP03378,5,5,52729.32,3,1
CP03379,7,7,44159.69,2,1
CP03380,5,5,105969.22,3,1
CP03381,2,2,45908.92,1,0
CP03382,5,5,120166.23000000001,2,1
CP03383,4,4,17332.81,0,0
CP03384,8,8,116583.13,2,1
CP03385,2,2,48080.88,0,0
CP03386,4,4,23096.42,2,0
CP03387,8,8,83876.04,5,1
CP03388,8,8,101812.99,3,1
CP03389,3,3,24554.11,1,0
CP03390,5,5,49015.51,1,0
CP03391,7,7,60159.17,5,1
CP03392,4,4,471460.14999999997,3,0
CP03393,2,2,16283.72,0,0
CP03394,3,3,189461.08000000002,0,0
CP03395,5,5,39851.95,1,0
CP03396,8,8,69497.29000000001,0,0
CP03397,6,6,97562.9,1,0
CP03398,4,4,28545.489999999998,3,0
CP03399,5,5,27610.690000000002,3,1
CP03400,3,3,44491.25,2,0
CP03401,4,4,30447.6,3,0
CP03402,3,3,15905.99,0,0
CP03403,3,3,15265.369999999999,1,0
CP03404,7,7,90869.43000000001,1,0
CP03405,3,3,18960.940000000002,1,0
CP03406,4,4,129221.11,3,0
CP03407,6,6,42704.590000000004,4,1
CP03408,2,2,4017.49,1,0
CP03409,6,6,51656.19,3,1
CP03410,8,8,102322.53,3,1
CP03411,4,4,26904.41,2,0
CP03412,3,4,34813.53,0,0
CP03413,6,6,32475.34,1,0
CP03414,5,5,93998.09000000001,1,0
CP03415,5,5,33270.15,3,1
CP03416,5,5,16309.630000000001,4,1
CP03417,3,3,31244.620000000003,1,0
CP03418,7,7,109321.12,2,1
CP03419,4,4,17430.89,1,0
CP03420,5,5,67059.02,1,0
CP03421,5,5,41950.270000000004,2,1
CP03422,5,5,30906.309999999998,1,0
CP03423,5,5,25260.88,1,0
CP03424,6,6,250877.17,2,1
CP03425,7,7,49823.67,3,1
CP03426,3,3,4441.01,2,0
CP03427,3,3,14424.23,1,0
CP03428,8,8,71151.83,4,1
CP03429,5,5,22161.49,3,1
CP03430,7,7,77632.76000000001,3,1
CP03431,3,3,22898.03,3,0
CP03432,4,4,36061.95,3,0
CP03433,3,3,17199.62,3,0
CP03434,6,6,36657.99,3,1
CP03435,2,2,13686.69,0,0
CP03436,5,5,81726.48999999999,3,1
CP03437,9,9,146760.65,2,1
CP03438,4,4,12403.16,3,0
CP03439,5,5,51473.92,1,0
CP03440,4,4,33951.74,1,0
CP03441,8,8,159394.88,3,1
CP03442,1,1,12199.66,1,0
CP03443,4,4,49246.020000000004,0,0
CP03444,3,3,9336.58,2,0
CP03445,4,4,42319.61,2,0
CP03446,7,7,100483.48999999999,0,0
CP03447,1,1,6410.83,0,0
CP03448,5,5,87303.88,3,1
CP03449,5,5,50268.39,4,1
CP03450,5,5,104057.73999999999,2,1
CP03451,6,6,123625.45,4,1
CP03452,2,2,27210.09,0,0
CP03453,4,4,16745.420000000002,3,0
CP03455,9,9,68415.7,4,1
CP03456,4,4,71351.86,1,0
CP03457,6,6,57574.44,1,0
CP03458,6,6,57046.56,1,0
CP03459,2,2,34692.07,2,0
CP03460,8,8,125387.90000000001,5,1
CP03461,3,3,23215.87,1,0
CP03462,5,5,46069.37,2,1
CP03463,4,4,19502.5,1,0
CP03464,6,6,46767.64,2,1
CP03465,6,6,51588.12,3,1
CP03466,5,5,80391.83,2,1
CP03467,4,4,60249.56,0,0
CP03468,7,7,131295.21,2,1
CP03469,4,4,27341.96,3,0
CP03470,4,4,33491.28,3,0
CP03471,3,3,24709.23,1,0
CP03472,5,5,36755.62,5,1
CP03473,6,6,67012.51,2,1
CP03474,4,4,75487.19,0,0
CP03475,4,4,35989.21,3,0
CP03476,4,4,20438.96,0,0
CP03477,3,3,47346.990000000005,1,0
CP03478,4,4,59609.99,2,0
CP03479,7,7,73268.51,3,1
CP03480,4,4,24483.59,1,0
CP03481,6,6,52470.25,3,1
CP03482,5,5,110618.68,2,1
CP03483,2,2,32768.880000000005,1,0
CP03484,7,7,60553.02,2,1
CP03485,7,7,143060.56,3,1
CP03486,5,5,71493.51000000001,3,1
CP03487,2,2,54580.47,1,0
CP03488,5,5,67590.39,2,1
CP03489,3,3,9329.31,2,0
CP03490,2,2,10999.5,2,0
CP03491,5,5,58639.97,3,1
CP03492,6,6,32533.559999999998,2,1
CP03493,7,7,85869.72,3,1
CP03494,8,8,50405.29,5,1
CP03495,3,3,22524.43,2,0
CP03496,4,4,39571.75,2,0
CP03497,3,3,7209.280000000001,2,0
CP03498,4,4,14201.32,2,0
CP03499,4,4,54399.86,0,0
CP03500,3,3,18625.12,0,0
CP03501,5,5,30145.949999999997,3,1
CP03502,4,4,50641.25,1,0
CP03503,9,9,82254.99,5,1
CP03504,3,3,31653.94,2,0
CP03505,7,7,165470.71,6,1
CP03506,6,6,33137.61,0,0
CP03507,4,4,91260.84,1,0
CP03508,1,1,13785.88,0,0
CP03509,8,8,88376.67,1,0
CP03510,2,2,7720.26,1,0
CP03511,2,2,9013.970000000001,0,0
CP03512,8,8,79870.38,1,0
CP03513,2,2,60032.96,1,0
CP03514,5,5,75787.61,2,1
CP03515,2,2,167785.94,0,0
CP03516,3,3,27621.57,1,0
CP03517,1,1,1620.77,0,0
CP03518,5,5,20312.3,0,0
CP03519,5,5,41783.44,2,1
CP03520,5,5,28749.64,1,0
CP03521,8,8,100489.72,2,1
CP03522,5,5,47510.29,3,1
CP03523,9,9,185862.63999999998,3,1
CP03524,4,4,80316.13,2,0
CP03525,5,6,78988.8,2,1
CP03526,2,2,20503.94,0,0
CP03527,3,3,19177.57,1,0
CP03528,8,8,115913.24,4,1
CP03529,3,3,13042.65,1,0
CP03530,7,7,37773.82,1,0
CP03531,1,1,8438.97,0,0
CP03532,4,4,60890.84,2,0
CP03533,6,6,47461.979999999996,2,1
CP03534,4,4,52060.42,1,0
CP03535,8,9,79280.06,2,1
CP03536,2,2,12313.24,0,0
CP03537,1,1,10616.04,0,0
CP03538,1,1,42138.42,0,0
CP03539,2,2,16162.9,0,0
CP03540,4,5,61341.979999999996,2,0
CP03541,4,4,51744.69,2,0
CP03542,2,2,6938.21,1,0
CP03543,2,2,35623.19,1,0
CP03544,5,5,64459.0,2,1
CP03545,4,4,138972.88999999998,3,0
CP03546,7,7,83342.9,2,1
CP03547,4,4,35832.16,1,0
CP03548,4,4,16716.74,1,0
CP03549,5,5,47738.42,1,0
CP03550,1,1,54908.29,1,0
CP03551,3,3,18183.8,2,0
CP03552,5,5,47931.520000000004,3,1
CP03553,3,3,33516.62,1,0
CP03554,7,7,40607.7,4,1
CP03555,6,6,39286.47,1,0
CP03556,5,5,57181.479999999996,2,1
CP03557,3,3,28220.92,2,0
CP03558,6,6,97678.35,2,1
CP03559,3,3,20983.19,2,0
CP03560,6,6,41984.47,1,0
CP03561,7,7,190131.47,3,1
CP03562,10,10,110191.22,3,1
CP03563,5,5,92308.82,1,0
CP03564,3,3,32942.05,1,0
CP03565,3,3,88728.31999999999,1,0
CP03566,4,4,34858.39,3,0
CP03567,4,4,33874.619999999995,1,0
CP03568,6,6,46650.78,3,1
CP03569,2,2,25100.42,0,0
CP03570,4,4,25359.949999999997,0,0
CP03571,3,3,28761.86,1,0
CP03572,11,11,87854.92,4,1
CP03573,2,2,41892.15,2,0
CP03574,4,4,59184.85,2,0
CP03575,8,8,100959.67,2,1
CP03576,2,2,42554.28999999999,1,0
CP03577,3,3,33639.259999999995,2,0
CP03578,4,4,32454.61,1,0
CP03579,4,4,112643.21,1,0
CP03580,4,4,46316.619999999995,0,0
CP03581,3,3,55368.83,1,0
CP03582,9,9,100830.32,4,1
CP03583,5,5,47873.73,3,1
CP03584,7,7,66974.73999999999,3,1
CP03585,7,7,67511.93,6,1
CP03586,2,2,20454.57,1,0
CP03587,8,8,175492.9,2,1
CP03588,3,3,42575.130000000005,0,0
CP03589,1,1,34004.05,1,0
CP03590,4,4,66643.78,1,0
CP03591,6,6,51400.08,2,1
CP03592,3,3,18324.12,2,0
CP03593,6,6,73829.14,3,1
CP03594,5,5,28968.79,1,0
CP03595,5,5,62043.56,2,1
CP03596,7,7,40837.840000000004,3,1
CP03597,2,2,15058.17,1,0
CP03598,6,6,45811.93,4,1
CP03599,5,5,69574.86,3,1
CP03600,3,3,53303.17,1,0
CP03601,5,5,60531.880000000005,1,0
CP03602,7,7,71117.51,3,1
CP03603,7,7,56874.06,2,1
CP03604,8,8,179745.46,2,1
CP03605,6,6,97791.59,2,1
CP03606,5,5,91805.39,2,1
CP03607,3,3,18920.95,1,0
CP03608,1,1,8020.39,0,0
CP03609,8,8,152788.46,4,1
CP03610,5,5,41366.0,1,0
CP03611,5,5,29142.93,2,1
CP03612,3,3,17998.23,1,0
CP03613,4,4,10760.21,4,0
CP03614,1,1,1577.52,1,0
CP03615,5,5,23585.57,2,1
CP03616,6,6,72688.32,1,0
CP03617,6,6,77405.47,3,1
CP03618,5,5,51900.579999999994,3,1
CP03619,5,5,21039.23,1,0
CP03620,6,6,116001.54,3,1
CP03621,4,4,73535.82,3,0
CP03622,1,1,3893.87,1,0
CP03623,6,6,30498.21,2,1
CP03624,7,7,102270.45999999999,5,1
CP03625,6,6,52361.0,2,1
CP03626,5,5,52018.92,2,1
CP03627,3,3,14381.06,1,0
CP03628,6,6,53438.560000000005,2,1
CP03629,5,5,65944.11,2,1
CP03630,3,3,24975.76,0,0
CP03631,5,5,39235.48,3,1
CP03632,5,5,63925.55,5,1
CP03633,6,6,33434.36,2,1
CP03634,4,4,33786.37,2,0
CP03635,5,5,26076.85,1,0
CP03636,3,3,12375.72,1,0
CP03637,7,7,63026.22,2,1
CP03638,6,6,32761.35,3,1
CP03639,3,3,16027.22,1,0
CP03640,7,7,79086.8,3,1
CP03641,4,4,70632.03,1,0
CP03644,5,5,46583.270000000004,2,1
CP03645,5,5,42345.66,3,1
CP03646,5,5,53253.0,0,0
CP03647,6,6,66731.77,2,1
CP03648,5,5,67321.29999999999,2,1
CP03649,4,4,39433.479999999996,2,0
CP03650,9,9,153532.72,3,1
CP03651,5,5,43706.880000000005,1,0
CP03652,2,2,10135.85,1,0
CP03653,2,2,39032.41,0,0
CP03654,3,3,37321.05,2,0
CP03655,6,6,52811.35,1,0
CP03656,5,5,26653.39,2,1
CP03658,1,1,20011.69,0,0
CP03659,6,6,37655.11,2,1
CP03660,6,6,66830.65,3,1
CP03661,7,7,45126.23,4,1
CP03662,5,5,38882.2,2,1
CP03663,2,2,14366.599999999999,1,0
CP03664,4,4,24335.33,2,0
CP03665,6,6,56430.57,3,1
CP03666,6,6,73124.98,4,1
CP03667,3,3,25025.440000000002,1,0
CP03668,5,5,31060.79,3,1
CP03669,3,3,18632.53,2,0
CP03670,4,4,45033.41,1,0
CP03671,5,5,35470.05,2,1
CP03672,4,4,26765.23,1,0
CP03673,5,5,62123.759999999995,3,1
CP03674,1,1,3978.45,0,0
CP03675,2,2,40032.11,0,0
CP03676,3,3,98237.18000000001,1,0
CP03677,8,8,109846.65,3,1
CP03678,8,8,99392.3,3,1
CP03679,5,5,111486.34,4,1
CP03680,8,8,107072.05,1,0
CP03681,7,7,68455.11,1,0
CP03682,10,10,66485.66,6,1
CP03683,2,2,26652.339999999997,1,0
CP03684,7,7,102392.81,1,0
CP03685,7,7,95024.23999999999,4,1
CP03686,3,3,48325.8,0,0
CP03687,3,3,10219.94,1,0
CP03688,8,8,105622.48,3,1
CP03689,2,2,4494.08,0,0
CP03690,1,1,3129.28,0,0
CP03691,5,5,39129.19,1,0
CP03692,4,4,25173.85,3,0
CP03694,3,3,17053.4,1,0
CP03695,7,7,67406.2,3,1
CP03696,3,3,22379.190000000002,0,0
CP03697,8,8,86265.6,5,1
CP03698,7,7,72135.69,1,0
CP03699,3,3,7998.87,1,0
CP03700,4,4,58260.7,0,0
CP03701,1,1,12897.71,0,0
CP03702,3,4,74130.48,2,0
CP03703,6,7,70205.75,1,0
CP03704,5,5,36792.2,0,0
CP03705,3,3,11236.21,0,0
CP03706,2,2,23060.519999999997,2,0
CP03707,7,7,24370.24,1,0
CP03708,3,3,18198.08,1,0
CP03709,6,6,62576.90000000001,2,1
CP03710,5,5,21684.29,1,0
CP03711,4,4,49946.14,1,0
CP03712,4,4,17736.05,1,0
CP03713,8,8,61652.17,4,1
CP03714,4,4,51869.090000000004,1,0
CP03715,2,2,13855.810000000001,0,0
CP03716,6,6,45849.5,2,1
CP03717,2,2,25926.22,1,0
CP03718,2,2,6200.3,0,0
CP03719,8,8,95921.84,5,1
CP03720,8,8,41961.81,5,1
CP03721,9,9,70974.67,1,0
CP03722,3,3,21053.39,3,0
CP03723,3,3,30792.61,0,0
CP03724,6,6,98969.14,2,1
CP03725,9,9,63858.99,5,1
CP03726,3,3,15750.0,2,0
CP03727,3,3,46167.9,3,0
CP03728,5,5,11249.25,1,0
CP03729,4,4,25728.760000000002,3,0
CP03730,3,3,16439.690000000002,2,0
CP03731,2,2,1223.48,2,0
CP03732,6,6,43855.33,5,1
CP03733,5,5,38388.92,3,1
CP03734,3,3,20994.489999999998,2,0
CP03735,3,3,22412.22,0,0
CP03736,5,5,63326.1,1,0
CP03737,5,5,79959.81,2,1
CP03738,1,1,4308.21,1,0
CP03739,3,3,17683.21,0,0
CP03740,4,4,54102.380000000005,1,0
CP03741,3,3,28150.74,3,0
CP03742,5,5,21295.64,2,1
CP03743,5,5,50087.17,1,0
CP03744,3,3,27908.01,2,0
CP03745,7,7,58479.11,1,0
CP03746,2,2,29620.09,0,0
CP03747,5,5,20592.16,2,1
CP03748,5,5,55421.020000000004,1,0
CP03749,7,7,78869.47,3,1
CP03750,2,2,7263.389999999999,0,0
CP03751,1,1,49410.21,1,0
CP03752,3,3,15544.119999999999,2,0
CP03753,5,5,44051.93,4,1
CP03754,2,2,4848.56,1,0
CP03755,6,6,110199.04999999999,2,1
CP03756,5,5,87218.61,4,1
CP03757,3,3,23029.239999999998,1,0
CP03759,2,2,4691.25,0,0
CP03760,4,4,28007.41,2,0
CP03761,3,3,7661.719999999999,2,0
CP03762,10,10,91478.72,3,1
CP03763,2,2,19102.059999999998,1,0
CP03764,8,8,84312.23,3,1
CP03765,4,4,33422.26,2,0
CP03766,3,3,34592.0,0,0
CP03767,5,5,60817.71,1,0
CP03768,3,3,47873.76,1,0
CP03769,3,3,5919.55,0,0
CP03770,4,4,28157.59,2,0
CP03771,6,6,56008.26,3,1
CP03772,9,9,143584.65,1,0
CP03773,3,3,9410.06,1,0
CP03774,4,4,35955.84,2,0
CP03775,7,7,110713.51,3,1
CP03776,5,5,45447.729999999996,1,0
CP03777,1,1,3622.46,0,0
CP03778,2,2,15135.85,1,0
CP03779,5,5,38071.21,2,1
CP03780,6,6,130287.23999999999,1,0
CP03781,2,2,5459.45,1,0
CP03782,7,7,73016.24,4,1
CP03783,2,2,32490.010000000002,0,0
CP03784,5,5,25515.43,2,1
CP03785,5,5,39952.4,2,1
CP03786,6,6,107119.29,6,1
CP03787,3,3,24065.46,1,0
CP03788,5,5,40562.22,4,1
CP03789,3,3,13165.84,1,0
CP03790,2,2,1840.4,1,0
CP03791,6,6,188400.8,1,0
CP03792,5,5,21815.39,0,0
CP03793,5,5,71262.27,1,0
CP03794,3,3,18628.03,1,0
CP03795,6,6,85407.18000000001,5,1
CP03796,3,3,20824.81,1,0
CP03797,4,4,40388.37,2,0
CP03798,3,3,24125.289999999997,0,0
CP03799,7,7,32917.81,4,1
CP03800,5,5,99218.7,2,1
CP03801,5,5,22529.57,1,0
CP03802,2,2,17827.52,1,0
CP03803,5,5,13901.09,1,0
CP03804,3,3,49965.14,2,0
CP03805,5,5,58109.73999999999,3,1
CP03806,1,1,1897.82,0,0
CP03807,4,4,28365.67,1,0
CP03808,8,8,79906.48,2,1
CP03809,1,1,678.45,1,0
CP03810,3,3,20124.190000000002,1,0
CP03811,2,2,15393.439999999999,1,0
CP03812,7,7,134384.02,4,1
CP03813,5,5,48521.83,3,1
CP03814,5,5,114737.82,2,1
CP03815,5,5,48217.81999999999,3,1
CP03816,5,5,87824.17,5,1
CP03817,4,4,47386.07,2,0
CP03818,3,3,30073.379999999997,1,0
CP03819,4,4,22793.27,0,0
CP03820,4,4,56065.62,1,0
CP03821,7,7,49700.9,3,1
CP03822,2,2,11481.91,0,0
CP03823,4,4,27522.57,1,0
CP03824,6,6,66073.11,2,1
CP03825,4,4,19374.870000000003,0,0
CP03826,7,7,82423.76000000001,4,1
CP03827,7,7,60952.41,3,1
CP03828,5,5,33965.94,5,1
CP03829,9,9,122571.51,5,1
CP03830,5,5,66522.35,1,0
CP03831,4,4,50265.17,2,0
CP03832,5,5,61817.7,2,1
CP03833,4,4,8929.61,0,0
CP03834,4,4,118994.66,1,0
CP03835,6,6,60382.11,2,1
CP03836,5,5,19699.47,5,1
CP03837,4,4,35515.21,2,0
CP03838,2,2,15299.56,1,0
CP03839,6,6,31460.289999999997,4,1
CP03840,4,4,46103.479999999996,2,0
CP03841,4,4,41466.79,0,0
CP03842,8,8,48192.14,4,1
CP03843,2,2,7007.67,0,0
CP03844,2,2,32415.04,0,0
CP03845,5,5,54371.65,1,0
CP03846,4,4,46358.96,3,0
CP03847,5,5,48442.39,2,1
CP03848,6,6,78626.69,4,1
CP03849,5,5,46295.28,3,1
CP03850,4,4,55555.04,1,0
CP03851,4,4,48961.13,1,0
CP03852,7,7,107177.65000000001,2,1
CP03853,3,3,69680.28,1,0
CP03854,6,6,123064.73,3,1
CP03856,5,5,50718.899999999994,3,1
CP03857,5,5,18519.37,2,1
CP03858,4,4,7752.960000000001,1,0
CP03859,7,7,41084.58,2,1
CP03860,5,5,51737.36,1,0
CP03861,2,2,15585.689999999999,1,0
CP03862,3,3,14875.43,1,0
CP03863,5,5,108605.59,3,1
CP03864,5,5,60097.79,0,0
CP03865,6,6,78934.13,3,1
CP03866,3,3,44376.78,1,0
CP03867,2,2,19547.04,1,0
CP03868,4,4,46776.83,2,0
CP03869,4,4,28996.65,1,0
CP03870,8,8,130547.2,3,1
CP03871,8,8,116831.43,2,1
CP03872,6,6,59827.909999999996,3,1
CP03873,6,6,113582.58,3,1
CP03874,4,4,59435.27,2,0
CP03875,5,5,26577.48,2,1
CP03876,4,4,124213.64000000001,0,0
CP03878,2,2,6922.43,1,0
CP03880,3,3,16744.67,2,0
CP03881,8,8,70698.27,4,1
CP03882,4,4,52407.79,3,0
CP03883,5,5,47162.68,3,1
CP03884,4,5,82802.37,1,0
CP03885,6,6,96033.57,2,1
CP03886,7,7,143451.54,4,1
CP03887,3,3,25113.320000000003,2,0
CP03888,6,6,55557.27,4,1
CP03889,6,6,34615.2,1,0
CP03890,2,2,37500.78,0,0
CP03891,5,5,54339.68,3,1
CP03892,4,4,65435.92,1,0
CP03893,4,4,26006.66,2,0
CP03894,6,6,62414.88,2,1
CP03895,6,6,154291.99,1,0
CP03896,5,5,31900.04,2,1
CP03897,6,6,65730.87,3,1
CP03898,1,1,4484.59,1,0
CP03899,4,4,46623.130000000005,1,0
CP03900,3,3,47179.16,2,0
CP03901,7,7,67784.88,4,1
CP03902,4,4,29407.760000000002,2,0
CP03903,6,6,33974.72,3,1
CP03904,8,8,85134.45,4,1
CP03905,7,7,143703.85,5,1
CP03906,5,5,45957.84,2,1
CP03907,8,8,51388.61,2,1
CP03908,5,5,53374.25,0,0
CP03909,5,5,21120.36,1,0
CP03910,2,2,76938.70999999999,0,0
CP03911,11,11,109517.45,5,1
CP03912,3,3,78769.82,2,0
CP03913,9,9,36454.97,4,1
CP03914,1,1,2614.34,1,0
CP03915,2,2,18673.97,0,0
CP03917,4,4,48907.22,2,0
CP03918,4,4,106867.67,1,0
CP03919,7,7,78852.42,2,1
CP03920,1,1,2548.64,1,0
CP03921,4,4,49733.63999999999,3,0
CP03922,2,2,10522.58,0,0
CP03923,3,3,90526.82,2,0
CP03924,8,8,39418.1,5,1
CP03925,5,5,137878.84,1,0
CP03926,5,5,53950.08,3,1
CP03927,8,8,63921.99,3,1
CP03928,1,1,20827.4,0,0
CP03929,6,6,43079.38,2,1
CP03930,5,5,28124.05,2,1
CP03931,2,2,9281.67,1,0
CP03932,8,8,108099.54000000001,3,1
CP03933,4,4,55121.61,0,0
CP03934,10,10,110132.47,1,0
CP03935,5,5,44704.24,2,1
CP03936,2,2,43567.2,1,0
CP03937,4,4,12297.27,1,0
CP03938,3,3,24623.04,3,0
CP03939,3,3,31224.74,1,0
CP03940,2,2,14347.93,1,0
CP03941,5,5,48237.56,4,1
CP03942,6,6,46478.65,3,1
CP03943,5,5,56292.950000000004,0,0
CP03944,3,3,56641.46000000001,1,0
CP03945,3,3,20675.300000000003,1,0
CP03946,4,4,35973.020000000004,2,0
CP03947,6,6,71562.59,5,1
CP03948,3,3,32128.61,0,0
CP03949,2,2,3588.2,1,0
CP03950,4,4,69029.82,2,0
CP03951,3,3,21458.77,1,0
CP03952,3,3,56292.35,1,0
CP03954,5,5,93424.5,1,0
CP03955,3,3,16482.9,0,0
CP03956,1,1,46427.34,0,0
CP03957,6,6,53063.81,2,1
CP03958,4,4,20319.07,1,0
CP03959,2,2,11790.83,1,0
CP03960,2,2,16544.58,1,0
CP03961,2,2,55395.85,1,0
CP03962,1,1,9983.78,1,0
CP03963,6,6,53452.34,3,1
CP03964,8,8,85241.03,3,1
CP03965,7,7,69498.95,1,0
CP03966,4,4,37023.56,1,0
CP03967,8,8,43549.23,3,1
CP03968,5,5,27994.38,2,1
CP03969,6,7,71230.31,0,0
CP03970,1,1,4578.97,0,0
CP03971,6,6,59762.47,4,1
CP03972,7,7,127943.95,4,1
CP03973,7,7,54512.84999999999,4,1
CP03974,4,4,39792.44,1,0
CP03975,3,3,21873.16,1,0
CP03976,3,3,11269.43,2,0
CP03977,5,5,61454.9,4,1
CP03978,3,3,10621.41,1,0
CP03979,4,4,38321.65,3,0
CP03980,2,2,8099.34,1,0
CP03981,4,4,70205.09999999999,1,0
CP03982,2,2,10530.76,1,0
CP03983,4,4,32560.49,1,0
CP03984,6,6,70311.17,5,1
CP03985,9,9,111608.04,5,1
CP03986,5,5,30260.59,2,1
CP03987,3,3,29139.68,1,0
CP03988,4,4,14070.32,3,0
CP03989,2,2,18062.059999999998,1,0
CP03990,5,5,53856.6,3,1
CP03991,2,2,15686.07,2,0
CP03992,4,4,72093.6,0,0
CP03993,3,3,10500.57,2,0
CP03994,3,3,14206.71,0,0
CP03995,5,5,66223.09,1,0
CP03996,7,7,97951.8,3,1
CP03997,4,4,60961.909999999996,4,0
CP03998,4,4,17130.059999999998,3,0
CP03999,6,6,52079.36,3,1
CP04000,1,1,2590.36,0,0
CP04001,3,3,81266.14,0,0
CP04002,8,8,57995.91,4,1
CP04003,3,3,60851.369999999995,2,0
CP04004,1,1,7953.16,1,0
CP04005,5,5,29275.46,1,0
CP04006,1,1,7341.52,0,0
CP04007,6,6,34323.88,1,0
CP04008,8,8,44237.97,4,1
CP04009,3,3,14705.37,0,0
CP04010,7,7,61580.420000000006,2,1
CP04011,4,4,24445.420000000002,1,0
CP04012,9,9,110881.88,2,1
CP04013,3,3,27446.85,0,0
CP04014,6,6,58985.95,6,1
CP04015,5,5,47189.84,1,0
CP04016,11,11,89762.29000000001,2,1
CP04017,4,4,135601.91999999998,1,0
CP04018,3,3,35962.119999999995,1,0
CP04019,5,5,89023.36,2,1
CP04020,4,4,69935.3,1,0
CP04021,3,3,46689.57000000001,1,0
CP04022,1,1,2989.64,1,0
CP04023,2,2,9843.26,0,0
CP04024,8,8,98934.49999999999,1,0
CP04025,3,3,11994.41,0,0
CP04026,6,6,147101.35,0,0
CP04027,7,7,45634.72,0,0
CP04028,6,6,70360.55,4,1
CP04029,5,5,54071.340000000004,2,1
CP04030,4,4,46180.770000000004,2,0
CP04031,3,3,40300.479999999996,1,0
CP04032,5,5,58526.89,2,1
CP04033,2,2,4833.31,1,0
CP04034,5,5,33904.46,1,0
CP04035,5,5,45547.4,2,1
CP04036,3,3,19622.65,1,0
CP04037,7,7,38459.78,5,1
CP04038,2,2,14740.28,1,0
CP04039,4,4,36790.99,3,0
CP04040,7,7,61332.270000000004,2,1
CP04041,5,5,33663.899999999994,2,1
CP04042,3,3,43237.28,2,0
CP04043,4,4,69773.75,2,0
CP04044,10,10,96702.97,4,1
CP04045,10,10,138509.58,5,1
CP04046,8,8,109827.75,6,1
CP04047,7,7,93896.77,3,1
CP04048,2,2,21199.16,1,0
CP04049,3,3,22407.19,2,0
CP04050,5,5,60634.01,2,1
CP04051,4,4,82053.94,2,0
CP04052,8,8,254368.88,5,1
CP04053,5,5,116751.45999999999,2,1
CP04054,5,5,64563.100000000006,1,0
CP04055,1,1,1278.34,0,0
CP04056,3,3,14204.43,1,0
CP04057,4,4,39282.95,0,0
CP04058,4,4,176885.56,0,0
CP04059,8,8,139386.16999999998,5,1
CP04060,1,1,5694.78,0,0
CP04061,3,3,12473.7,1,0
CP04062,5,5,94599.57,2,1
CP04063,2,2,6990.53,2,0
CP04064,9,9,174697.47999999998,3,1
CP04065,8,9,128919.56,2,1
CP04066,8,8,103647.6,3,1
CP04067,6,6,54596.18,4,1
CP04068,2,2,46200.85,0,0
CP04069,4,4,40653.6,0,0
CP04070,4,4,27347.41,2,0
CP04071,4,4,24636.96,0,0
CP04072,3,3,32813.62,1,0
CP04073,7,7,46207.19,4,1
CP04074,7,7,45834.259999999995,3,1
CP04075,3,3,16281.259999999998,2,0
CP04076,4,4,15949.33,3,0
CP04077,4,4,48393.770000000004,1,0
CP04078,5,5,152946.44,1,0
CP04079,5,5,72460.85,1,0
CP04080,6,6,79844.73,2,1
CP04081,5,5,74899.78,0,0
CP04082,4,4,53138.81,1,0
CP04083,7,7,84694.39,1,0
CP04084,4,4,38724.88,2,0
CP04085,8,8,45525.88,4,1
CP04086,9,9,49498.32,4,1
CP04087,3,3,58364.09,2,0
CP04089,3,3,34545.25,1,0
CP04090,7,7,101187.87000000001,3,1
CP04091,2,2,10324.69,1,0
CP04092,5,5,50010.46,3,1
CP04093,7,7,74833.48999999999,3,1
CP04094,6,6,130408.49,4,1
CP04095,7,7,45831.229999999996,6,1
CP04096,2,2,8197.439999999999,1,0
CP04097,8,8,60656.94,3,1
CP04098,5,5,33858.64,3,1
CP04099,4,4,59085.07,0,0
CP04100,2,2,2812.85,0,0
CP04101,6,6,93587.63,2,1
CP04102,4,4,37223.25,1,0
CP04103,9,9,115063.77,5,1
CP04104,4,4,109411.17,1,0
CP04105,6,6,39838.84,1,0
CP04106,1,1,16215.56,0,0
CP04107,2,2,3093.74,1,0
CP04108,5,5,83092.54,1,0
CP04109,3,3,14366.960000000001,1,0
CP04110,1,1,34996.63,1,0
CP04111,4,4,23784.410000000003,1,0
CP04112,6,6,42194.97,3,1
CP04113,4,4,66063.55,1,0
CP04114,4,4,28580.989999999998,1,0
CP04115,4,4,74931.85,1,0
CP04116,1,1,3907.37,0,0
CP04117,5,5,86598.42,2,1
CP04118,3,3,67684.06,1,0
CP04119,3,3,14910.81,2,0
CP04120,5,5,56827.39,2,1
CP04121,3,3,19696.870000000003,1,0
CP04122,5,5,23647.37,3,1
CP04123,7,7,59714.44,3,1
CP04124,3,3,80228.01,3,0
CP04125,2,2,31424.26,0,0
CP04126,3,3,36005.14,1,0
CP04128,4,4,64188.42,2,0
CP04129,5,5,62639.270000000004,0,0
CP04130,9,9,152133.21,4,1
CP04131,1,1,1109.53,0,0
CP04132,4,4,35017.08,2,0
CP04133,6,6,20877.38,1,0
CP04134,1,1,14901.29,1,0
CP04135,3,3,36498.81,1,0
CP04136,8,8,177534.16,4,1
CP04137,6,6,66124.5,2,1
CP04138,8,8,95031.12,3,1
CP04139,6,6,46700.11,1,0
CP04140,4,4,42403.75,2,0
CP04141,5,5,59202.11,2,1
CP04142,6,6,43235.42,3,1
CP04143,5,5,95587.13,2,1
CP04144,8,8,77527.09,1,0
CP04145,7,7,49976.0,3,1
CP04146,2,2,6126.370000000001,1,0
CP04147,10,10,92792.36,6,1
CP04148,3,3,28443.84,2,0
CP04149,5,5,44670.04,2,1
CP04150,5,5,60695.93000000001,4,1
CP04151,5,5,56333.34,1,0
CP04152,4,4,81164.66,2,0
CP04153,5,5,33929.25,3,1
CP04154,3,3,34328.85,2,0
CP04155,4,4,55564.520000000004,0,0
CP04156,3,3,18415.36,0,0
CP04157,1,1,2344.79,0,0
CP04158,5,5,34449.78,3,1
CP04159,1,1,1879.38,0,0
CP04160,5,5,67311.27,4,1
CP04161,3,3,118336.26000000001,2,0
CP04162,2,2,18472.0,1,0
CP04163,6,6,61441.35,0,0
CP04164,7,7,53649.31,2,1
CP04165,9,9,147534.73,5,1
CP04166,1,1,2360.99,0,0
CP04167,8,8,61511.64,4,1
CP04168,3,3,57503.64,2,0
CP04169,6,6,44431.950000000004,1,0
CP04170,6,6,96559.42,3,1
CP04171,3,3,51735.44,2,0
CP04172,4,4,41046.28,2,0
CP04173,6,6,50202.72,3,1
CP04174,2,2,30357.89,0,0
CP04175,4,4,23385.16,1,0
CP04176,3,3,21121.68,1,0
CP04177,4,4,30826.019999999997,2,0
CP04178,4,4,42136.22,1,0
CP04179,5,5,64769.130000000005,0,0
CP04180,7,7,52791.12,3,1
CP04181,3,3,19282.34,1,0
CP04182,8,8,128348.14,3,1
CP04183,4,4,33911.39,2,0
CP04184,5,5,24520.31,3,1
CP04185,2,2,7880.2,0,0
CP04186,5,5,163536.39,0,0
CP04187,4,4,39733.58,2,0
CP04188,5,5,36552.5,3,1
CP04189,7,7,84925.31999999999,2,1
CP04190,6,6,78716.13,1,0
CP04191,1,1,5599.0,0,0
CP04192,3,3,34927.909999999996,2,0
CP04193,5,5,135343.15,1,0
CP04194,6,6,33367.6,3,1
CP04195,4,4,63595.78999999999,1,0
CP04196,3,3,13672.76,2,0
CP04197,5,5,40615.64,1,0
CP04198,6,6,97078.75,2,1
CP04199,2,2,7367.53,0,0
CP04200,9,9,108405.65,4,1
CP04201,4,4,55158.979999999996,2,0
CP04202,4,4,29715.23,2,0
CP04203,4,4,67619.38,2,0
CP04204,5,5,24374.280000000002,1,0
CP04205,10,10,120006.51000000001,2,1
CP04206,4,4,47712.520000000004,4,0
CP04207,1,1,1248.32,0,0
CP04208,4,4,44863.34,1,0
CP04209,2,2,152602.17,1,0
CP04210,3,3,40664.95,1,0
CP04211,4,4,25004.87,1,0
CP04212,3,3,13106.720000000001,2,0
CP04213,5,5,51972.98,3,1
CP04214,2,2,5133.4,2,0
CP04215,3,3,21600.58,2,0
CP04216,4,4,20048.09,1,0
CP04217,4,4,34558.17,0,0
CP04218,6,6,154570.42,3,1
CP04219,2,2,9065.39,0,0
CP04220,2,2,3460.67,1,0
CP04221,6,6,73383.89000000001,3,1
CP04222,2,2,17263.0,1,0
CP04223,5,5,116285.54000000001,2,1
CP04224,6,6,37711.51,0,0
CP04225,3,3,5711.23,2,0
CP04226,8,8,55456.02,2,1
CP04227,4,4,16702.55,1,0
CP04228,5,5,64923.46,1,0
CP04229,3,3,7497.360000000001,2,0
CP04230,2,2,7816.18,1,0
CP04231,5,5,44558.399999999994,2,1
CP04232,5,5,42240.509999999995,2,1
CP04233,6,6,52958.36,3,1
CP04234,5,5,31430.699999999997,1,0
CP04235,8,8,85599.8,3,1
CP04236,5,5,81616.28,3,1
CP04237,8,8,97372.20999999999,2,1
CP04238,7,7,83848.69,4,1
CP04239,2,2,7765.65,0,0
CP04240,4,4,49178.21000000001,2,0
CP04241,4,4,18538.420000000002,3,0
CP04242,6,6,35813.7,2,1
CP04243,2,2,7978.96,1,0
CP04244,2,2,2927.31,1,0
CP04245,3,3,41868.479999999996,1,0
CP04246,3,3,25477.85,1,0
CP04247,10,10,114711.23000000001,4,1
CP04248,9,9,88415.76,3,1
CP04249,4,4,84067.89,3,0
CP04250,4,4,18094.39,0,0
CP04251,2,2,8982.17,1,0
CP04252,7,7,50176.96,2,1
CP04253,7,7,88158.6,4,1
CP04254,6,6,111344.42,5,1
CP04255,5,5,367220.68,1,0
CP04256,6,6,80563.63,2,1
CP04257,6,6,67278.73000000001,3,1
CP04258,3,3,37089.87,0,0
CP04259,4,4,89363.75,1,0
CP04260,1,1,16246.6,1,0
CP04261,6,6,44938.869999999995,2,1
CP04262,4,4,29961.960000000003,1,0
CP04263,5,5,31807.08,4,1
CP04264,2,2,9227.03,1,0
CP04265,2,2,28891.73,1,0
CP04266,2,2,12203.27,0,0
CP04267,3,3,26742.75,1,0
CP04268,6,6,80337.79000000001,2,1
CP04269,7,7,35249.76,2,1
CP04270,2,2,7441.24,1,0
CP04271,4,4,58997.22,1,0
CP04272,5,5,32344.86,2,1
CP04273,4,4,53199.490000000005,2,0
CP04274,5,5,16019.85,1,0
CP04275,2,2,14371.7,2,0
CP04276,1,1,5988.58,1,0
CP04277,4,4,18127.129999999997,2,0
CP04278,3,3,26077.35,1,0
CP04279,7,7,126557.65,4,1
CP04280,2,2,42785.44,2,0
CP04281,7,7,68920.05,0,0
CP04282,5,5,68495.76999999999,2,1
CP04283,3,3,17262.47,1,0
CP04284,5,5,25337.28,3,1
CP04285,2,2,44410.66,1,0
CP04286,5,5,31838.84,3,1
CP04287,3,3,20269.04,1,0
CP04288,6,6,49746.39,2,1
CP04289,5,5,104470.81,1,0
CP04290,2,2,22446.04,2,0
CP04291,4,4,30635.940000000002,2,0
CP04292,5,5,54554.729999999996,2,1
CP04293,3,3,11845.78,1,0
CP04294,6,6,66683.91,4,1
CP04295,4,4,13846.74,1,0
CP04296,5,5,27256.29,1,0
CP04297,1,1,7041.99,1,0
CP04298,6,6,80528.34,1,0
CP04299,2,2,11715.47,1,0
CP04300,4,4,35724.61,1,0
CP04301,7,7,33065.28,1,0
CP04302,3,3,56035.880000000005,1,0
CP04303,5,5,44013.57,2,1
CP04304,3,3,92783.20999999999,1,0
CP04305,6,6,71228.05,1,0
CP04306,7,7,107935.15,3,1
CP04307,3,3,28688.73,1,0
CP04308,2,2,28157.69,1,0
CP04309,1,1,5719.1,1,0
CP04310,3,3,23963.09,2,0
CP04311,9,9,109222.99,4,1
CP04312,2,2,21309.03,1,0
CP04313,10,10,104112.65,4,1
CP04314,4,4,13407.74,2,0
CP04315,4,4,16148.32,2,0
CP04316,4,4,52323.31,3,0
CP04317,5,5,31801.86,3,1
CP04318,2,2,19455.83,2,0
CP04319,3,3,14675.14,0,0
CP04320,4,4,57728.369999999995,2,0
CP04321,3,3,23402.760000000002,2,0
CP04322,2,2,16466.27,1,0
CP04323,2,2,44783.78,1,0
CP04324,1,1,9258.62,1,0
CP04325,2,2,31244.57,1,0
CP04326,2,2,9469.119999999999,1,0
CP04327,5,5,21902.98,3,1
CP04328,7,7,76658.44,4,1
CP04329,4,4,28211.870000000003,1,0
CP04330,6,6,69137.5,5,1
CP04331,7,7,123739.48,4,1
CP04332,7,7,47097.09,2,1
CP04333,3,3,28903.33,2,0
CP04334,3,3,28093.47,1,0
CP04335,7,7,56450.77,2,1
CP04336,1,1,5105.76,0,0
CP04337,7,7,79560.98000000001,3,1
CP04338,3,3,58410.399999999994,0,0
CP04339,4,4,23497.58,1,0
CP04340,6,6,62655.32,2,1
CP04341,6,6,71207.90999999999,3,1
CP04342,5,5,34004.66,2,1
CP04343,6,6,91362.66,1,0
CP04344,7,7,61853.01,3,1
CP04345,6,6,76803.5,1,0
CP04346,6,6,30440.86,2,1
CP04347,1,1,4316.31,1,0
CP04348,7,7,67219.47,2,1
CP04349,4,4,24412.11,2,0
CP04350,9,9,139695.34,4,1
CP04351,5,5,45051.17,0,0
CP04352,6,6,61482.560000000005,3,1
CP04353,8,8,97398.23,4,1
CP04354,1,1,38822.68,1,0
CP04355,4,4,25878.08,2,0
CP04356,2,2,9703.3,0,0
CP04357,4,4,27861.55,2,0
CP04358,3,3,50615.240000000005,1,0
CP04359,4,4,61282.49,3,0
CP04360,4,4,28360.95,2,0
CP04361,5,5,52035.39,5,1
CP04362,7,7,148275.84,4,1
CP04363,1,1,2662.72,0,0
CP04364,2,2,15227.43,0,0
CP04365,5,5,60380.45,3,1
CP04366,2,2,24636.309999999998,2,0
CP04367,6,6,78501.28,4,1
CP04368,6,6,69919.81,1,0
CP04369,6,6,70292.75,2,1
CP04370,5,5,23125.77,3,1
CP04371,5,5,47973.880000000005,3,1
CP04372,4,4,35065.27,2,0
CP04373,5,6,66495.67,3,1
CP04374,2,2,10803.92,1,0
CP04375,5,5,92722.91,3,1
CP04376,8,8,102611.38,2,1
CP04377,7,7,32736.120000000003,4,1
CP04378,4,4,53956.99,2,0
CP04379,8,8,88741.82,4,1
CP04380,3,3,16775.190000000002,2,0
CP04381,2,2,66017.95999999999,1,0
CP04382,4,4,35215.05,0,0
CP04383,7,7,49129.270000000004,3,1
CP04384,4,4,47669.01,4,0
CP04385,3,3,28322.43,1,0
CP04386,6,6,34457.42,1,0
CP04387,2,2,42584.920000000006,2,0
CP04388,5,5,67999.06999999999,3,1
CP04389,6,6,46451.600000000006,1,0
CP04390,10,10,103560.96,6,1
CP04391,9,9,121113.97,3,1
CP04392,4,4,36107.520000000004,2,0
CP04393,7,7,32501.0,3,1
CP04394,4,4,19921.19,2,0
CP04395,5,5,30279.53,1,0
CP04396,8,8,111507.63,4,1
CP04397,3,3,28443.010000000002,0,0
CP04398,6,6,34215.47,3,1
CP04399,4,4,15565.72,1,0
CP04400,4,4,111942.0,1,0
CP04401,3,3,38079.03,2,0
CP04402,6,6,24939.6,1,0
CP04403,5,5,47887.229999999996,1,0
CP04404,8,8,83700.77,1,0
CP04405,2,2,14988.57,1,0
CP04406,8,8,84751.79,4,1
CP04407,4,4,27726.76,1,0
CP04408,2,2,32907.32,2,0
CP04409,3,3,30850.07,1,0
CP04410,3,3,18367.690000000002,2,0
CP04411,4,4,32707.89,2,0
CP04412,8,8,70307.54,2,1
CP04413,10,11,159717.08000000002,5,1
CP04414,8,8,90948.55,2,1
CP04415,5,5,89419.34,2,1
CP04416,5,5,65238.920000000006,4,1
CP04418,4,4,34563.06,2,0
CP04419,5,5,40953.36,4,1
CP04420,4,4,19838.11,1,0
CP04421,3,3,27408.73,1,0
CP04422,7,7,53923.46,4,1
CP04423,3,3,16419.15,0,0
CP04424,7,7,108367.34,4,1
CP04425,7,7,173849.07,2,1
CP04426,2,2,44001.82,1,0
CP04427,8,8,142078.09,1,0
CP04428,6,6,51780.22,2,1
CP04429,7,7,38564.270000000004,3,1
CP04430,5,5,32317.050000000003,1,0
CP04431,5,5,51131.92,2,1
CP04432,7,7,35531.369999999995,0,0
CP04433,6,6,91351.93,4,1
CP04434,7,7,101617.28,1,0
CP04435,3,3,12137.94,2,0
CP04436,4,4,118491.6,1,0
CP04437,1,1,5826.87,1,0
CP04438,5,5,48109.19,0,0
CP04439,7,7,79114.48000000001,1,0
CP04440,9,9,101016.9,4,1
CP04441,3,3,22298.38,3,0
CP04442,6,6,40203.44,2,1
CP04443,5,5,76540.73000000001,1,0
CP04444,3,3,28151.48,1,0
CP04445,3,3,28833.84,0,0
CP04446,6,6,69695.97,3,1
CP04447,5,5,13397.77,1,0
CP04448,3,3,28425.879999999997,1,0
CP04449,6,7,72193.8,3,1
CP04450,2,2,34259.56,0,0
CP04451,5,5,77343.72,5,1
CP04452,2,2,15100.7,1,0
CP04453,4,4,47241.659999999996,1,0
CP04454,5,5,34700.29,1,0
CP04455,5,5,43730.76,2,1
CP04456,2,2,12649.04,0,0
CP04457,3,3,21684.949999999997,1,0
CP04458,6,6,57554.43,3,1
CP04459,4,4,56618.380000000005,3,0
CP04460,3,3,7547.69,1,0
CP04461,2,2,14545.18,1,0
CP04462,9,9,52830.42,1,0
CP04463,6,6,42670.91,2,1
CP04464,5,5,40263.72,4,1
CP04465,5,5,27511.99,3,1
CP04466,8,8,125323.31999999999,2,1
CP04467,6,6,110144.17,2,1
CP04468,2,2,7341.040000000001,1,0
CP04469,7,8,64602.97,4,1
CP04470,5,5,103220.55,0,0
CP04471,4,4,38922.92,1,0
CP04472,6,6,205040.35,3,1
CP04473,3,3,23180.8,0,0
CP04474,6,6,224049.88,2,1
CP04475,3,3,20450.18,2,0
CP04476,4,4,62497.02,1,0
CP04477,2,2,24594.149999999998,1,0
CP04478,3,3,39492.64,2,0
CP04479,10,10,179310.45,3,1
CP04480,2,2,19229.18,0,0
CP04481,8,8,115369.32999999999,3,1
CP04482,7,7,45897.07,3,1
CP04483,2,2,11739.51,1,0
CP04484,6,6,51137.28,3,1
CP04485,5,5,79646.35,3,1
CP04486,7,7,89520.72,2,1
CP04487,2,2,12650.98,1,0
CP04488,5,5,97228.84,0,0
CP04489,3,3,17590.72,0,0
CP04490,9,9,162929.84,2,1
CP04491,5,5,50298.16,2,1
CP04492,3,3,16552.739999999998,1,0
CP04493,3,3,55861.0,2,0
CP04494,5,5,50946.21,1,0
CP04495,3,3,45087.149999999994,2,0
CP04496,3,3,18365.84,1,0
CP04497,3,3,28385.76,0,0
CP04498,3,3,18110.55,3,0
CP04499,7,7,31070.15,3,1
CP04500,4,4,29747.839999999997,0,0
CP04501,4,4,48339.67,1,0
CP04502,2,2,51718.020000000004,2,0
CP04503,3,3,47310.87,0,0
CP04504,4,4,18000.79,2,0
CP04505,7,7,49011.31,4,1
CP04506,1,1,13534.92,1,0
CP04507,2,2,2888.66,1,0
CP04508,3,3,23691.98,1,0
CP04509,2,2,6926.5599999999995,0,0
CP04510,6,6,110466.56999999999,4,1
CP04511,5,5,65014.65000000001,1,0
CP04512,8,8,64827.01,5,1
CP04513,5,5,43148.6,2,1
CP04514,3,3,64110.89,3,0
CP04515,8,8,118012.51,1,0
CP04516,4,4,98055.0,2,0
CP04517,9,9,101881.46,4,1
CP04518,5,5,25206.55,2,1
CP04519,4,4,37320.99,1,0
CP04520,3,3,54186.97,1,0
CP04521,4,4,45377.85,0,0
CP04522,3,3,24237.09,0,0
CP04523,4,4,37601.25,2,0
CP04524,3,3,35768.119999999995,3,0
CP04525,6,6,60222.16,1,0
CP04526,7,7,88716.19,1,0
CP04527,4,4,20464.93,2,0
CP04528,5,5,68990.11,1,0
CP04529,2,2,14080.66,2,0
CP04530,5,5,59203.61,2,1
CP04531,5,5,50210.59,3,1
CP04532,4,4,28062.18,3,0
CP04533,5,5,112364.48,4,1
CP04534,2,2,18794.99,1,0
CP04535,3,3,31603.230000000003,1,0
CP04536,4,4,36020.66,2,0
CP04537,6,6,54168.03,2,1
CP04538,6,6,92804.6,1,0
CP04539,8,8,98402.99,4,1
CP04540,5,5,26176.96,4,1
CP04541,6,6,180801.54,2,1
CP04542,5,5,17897.010000000002,1,0
CP04543,6,6,37796.29,3,1
CP04544,3,4,50085.83,0,0
CP04545,3,3,31819.96,1,0
CP04546,2,2,7590.6,2,0
CP04547,3,3,24178.789999999997,0,0
CP04548,3,3,16179.37,1,0
CP04549,3,3,45868.240000000005,2,0
CP04550,6,6,46280.52,1,0
CP04551,1,1,5678.16,0,0
CP04552,4,4,42833.979999999996,4,0
CP04553,5,5,64937.12,0,0
CP04554,7,7,76052.41,3,1
CP04555,9,9,73496.27,3,1
CP04556,5,5,39239.43,2,1
CP04557,5,5,81352.69,0,0
CP04558,2,2,7546.94,1,0
CP04559,5,5,34701.07,1,0
CP04560,8,8,216103.24,4,1
CP04561,7,7,83673.28,1,0
CP04562,2,2,3954.43,1,0
CP04563,6,6,53188.53,1,0
CP04564,4,4,28571.47,3,0
CP04565,6,6,105991.93000000001,1,0
CP04566,8,8,77287.20999999999,3,1
CP04567,2,2,13991.96,1,0
CP04568,4,4,39213.08,0,0
CP04569,7,7,147755.42,0,0
CP04570,5,5,87166.63,2,1
CP04571,3,3,45496.17,1,0
CP04572,6,6,44738.57,0,0
CP04573,6,6,29541.309999999998,2,1
CP04574,2,2,5092.76,1,0
CP04575,2,2,17840.98,1,0
CP04576,1,1,13763.22,1,0
CP04577,4,4,22522.11,1,0
CP04578,6,6,95129.24,3,1
CP04579,4,4,24111.23,2,0
CP04580,2,2,15306.97,2,0
CP04581,3,3,50398.340000000004,2,0
CP04582,6,6,120589.6,2,1
CP04583,4,4,32932.32,1,0
CP04584,5,5,73093.83,2,1
CP04585,2,2,24817.190000000002,1,0
CP04586,6,6,95495.99,2,1
CP04587,4,4,64817.55,2,0
CP04588,5,5,41219.22,1,0
CP04589,5,5,20250.84,1,0
CP04590,8,8,51759.01,2,1
CP04591,7,7,180089.27000000002,4,1
CP04592,4,4,60498.65,3,0
CP04593,8,8,90338.69,3,1
CP04594,3,3,47115.770000000004,1,0
CP04595,1,1,25938.32,0,0
CP04596,6,6,73452.01,1,0
CP04597,5,5,56697.42,1,0
CP04598,5,5,54647.68,3,1
CP04599,8,8,117134.46,2,1
CP04600,6,6,40641.86,3,1
CP04601,6,6,91837.87,3,1
CP04602,9,9,50130.8,4,1
CP04603,3,3,19684.449999999997,0,0
CP04604,3,3,18151.93,1,0
CP04605,3,3,35565.7,2,0
CP04606,5,5,18063.739999999998,2,1
CP04607,3,3,15913.509999999998,0,0
CP04608,2,2,16404.6,1,0
CP04609,6,6,16202.39,2,1
CP04610,4,4,37726.1,2,0
CP04611,7,7,100057.26,4,1
CP04612,3,3,20863.52,0,0
CP04613,5,5,48072.21,1,0
CP04614,3,3,11814.08,2,0
CP04615,6,6,21553.57,2,1
CP04616,2,2,14495.39,1,0
CP04617,5,5,43515.36,2,1
CP04618,1,1,9995.78,0,0
CP04619,2,2,123101.66,1,0
CP04620,5,5,51128.36,1,0
CP04621,4,4,115365.73,2,0
CP04622,3,3,29306.69,1,0
CP04623,3,3,9006.17,1,0
CP04624,7,7,90453.17000000001,2,1
CP04625,6,6,33042.61,4,1
CP04626,3,3,51290.11,2,0
CP04627,8,8,82750.35,4,1
CP04628,3,3,62176.76,0,0
CP04629,5,5,42695.9,1,0
CP04630,6,6,84613.45999999999,3,1
CP04631,4,4,63660.88,0,0
CP04632,2,2,8772.51,0,0
CP04633,8,8,82423.85,2,1
CP04634,3,3,30933.570000000003,2,0
CP04635,9,9,74710.42,3,1
CP04636,3,3,50809.9,1,0
CP04637,6,6,64292.1,2,1
CP04638,3,3,20279.13,1,0
CP04639,3,3,14270.14,2,0
CP04640,8,8,94487.16,3,1
CP04641,4,4,39610.130000000005,0,0
CP04642,5,5,48203.59,1,0
CP04643,5,5,60102.65,1,0
CP04644,4,4,69543.96,1,0
CP04645,3,3,35149.009999999995,0,0
CP04646,6,6,39796.79,2,1
CP04647,2,2,10043.29,1,0
CP04648,3,3,28324.4,2,0
CP04649,8,8,75165.02,3,1
CP04650,6,7,69287.4,3,1
CP04651,5,5,74241.11,1,0
CP04652,3,3,25713.079999999998,0,0
CP04653,3,3,45426.46,0,0
CP04654,3,3,77919.54000000001,0,0
CP04655,4,4,32855.45,2,0
CP04656,2,2,27967.329999999998,1,0
CP04657,3,3,14871.449999999999,1,0
CP04658,5,5,99498.34,4,1
CP04659,6,6,19516.62,2,1
CP04660,4,4,65611.35,1,0
CP04661,4,4,81943.66,2,0
CP04662,3,3,23313.129999999997,2,0
CP04663,3,3,26186.57,1,0
CP04664,3,3,49666.08,2,0
CP04665,3,3,51686.899999999994,1,0
CP04666,2,2,8121.0599999999995,0,0
CP04667,7,7,26718.8,3,1
CP04668,6,6,53290.07,4,1
CP04669,6,6,74535.58,4,1
CP04670,3,3,53833.16,1,0
CP04671,5,5,91425.48999999999,2,1
CP04672,3,3,18649.02,1,0
CP04673,2,2,10410.939999999999,0,0
CP04674,6,6,49710.740000000005,3,1
CP04675,4,4,71141.27,1,0
CP04676,6,6,83752.59,1,0
CP04677,2,2,24109.49,1,0
CP04678,1,1,3845.03,0,0
CP04679,7,7,56120.13,4,1
CP04680,4,4,198500.21,0,0
CP04681,5,5,37138.509999999995,1,0
CP04682,3,3,40479.43,1,0
CP04683,3,3,23540.56,0,0
CP04684,6,6,73419.38,4,1
CP04686,4,4,43979.93,2,0
CP04687,3,3,10263.26,3,0
CP04688,5,5,55041.29,5,1
CP04689,2,2,17254.89,2,0
CP04690,5,5,42739.75,2,1
CP04691,2,2,40197.22,1,0
CP04692,6,6,78961.84,1,0
CP04693,8,8,68833.72,1,0
CP04694,2,2,14315.17,0,0
CP04695,4,4,19565.43,0,0
CP04696,6,6,37753.28,0,0
CP04697,4,4,57230.57,2,0
CP04698,4,4,38343.33,1,0
CP04699,5,5,36822.89,2,1
CP04700,7,7,102875.02,5,1
CP04701,2,2,22998.199999999997,1,0
CP04702,3,3,36316.42,1,0
CP04703,6,6,52380.67,4,1
CP04704,5,5,29953.63,2,1
CP04705,4,4,58016.04,2,0
CP04706,7,7,73423.52,4,1
CP04707,2,2,10524.310000000001,0,0
CP04708,5,5,42988.34,1,0
CP04709,5,5,136188.11,1,0
CP04710,4,4,45252.869999999995,3,0
CP04711,2,2,28724.370000000003,0,0
CP04712,9,9,100939.1,5,1
CP04713,6,6,100075.12000000001,2,1
CP04714,7,7,57719.7,3,1
CP04715,3,3,29517.71,1,0
CP04716,11,11,87401.18000000001,7,1
CP04717,7,7,73804.37,3,1
CP04718,2,2,15376.82,2,0
CP04719,3,3,27411.72,1,0
CP04720,4,4,27839.78,1,0
CP04721,3,3,13008.21,0,0
CP04722,4,4,23813.36,0,0
CP04723,3,3,12366.41,1,0
CP04724,4,4,69319.0,0,0
CP04725,3,3,19273.35,1,0
CP04726,2,2,24081.4,0,0
CP04727,3,3,36404.57,1,0
CP04728,6,6,40090.82,1,0
CP04729,7,7,74323.52,4,1
CP04730,6,6,56103.19,3,1
CP04731,2,2,12734.26,1,0
CP04732,6,6,87438.13,2,1
CP04733,3,3,24107.6,1,0
CP04734,6,6,36078.07,4,1
CP04735,2,2,23149.65,0,0
CP04736,4,4,61960.759999999995,3,0
CP04737,4,4,32280.649999999998,3,0
CP04738,2,2,58049.549999999996,1,0
CP04739,6,6,55513.0,3,1
CP04740,4,4,32981.729999999996,2,0
CP04741,3,3,67210.31,0,0
CP04742,5,5,32382.92,3,1
CP04743,8,8,63376.61,3,1
CP04744,4,4,45743.0,0,0
CP04745,6,6,56313.33,3,1
CP04746,2,2,19331.57,0,0
CP04747,9,9,66029.08,3,1
CP04748,5,5,60946.509999999995,1,0
CP04749,4,4,18295.12,2,0
CP04750,3,3,27235.07,0,0
CP04751,3,3,37207.1,2,0
CP04752,2,2,14145.539999999999,0,0
CP04753,5,5,41280.380000000005,1,0
CP04754,4,4,26242.77,1,0
CP04755,3,3,13668.22,1,0
CP04756,3,3,29300.6,1,0
CP04757,7,7,92252.18,2,1
CP04758,2,2,2971.23,0,0
CP04759,4,4,15849.26,1,0
CP04760,11,11,189786.48,4,1
CP04761,2,2,7699.83,0,0
CP04762,4,4,66008.14,2,0
CP04763,6,6,35668.33,2,1
CP04764,4,4,42462.83,3,0
CP04765,5,5,32532.58,0,0
CP04766,7,7,74048.11,4,1
CP04767,3,3,14470.58,2,0
CP04768,1,1,15338.45,0,0
CP04769,4,4,43356.42,1,0
CP04770,6,6,55386.240000000005,1,0
CP04771,7,7,99405.17,2,1
CP04772,5,5,73805.7,2,1
CP04773,5,5,25005.91,2,1
CP04774,6,6,79027.11,2,1
CP04775,5,5,99285.69,5,1
CP04776,1,1,941.63,1,0
CP04777,6,6,109894.95,4,1
CP04778,3,3,18799.42,1,0
CP04779,7,7,59552.009999999995,1,0
CP04780,5,5,33742.29,2,1
CP04781,5,5,58386.85,3,1
CP04782,8,8,62992.8,5,1
CP04783,2,2,32439.89,1,0
CP04784,6,6,136099.38,4,1
CP04785,5,5,58204.689999999995,2,1
CP04786,3,3,21480.260000000002,1,0
CP04787,5,5,50650.18,3,1
CP04788,4,4,49733.22,2,0
CP04789,5,5,65070.88,2,1
CP04790,9,9,204056.57,2,1
CP04791,8,8,50894.909999999996,3,1
CP04792,5,5,34944.43,1,0
CP04793,5,5,57820.70999999999,1,0
CP04794,5,5,19304.17,1,0
CP04795,4,4,21420.8,1,0
CP04796,3,3,14361.02,2,0
CP04797,5,5,33509.86,4,1
CP04798,2,2,21355.32,1,0
CP04799,6,6,120832.96,2,1
CP04800,3,3,33064.03,0,0
CP04801,2,2,24767.42,0,0
CP04802,8,8,201975.97,3,1
CP04803,3,3,17501.01,1,0
CP04804,5,5,54315.9,2,1
CP04805,2,2,18217.82,2,0
CP04806,6,6,85689.37,2,1
CP04807,8,8,62623.56,1,0
CP04808,6,6,50635.07,4,1
CP04809,6,6,52581.6,0,0
CP04810,5,5,95155.84,2,1
CP04811,5,5,96975.57999999999,2,1
CP04812,4,4,38768.78,2,0
CP04813,5,5,43681.72,2,1
CP04814,8,8,101674.05,3,1
CP04815,8,8,85865.48,1,0
CP04816,5,5,64980.22,3,1
CP04817,8,8,73634.42,1,0
CP04818,6,6,77897.8,3,1
CP04819,3,3,10159.76,1,0
CP04820,5,5,45745.61,1,0
CP04821,7,7,142669.36,3,1
CP04822,6,6,95525.8,1,0
CP04823,8,8,68933.59,3,1
CP04824,1,1,3119.17,0,0
CP04825,6,6,47464.5,3,1
CP04826,2,3,11794.16,1,0
CP04827,1,1,15203.01,0,0
CP04828,9,9,96152.12,3,1
CP04829,4,4,16115.810000000001,1,0
CP04830,5,5,54006.84,1,0
CP04831,9,9,119525.54,5,1
CP04832,1,1,69950.7,1,0
CP04833,6,6,45779.95,2,1
CP04834,6,6,97586.41,3,1
CP04835,5,5,114572.86,2,1
CP04836,2,2,17428.47,1,0
CP04837,4,4,38215.34,2,0
CP04838,4,4,68500.65,1,0
CP04839,1,1,9067.36,0,0
CP04840,1,1,12049.57,0,0
CP04841,7,7,52147.54,3,1
CP04842,8,8,113886.87,2,1
CP04843,4,4,25765.08,2,0
CP04844,3,3,33088.77,0,0
CP04845,4,4,17872.22,2,0
CP04846,4,4,29358.14,0,0
CP04847,2,2,11570.33,0,0
CP04848,3,3,32802.31,1,0
CP04849,4,4,265147.68,0,0
CP04850,11,11,118273.48,4,1
CP04851,3,3,33791.33,2,0
CP04852,7,7,75973.5,2,1
CP04853,3,3,41306.94,0,0
CP04854,2,2,12703.93,0,0
CP04855,2,2,25435.730000000003,0,0
CP04856,7,7,43017.770000000004,6,1
CP04857,3,3,35175.47,1,0
CP04858,7,7,78247.14,5,1
CP04859,3,3,23152.85,0,0
CP04860,3,3,28401.47,2,0
CP04861,4,4,34302.96,3,0
CP04862,4,4,36692.23,2,0
CP04863,1,1,3485.27,0,0
CP04864,3,3,12308.68,0,0
CP04865,4,4,18421.36,1,0
CP04866,6,6,40037.17,2,1
CP04867,2,2,52705.82,0,0
CP04868,3,3,56004.1,1,0
CP04869,6,6,97817.47,2,1
CP04870,4,4,140318.01,2,0
CP04871,2,2,34826.53,0,0
CP04872,3,3,17920.39,1,0
CP04873,4,4,55390.399999999994,1,0
CP04874,7,7,68465.77,1,0
CP04875,7,7,51212.520000000004,2,1
CP04876,13,13,196617.82,5,1
CP04877,6,6,111954.03,1,0
CP04878,3,3,43646.68,1,0
CP04879,4,4,38611.04,3,0
CP04880,4,4,38295.520000000004,3,0
CP04881,2,2,30899.43,1,0
CP04882,4,4,49047.399999999994,1,0
CP04883,6,6,49101.43,2,1
CP04884,3,3,27318.61,0,0
CP04885,5,5,21097.34,2,1
CP04886,1,1,33737.45,1,0
CP04887,8,8,63614.86,4,1
CP04888,8,8,89812.73,4,1
CP04889,3,3,23360.88,1,0
CP04890,11,11,72729.24,4,1
CP04891,2,2,6603.14,1,0
CP04892,4,4,61784.520000000004,3,0
CP04893,7,7,66901.76,1,0
CP04894,4,4,35247.520000000004,2,0
CP04895,3,3,33671.6,0,0
CP04896,3,3,58127.51,1,0
CP04897,3,3,21728.34,1,0
CP04898,5,5,49043.020000000004,3,1
CP04899,6,6,53005.55,4,1
CP04900,7,7,62865.619999999995,3,1
CP04901,7,7,87414.03,5,1
CP04902,5,5,36765.71,2,1
CP04903,1,1,4752.39,1,0
CP04904,3,3,32203.760000000002,2,0
CP04905,2,2,4965.79,1,0
CP04906,1,1,16258.75,1,0
CP04907,9,9,94735.85,1,0
CP04908,4,4,85484.16,3,0
CP04909,7,7,57298.54,2,1
CP04910,4,4,39846.299999999996,2,0
CP04911,6,6,29835.329999999998,3,1
CP04912,7,7,195441.5,3,1
CP04913,3,3,58467.06,0,0
CP04914,3,3,18135.16,2,0
CP04915,4,4,20163.69,2,0
CP04916,7,8,80404.88,1,0
CP04917,7,7,131254.46,3,1
CP04918,1,1,4593.38,0,0
CP04919,3,3,16530.8,2,0
CP04920,4,4,15804.36,0,0
CP04921,9,9,58283.26,3,1
CP04922,1,1,5347.03,0,0
CP04923,2,2,35496.020000000004,0,0
CP04924,8,8,134606.66,1,0
CP04925,2,2,17109.63,2,0
CP04926,3,3,7762.65,1,0
CP04927,4,4,48442.96000000001,0,0
CP04928,6,6,104205.24,3,1
CP04929,7,7,161894.01,1,0
CP04930,11,11,103614.12,4,1
CP04931,4,4,33458.41,3,0
CP04932,6,6,25344.67,4,1
CP04933,3,3,40752.35,2,0
CP04934,2,2,28021.800000000003,1,0
CP04935,5,5,76431.59,0,0
CP04936,6,6,88936.01,3,1
CP04937,4,4,17218.9,3,0
CP04938,8,8,127809.32999999999,4,1
CP04939,5,5,16868.86,1,0
CP04940,3,3,15172.7,0,0
CP04941,6,6,33621.4,1,0
CP04942,4,4,31448.260000000002,1,0
CP04943,5,5,56682.08,0,0
CP04944,9,9,57258.01,3,1
CP04945,3,3,12919.939999999999,1,0
CP04946,6,6,27412.809999999998,2,1
CP04947,5,5,23974.719999999998,2,1
CP04948,2,2,19116.52,0,0
CP04949,5,5,15179.369999999999,2,1
CP04950,4,4,13649.439999999999,3,0
CP04951,5,5,28025.61,3,1
CP04952,6,6,59465.22,3,1
CP04953,3,3,14910.29,1,0
CP04954,8,8,84876.23,5,1
CP04955,7,7,65609.02,3,1
CP04956,9,9,88358.15,4,1
CP04957,5,5,39917.7,1,0
CP04958,7,7,90363.38,4,1
CP04959,5,5,208738.53999999998,3,1
CP04960,6,6,76365.32,3,1
CP04961,9,9,84416.59,4,1
CP04962,4,4,39901.57,0,0
CP04963,8,8,57070.3,3,1
CP04964,6,6,49223.990000000005,1,0
CP04965,5,5,23877.010000000002,4,1
CP04966,4,4,50421.450000000004,3,0
CP04967,2,2,10262.130000000001,0,0
CP04968,4,4,18847.69,3,0
CP04969,4,4,73307.72,3,0
CP04970,5,5,45027.83,0,0
CP04971,7,7,111500.79999999999,2,1
CP04972,3,3,11114.16,1,0
CP04973,4,4,29089.54,2,0
CP04974,2,2,6561.790000000001,0,0
CP04975,1,1,3373.7,1,0
CP04976,6,6,45710.94,2,1
CP04978,4,4,27365.1,2,0
CP04979,5,5,39364.36,1,0
CP04980,4,4,28734.95,0,0
CP04981,5,5,72168.12,1,0
CP04982,5,5,24205.03,2,1
CP04983,4,4,65199.34,2,0
CP04984,3,3,10830.47,1,0
CP04985,3,3,13537.73,2,0
CP04986,5,5,78602.93,2,1
CP04987,6,6,50422.11,1,0
CP04988,5,5,33037.26,2,1
CP04989,4,4,35038.119999999995,0,0
CP04990,7,7,57825.56,4,1
CP04991,3,3,50083.96,2,0
CP04992,2,2,18196.42,1,0
CP04993,1,1,3677.52,1,0
CP04994,3,3,28789.73,1,0
CP04995,3,3,6858.88,2,0
CP04996,2,2,17365.71,1,0
CP04997,10,10,103279.55,4,1
CP04998,5,5,60538.78999999999,3,1
CP04999,11,11,183288.35,4,1
CP05000,3,3,141270.07,1,0
CP05001,2,2,29675.67,0,0
CP05002,5,5,33028.0,3,1
CP05004,4,4,50772.06,2,0
CP05005,7,7,41085.630000000005,0,0
CP05006,6,6,40957.200000000004,3,1
CP05007,4,4,17148.25,2,0
CP05008,8,8,174483.02000000002,5,1
CP05009,5,5,25558.62,1,0
CP05010,1,1,3091.64,0,0
CP05011,7,7,38357.020000000004,2,1
CP05012,6,6,70615.3,5,1
CP05013,5,5,15591.01,4,1
CP05014,9,9,86483.16,4,1
CP05015,4,4,44953.350000000006,1,0
CP05016,4,4,121505.77,0,0
CP05017,8,8,54972.36,3,1
CP05018,5,5,41360.6,4,1
CP05019,7,7,54541.409999999996,2,1
CP05020,4,4,51286.55,2,0
CP05021,3,3,39464.57,2,0
CP05022,4,4,14739.35,2,0
CP05023,5,5,55889.09,2,1
CP05024,6,6,176064.88999999998,2,1
CP05026,6,6,31695.51,4,1
CP05027,4,4,19609.57,1,0
CP05028,4,4,26730.38,2,0
CP05029,6,6,36570.17,3,1
CP05030,5,5,69423.72,3,1
CP05031,6,6,104403.53,2,1
CP05032,4,4,41552.92,2,0
CP05033,6,6,102600.22000000002,0,0
CP05034,6,6,99530.81,2,1
CP05035,6,6,22485.29,1,0
CP05036,8,9,113101.64,3,1
CP05037,5,5,167094.47999999998,4,1
CP05038,2,2,8296.15,1,0
CP05039,2,2,24717.359999999997,0,0
CP05040,3,3,8946.04,0,0
CP05041,4,4,20947.989999999998,2,0
CP05042,4,4,26931.51,2,0
CP05043,3,3,53984.07,3,0
CP05044,9,9,75883.23,2,1
CP05045,4,4,33218.43,2,0
CP05046,5,5,208066.92,1,0
CP05047,2,2,24934.92,1,0
CP05048,8,8,88317.2,4,1
CP05049,6,6,96418.79,2,1
CP05050,4,4,28390.26,3,0
CP05051,6,6,62897.880000000005,2,1
CP05052,4,4,23477.41,0,0
CP05053,4,4,71963.71,2,0
CP05054,1,1,7016.29,0,0
CP05055,5,5,28425.63,3,1
CP05056,6,6,167909.9,4,1
CP05057,3,3,12427.9,2,0
CP05058,3,3,48187.0,0,0
CP05059,6,6,36701.98,4,1
CP05060,5,5,51931.5,1,0
CP05061,3,3,5670.139999999999,2,0
CP05062,3,3,16387.11,1,0
CP05063,3,3,18044.36,2,0
CP05064,4,4,24922.309999999998,2,0
CP05065,5,5,35162.08,2,1
CP05066,2,2,36746.21,0,0
CP05067,1,1,2901.6,0,0
CP05068,6,6,57311.27,3,1
CP05069,3,3,15273.18,3,0
CP05070,4,4,26306.98,3,0
CP05071,2,2,17273.4,1,0
CP05072,8,8,104594.28,4,1
CP05073,11,11,118510.63,4,1
CP05074,4,4,25588.46,2,0
CP05075,6,6,53558.12,4,1
CP05076,3,3,28210.21,0,0
CP05077,7,7,118896.58,1,0
CP05078,5,5,80485.1,3,1
CP05079,7,7,32880.85,3,1
CP05080,11,11,160722.17,3,1
CP05081,6,6,29511.89,4,1
CP05082,2,2,9960.47,0,0
CP05083,8,8,89797.95,2,1
CP05085,6,6,47705.75,1,0
CP05086,5,5,47630.57,5,1
CP05087,5,5,45779.54,2,1
CP05088,11,11,352825.02999999997,2,1
CP05089,3,3,24086.739999999998,1,0
CP05090,5,5,53504.259999999995,3,1
CP05091,5,5,40822.82,2,1
CP05092,7,7,112953.77,4,1
CP05093,6,6,40848.44,2,1
CP05094,6,6,65495.32,2,1
CP05095,8,8,106350.93,4,1
CP05096,3,3,17092.61,1,0
CP05097,4,4,37176.59,2,0
CP05098,4,4,47510.869999999995,2,0
CP05099,3,3,17125.129999999997,2,0
CP05100,3,3,100474.7,2,0
CP05101,6,6,57351.83,1,0
CP05102,3,3,11433.34,2,0
CP05103,6,6,20770.33,5,1
CP05104,5,5,281991.05,0,0
CP05105,5,5,27449.329999999998,3,1
CP05106,5,5,56935.55,0,0
CP05107,6,6,27893.49,3,1
CP05108,4,4,10903.36,3,0
CP05109,3,3,9322.71,1,0
CP05110,2,2,18586.010000000002,1,0
CP05111,5,5,36975.87,3,1
CP05112,3,3,6982.21,1,0
CP05113,7,7,96595.08,4,1
CP05114,4,4,63455.83,2,0
CP05115,12,12,108311.53,3,1
CP05116,5,5,41163.93,1,0
CP05117,7,7,115150.48,1,0
CP05118,3,3,29263.45,1,0
CP05119,5,5,59862.950000000004,1,0
CP05120,6,6,72664.24,2,1
CP05121,11,11,124528.67,3,1
CP05122,3,3,12677.59,2,0
CP05123,4,4,80755.88,3,0
CP05124,1,1,5486.3,1,0
CP05125,3,3,29238.879999999997,0,0
CP05126,6,6,31991.88,2,1
CP05127,2,2,24180.59,0,0
CP05128,9,9,100716.57,7,1
CP05129,4,4,63253.24,3,0
CP05130,2,2,21843.6,1,0
CP05132,6,6,62171.53,4,1
CP05133,6,6,41113.44,1,0
CP05134,5,5,38326.39,2,1
CP05135,5,5,50845.6,2,1
CP05136,3,3,16347.07,2,0
CP05137,4,4,25683.74,0,0
CP05138,2,2,32278.92,2,0
CP05139,6,6,61326.96,3,1
CP05140,6,6,99846.12,2,1
CP05141,4,4,18411.41,1,0
CP05142,5,5,73812.31,3,1
CP05143,5,5,98912.09,3,1
CP05144,3,3,14824.59,1,0
CP05145,3,3,21688.05,1,0
CP05146,3,3,40329.04,1,0
CP05147,9,9,41794.740000000005,3,1
CP05148,1,1,13399.47,1,0
CP05149,3,3,16394.48,1,0
CP05150,5,5,105089.51999999999,3,1
CP05151,6,6,130593.82999999999,1,0
CP05152,4,4,14655.97,2,0
CP05153,6,6,37253.08,1,0
CP05154,6,6,105918.65,2,1
CP05155,6,6,90918.64,3,1
CP05156,4,4,47419.630000000005,2,0
CP05157,4,4,31263.79,2,0
CP05158,3,3,27751.21,3,0
CP05159,3,3,13541.779999999999,1,0
CP05160,8,8,70797.8,2,1
CP05161,1,1,20967.33,1,0
CP05162,6,6,77281.89,1,0
CP05163,5,5,27274.97,2,1
CP05164,4,4,54526.91,1,0
CP05166,3,3,72901.22,1,0
CP05167,6,6,58147.86,2,1
CP05168,3,3,67721.55,1,0
CP05169,4,4,47750.64,0,0
CP05170,7,7,76000.7,2,1
CP05171,2,2,10509.15,0,0
CP05173,4,4,47611.85,1,0
CP05174,3,3,13881.54,1,0
CP05175,5,5,46225.810000000005,2,1
CP05176,3,3,86211.6,2,0
CP05177,6,6,67647.11,3,1
CP05178,5,5,78065.09000000001,2,1
CP05179,4,4,22946.199999999997,2,0
CP05180,7,7,47065.5,2,1
CP05181,5,5,64492.93,1,0
CP05182,4,4,40042.61,2,0
CP05183,2,2,48434.409999999996,1,0
CP05184,6,6,76448.18000000001,1,0
CP05186,6,6,133067.55000000002,1,0
CP05187,4,4,17755.61,0,0
CP05188,8,8,27470.85,5,1
CP05189,1,1,8668.08,0,0
CP05190,5,5,57396.240000000005,3,1
CP05191,8,8,152170.77000000002,3,1
CP05192,2,2,29923.69,1,0
CP05193,3,3,30191.5,1,0
CP05194,5,5,48785.56,2,1
CP05195,8,8,93757.19,5,1
CP05196,4,4,152201.11,3,0
CP05197,5,5,98935.52,1,0
CP05198,3,3,58018.530000000006,1,0
CP05199,3,3,44166.979999999996,1,0
CP05200,8,8,131816.52000000002,2,1
CP05201,3,3,64794.99999999999,2,0
CP05202,6,6,25833.19,3,1
CP05203,7,7,72592.22,3,1
CP05204,8,8,50167.21,4,1
CP05205,6,6,113013.12,1,0
CP05206,6,6,53039.84,1,0
CP05207,7,7,49988.21,4,1
CP05208,2,2,16650.02,0,0
CP05209,6,6,46058.46,4,1
CP05210,4,4,18700.38,0,0
CP05211,3,3,43889.29,1,0
CP05212,7,8,83906.42,3,1
CP05213,8,8,104917.71,4,1
CP05214,7,7,67603.37,1,0
CP05215,4,4,9927.51,4,0
CP05216,6,6,52167.37,3,1
CP05217,4,4,34696.41,1,0
CP05218,6,6,36039.4,2,1
CP05219,5,5,43792.54,2,1
CP05220,3,3,41624.73,0,0
CP05221,4,4,25043.260000000002,2,0
CP05222,6,6,79516.23999999999,3,1
CP05223,5,5,41066.9,3,1
CP05224,1,1,17206.7,1,0
CP05225,1,1,2790.56,0,0
CP05226,5,5,121012.34999999999,2,1
CP05227,2,2,20596.75,1,0
CP05228,5,5,60169.88,2,1
CP05229,7,7,115558.04999999999,3,1
CP05230,4,4,23482.8,2,0
CP05231,7,7,151157.6,2,1
CP05232,6,6,66254.19,2,1
CP05233,2,2,19433.329999999998,0,0
CP05234,8,8,57965.56,2,1
CP05235,2,2,35566.79,0,0
CP05236,8,8,69991.78,3,1
CP05237,3,3,30178.67,3,0
CP05238,2,2,19223.19,2,0
CP05239,5,5,46938.2,0,0
CP05240,7,7,31321.29,3,1
CP05241,1,1,21652.15,1,0
CP05242,4,4,22604.879999999997,0,0
CP05243,6,6,55222.68,2,1
CP05244,6,6,66806.56,3,1
CP05245,8,8,84546.65,5,1
CP05246,3,3,22188.649999999998,1,0
CP05247,5,5,30500.309999999998,1,0
CP05248,6,6,145389.57,3,1
CP05249,6,6,19613.14,1,0
CP05250,2,2,65675.79,2,0
CP05251,3,3,13285.49,1,0
CP05252,3,3,31736.22,2,0
CP05253,3,3,19434.02,0,0
CP05254,3,3,50020.84,1,0
CP05255,5,5,28331.49,2,1
CP05256,5,5,33133.14,1,0
CP05257,6,6,112044.42,2,1
CP05258,2,2,9073.7,1,0
CP05259,2,2,8921.720000000001,0,0
CP05260,6,6,132446.45,4,1
CP05261,3,3,10996.970000000001,1,0
CP05262,3,3,35790.090000000004,1,0
CP05263,8,8,312624.7,4,1
CP05264,3,3,16773.18,0,0
CP05265,5,5,74342.47,2,1
CP05266,3,4,29862.760000000002,1,0
CP05267,3,3,29374.370000000003,0,0
CP05268,7,7,83415.89,1,0
CP05269,3,3,26470.910000000003,0,0
CP05270,2,2,5070.040000000001,1,0
CP05271,7,7,76522.95999999999,3,1
CP05272,3,3,19487.780000000002,2,0
CP05273,6,6,54956.630000000005,4,1
CP05274,5,5,30022.99,1,0
CP05275,8,8,126597.31000000001,2,1
CP05276,4,4,23330.22,3,0
CP05277,5,5,76671.89,2,1
CP05278,3,3,20273.11,1,0
CP05279,5,5,28290.02,1,0
CP05280,3,3,51155.95,0,0
CP05281,3,3,60948.71,1,0
CP05282,5,5,127659.11,1,0
CP05283,4,4,251315.14,2,0
CP05284,3,3,17632.510000000002,0,0
CP05285,6,6,77206.17,0,0
CP05286,4,4,43700.57,4,0
CP05287,5,5,50648.09,3,1
CP05288,1,1,6748.97,0,0
CP05289,5,5,32190.18,1,0
CP05290,3,3,52500.0,3,0
CP05291,5,5,59135.72,2,1
CP05292,7,7,63115.700000000004,2,1
CP05293,3,3,103004.95000000001,2,0
CP05294,6,6,36926.04,4,1
CP05295,6,6,27516.86,3,1
CP05296,7,7,46499.03,2,1
CP05297,1,1,12416.92,0,0
CP05298,3,3,8828.74,0,0
CP05299,6,6,63231.38,2,1
CP05300,4,4,24813.37,1,0
CP05301,6,6,69434.81,3,1
CP05302,3,3,40559.53,1,0
CP05303,1,1,1680.41,1,0
CP05304,3,3,18988.84,2,0
CP05305,4,4,25267.489999999998,0,0
CP05306,5,5,37409.68,4,1
CP05307,4,4,36180.97,1,0
CP05308,2,2,14877.53,1,0
CP05309,4,4,59588.36,0,0
CP05310,6,6,63461.090000000004,3,1
CP05311,1,1,4650.33,1,0
CP05312,3,3,19562.63,1,0
CP05313,9,9,117132.16,4,1
CP05314,2,2,11383.98,1,0
CP05315,4,4,36527.14,2,0
CP05316,4,4,14875.42,3,0
CP05317,4,4,42802.44,1,0
CP05318,8,8,102752.47,5,1
CP05319,4,4,64630.44,2,0
CP05320,3,3,9365.78,1,0
CP05321,8,8,155423.8,3,1
CP05322,5,5,23946.85,2,1
CP05323,3,3,80756.86,1,0
CP05324,4,4,25109.29,3,0
CP05325,2,2,5740.26,2,0
CP05326,6,6,39825.13,1,0
CP05327,3,3,16075.09,0,0
CP05328,4,4,46939.03999999999,1,0
CP05329,8,8,90657.94,3,1
CP05330,9,9,87659.45000000001,6,1
CP05331,9,9,95619.37,5,1
CP05332,2,2,20173.43,0,0
CP05333,2,2,30029.78,0,0
CP05334,3,3,39506.93,3,0
CP05335,11,11,213681.84999999998,4,1
CP05336,1,1,12380.64,1,0
CP05337,7,7,108487.84999999999,3,1
CP05338,5,5,151735.75,2,1
CP05339,7,7,54680.8,3,1
CP05340,2,2,7196.32,2,0
CP05341,1,1,1738.86,0,0
CP05342,6,6,25694.84,1,0
CP05343,7,7,67712.77,1,0
CP05344,5,5,142689.89,2,1
CP05345,1,1,33447.88,0,0
CP05346,6,6,84684.09,4,1
CP05347,2,2,7734.969999999999,0,0
CP05348,1,1,1540.99,0,0
CP05349,10,10,87497.75,3,1
CP05350,5,5,37348.740000000005,3,1
CP05351,2,2,95042.31,0,0
CP05352,6,6,114267.09999999999,4,1
CP05353,4,4,36320.58,2,0
CP05354,7,7,147253.96000000002,3,1
CP05355,1,1,14184.92,1,0
CP05356,4,4,34893.21000000001,1,0
CP05357,1,1,6449.86,0,0
CP05358,6,6,66964.28,1,0
CP05359,5,5,28779.2,2,1
CP05360,4,4,29034.21,3,0
CP05361,7,7,47185.9,3,1
CP05362,8,8,101629.84,2,1
CP05363,7,7,64095.39,3,1
CP05364,4,4,43664.020000000004,0,0
CP05365,3,3,56805.17,1,0
CP05366,2,2,12188.009999999998,1,0
CP05367,4,4,62792.59,2,0
CP05368,6,6,50923.02,3,1
CP05369,9,9,93770.92,2,1
CP05370,4,4,26586.88,1,0
CP05371,8,8,91529.32,1,0
CP05372,5,5,73351.59,0,0
CP05373,7,7,326010.16000000003,5,1
CP05374,4,4,50324.63,3,0
CP05375,4,4,41321.86,3,0
CP05376,3,3,27155.1,1,0
CP05377,5,5,33841.899999999994,2,1
CP05378,4,4,39631.55,2,0
CP05379,8,8,132808.08000000002,4,1
CP05380,5,5,142225.97999999998,3,1
CP05381,7,7,32580.6,0,0
CP05382,3,3,19250.97,0,0
CP05383,2,2,88658.78,0,0
CP05384,1,1,4040.03,1,0
CP05385,6,6,82444.85,3,1
CP05386,7,8,304015.24,2,1
CP05387,4,4,51716.13,2,0
CP05388,3,3,26339.76,1,0
CP05389,4,4,129267.70999999999,1,0
CP05390,2,2,45250.9,0,0
CP05391,3,3,23383.89,1,0
CP05392,7,7,82156.61,5,1
CP05393,8,8,216937.13,5,1
CP05394,3,3,40321.64,3,0
CP05395,5,5,25285.53,2,1
CP05396,7,7,36445.04,2,1
CP05397,5,5,40136.22,1,0
CP05398,4,4,21759.46,2,0
CP05399,6,6,109749.13,2,1
CP05400,2,2,19863.95,1,0
CP05401,4,4,22498.16,2,0
CP05402,6,6,49639.37,4,1
CP05403,5,5,51168.09,3,1
CP05404,3,3,222198.16,0,0
CP05405,3,3,25091.54,2,0
CP05406,8,8,163789.56,3,1
CP05407,7,7,62450.78,4,1
CP05408,5,5,66740.24,3,1
CP05409,7,7,45386.03,3,1
CP05410,9,9,93177.48999999999,2,1
CP05411,6,6,92767.81,3,1
CP05412,6,6,36692.55,5,1
CP05413,5,5,139386.72,3,1
CP05414,3,3,57282.39,1,0
CP05415,8,8,114861.22,3,1
CP05416,2,2,21456.629999999997,1,0
CP05417,4,4,38394.46,3,0
CP05418,6,6,25296.84,3,1
CP05419,3,3,60770.740000000005,0,0
CP05420,3,3,31178.390000000003,2,0
CP05421,4,4,31673.65,2,0
CP05422,3,3,20816.67,1,0
CP05423,3,3,28552.97,0,0
CP05424,4,4,81401.59,3,0
CP05425,3,3,11863.82,0,0
CP05426,7,7,126098.94,3,1
CP05427,7,7,62941.44,2,1
CP05428,8,8,57426.229999999996,3,1
CP05429,2,2,14493.650000000001,1,0
CP05430,4,4,10155.18,2,0
CP05431,7,7,63822.549999999996,1,0
CP05432,5,5,36382.729999999996,4,1
CP05433,5,5,27150.230000000003,1,0
CP05434,2,2,9332.91,1,0
CP05435,2,2,9424.66,2,0
CP05436,5,5,59477.59,2,1
CP05437,3,3,55075.54,0,0
CP05438,6,6,60762.15,0,0
CP05439,4,4,25689.36,2,0
CP05440,2,2,8509.94,1,0
CP05441,9,9,105740.97,2,1
CP05442,6,6,38584.19,1,0
CP05443,4,4,23208.769999999997,0,0
CP05444,3,3,6914.79,2,0
CP05445,4,4,141507.11000000002,1,0
CP05446,3,3,26500.11,2,0
CP05447,4,4,38138.85,1,0
CP05448,6,6,69962.89,0,0
CP05449,4,4,74603.84,2,0
CP05450,3,3,17762.5,1,0
CP05451,5,5,36398.53,0,0
CP05452,3,3,39158.479999999996,2,0
CP05453,2,2,2291.34,1,0
CP05454,7,7,72317.95,4,1
CP05455,7,7,109314.85,2,1
CP05456,8,8,97216.28,3,1
CP05457,6,6,58933.45,3,1
CP05458,4,4,37718.86,1,0
CP05459,8,8,85957.93000000001,2,1
CP05460,3,3,13593.65,2,0
CP05461,3,3,18503.43,1,0
CP05462,4,4,103332.68,1,0
CP05463,4,4,200569.68,2,0
CP05464,5,5,30531.05,1,0
CP05465,7,7,56631.33,3,1
CP05466,4,4,42074.15,0,0
CP05467,2,2,3547.86,2,0
CP05468,5,5,49590.69,1,0
CP05469,7,7,85643.17,4,1
CP05470,3,3,11380.67,0,0
CP05471,5,5,20620.03,4,1
CP05472,6,6,36411.79,3,1
CP05473,4,4,28203.63,2,0
CP05474,2,2,7383.9,1,0
CP05475,4,4,43053.66,0,0
CP05476,7,7,50498.33,1,0
CP05477,3,3,7252.27,0,0
CP05478,9,9,150152.71000000002,4,1
CP05479,6,6,40099.78,4,1
CP05480,5,5,168624.18,1,0
CP05481,6,6,52308.03,4,1
CP05482,9,9,123663.46,4,1
CP05483,4,4,21299.84,2,0
CP05484,8,8,146105.08,6,1
CP05485,5,5,43540.93,3,1
CP05486,7,7,33773.67,3,1
CP05487,4,4,53287.88,1,0
CP05488,4,4,27458.91,3,0
CP05489,3,3,43736.32,2,0
CP05490,1,1,2476.73,0,0
CP05491,2,2,9334.349999999999,1,0
CP05492,4,4,102828.28,2,0
CP05493,5,5,23969.18,2,1
CP05494,8,8,228817.16,4,1
CP05495,5,5,46546.28,1,0
CP05496,5,5,33716.479999999996,1,0
CP05497,5,5,51754.11,2,1
CP05498,4,4,20114.579999999998,1,0
CP05499,6,6,63612.09,1,0
CP05500,3,3,23456.960000000003,1,0
CP05501,5,5,56426.46000000001,4,1
CP05502,4,4,218971.74,3,0
CP05503,6,6,22389.350000000002,4,1
CP05504,5,5,156537.77,2,1
CP05505,4,4,30117.47,1,0
CP05506,5,5,48955.93,3,1
CP05507,5,5,19887.71,2,1
CP05508,5,5,23248.91,2,1
CP05509,4,4,33480.770000000004,0,0
CP05510,4,4,62860.11,2,0
CP05511,7,7,60039.08,2,1
CP05512,1,1,20179.79,1,0
CP05513,7,7,63274.090000000004,4,1
CP05514,1,1,13429.42,0,0
CP05515,6,6,32158.600000000002,2,1
CP05516,6,6,137038.81,4,1
CP05517,3,3,11472.43,2,0
CP05518,3,3,84128.21,3,0
CP05519,3,3,26721.09,1,0
CP05520,6,6,50330.48,3,1
CP05521,4,4,26355.98,2,0
CP05522,7,7,73745.16,1,0
CP05523,2,2,26631.76,1,0
CP05524,2,2,21939.18,1,0
CP05525,7,7,56093.25,3,1
CP05526,6,6,137825.26,3,1
CP05527,2,2,6228.639999999999,1,0
CP05528,5,5,35255.04,3,1
CP05529,4,4,24024.99,2,0
CP05530,3,3,35782.74,1,0
CP05531,2,2,19666.56,0,0
CP05532,3,3,28274.23,1,0
CP05533,6,6,55537.09,3,1
CP05534,6,6,153138.12,2,1
CP05535,3,3,9106.69,1,0
CP05536,2,2,4969.28,1,0
CP05537,11,11,99212.52,4,1
CP05538,3,3,25894.430000000004,0,0
CP05539,3,3,38233.770000000004,1,0
CP05540,3,3,10100.21,0,0
CP05541,4,4,33130.409999999996,3,0
CP05542,3,3,15881.619999999999,1,0
CP05543,4,4,15494.749999999998,2,0
CP05544,4,4,20498.08,3,0
CP05545,3,3,40348.380000000005,0,0
CP05546,1,1,10036.77,0,0
CP05547,5,5,37655.89,2,1
CP05548,6,6,52057.62,4,1
CP05549,3,3,7042.79,1,0
CP05550,3,3,58741.369999999995,1,0
CP05551,6,6,29831.82,2,1
CP05552,3,3,8718.810000000001,1,0
CP05553,2,2,6356.66,0,0
CP05554,3,3,24246.12,2,0
CP05555,7,7,37689.58,3,1
CP05556,2,2,14210.38,0,0
CP05557,6,6,90556.79000000001,4,1
CP05558,6,6,82433.04,5,1
CP05559,4,4,33479.0,1,0
CP05560,3,3,45664.29,2,0
CP05561,6,6,44495.29,2,1
CP05562,8,8,120371.91,2,1
CP05563,5,5,32767.39,1,0
CP05564,6,6,25323.39,3,1
CP05565,8,8,46714.740000000005,5,1
CP05566,8,9,72784.18,2,1
CP05567,5,5,38520.38,3,1
CP05568,5,5,44220.07,3,1
CP05569,4,4,39193.1,0,0
CP05570,8,8,69961.36,3,1
CP05571,1,1,26926.3,0,0
CP05572,8,8,75125.15,5,1
CP05573,3,3,37847.6,2,0
CP05575,4,4,9879.44,3,0
CP05576,2,2,16145.119999999999,0,0
CP05577,2,2,8435.48,0,0
CP05578,4,4,17927.63,0,0
CP05579,9,9,135624.96,7,1
CP05580,4,4,48064.130000000005,1,0
CP05581,7,7,40026.09,2,1
CP05582,3,3,29618.839999999997,0,0
CP05583,1,1,7447.68,0,0
CP05584,4,4,81970.48,2,0
CP05585,2,2,25979.39,0,0
CP05586,4,5,161325.1,2,0
CP05587,3,4,38970.87,3,0
CP05588,3,3,17531.87,2,0
CP05589,2,2,13603.68,0,0
CP05590,6,6,104612.79999999999,4,1
CP05591,6,6,33931.27,3,1
CP05592,3,3,34534.81,2,0
CP05593,4,4,56054.229999999996,2,0
CP05594,9,9,79884.15000000001,1,0
CP05595,5,5,18923.07,1,0
CP05596,6,6,99026.95,3,1
CP05597,7,7,50363.09,2,1
CP05598,6,6,35142.69,2,1
CP05599,5,5,106276.17,2,1
CP05600,6,6,271587.74,1,0
CP05601,6,6,66623.64,4,1
CP05602,2,2,39125.54,0,0
CP05603,5,5,24393.79,2,1
CP05604,3,3,34587.44,2,0
CP05605,2,2,10107.73,2,0
CP05606,2,2,7809.450000000001,1,0
CP05607,5,5,42739.37,3,1
CP05608,4,4,115576.41,0,0
CP05609,7,7,82219.28,5,1
CP05610,2,2,13031.29,2,0
CP05611,5,5,66395.97,1,0
CP05612,4,4,50470.740000000005,2,0
CP05613,1,1,13247.75,0,0
CP05614,7,7,72417.83,2,1
CP05615,5,5,26718.63,0,0
CP05616,8,8,60578.380000000005,3,1
CP05617,6,6,45559.47,1,0
CP05618,2,2,12935.640000000001,0,0
CP05619,6,6,17352.89,3,1
CP05620,6,6,101522.37,3,1
CP05621,6,6,103150.3,3,1
CP05622,4,4,90261.66,3,0
CP05623,6,6,213809.41000000003,1,0
CP05624,3,3,55847.98,1,0
CP05625,3,3,18973.69,2,0
CP05626,5,5,41368.590000000004,1,0
CP05627,5,5,113396.25,2,1
CP05628,7,7,130477.11,2,1
CP05629,6,6,88679.56,3,1
CP05630,5,5,137059.65000000002,1,0
CP05631,3,3,9272.7,1,0
CP05632,2,2,31355.47,0,0
CP05633,13,13,142091.34,3,1
CP05634,4,4,60028.19,3,0
CP05635,5,5,29087.46,3,1
CP05636,3,3,23424.39,2,0
CP05637,5,5,21071.93,1,0
CP05638,3,3,81578.73999999999,1,0
CP05639,4,4,38675.8,2,0
CP05640,2,2,9318.82,1,0
CP05641,4,4,15563.41,2,0
CP05642,4,4,18125.23,2,0
CP05643,7,7,86118.5,4,1
CP05644,5,5,101212.11,3,1
CP05645,4,4,27313.47,1,0
CP05646,5,5,75709.38,0,0
CP05647,2,2,9029.46,0,0
CP05648,5,5,71149.03,2,1
CP05649,5,5,58860.88,2,1
CP05650,3,3,29926.68,1,0
CP05651,3,3,22051.61,0,0
CP05652,7,7,67162.62,6,1
CP05653,4,4,140379.2,2,0
CP05654,4,4,41239.17999999999,2,0
CP05655,7,7,39975.53,1,0
CP05656,1,1,15885.7,0,0
CP05657,6,6,28634.85,2,1
CP05658,3,3,22402.44,2,0
CP05659,8,8,27944.13,3,1
CP05660,4,4,43336.59,3,0
CP05661,4,4,22357.23,0,0
CP05662,1,1,4893.7,1,0
CP05663,6,6,54806.829999999994,1,0
CP05664,3,3,29637.4,2,0
CP05665,7,7,95812.23,4,1
CP05666,4,4,86226.79000000001,2,0
CP05667,4,4,50020.62,1,0
CP05668,3,3,39804.479999999996,2,0
CP05669,4,4,65348.08,1,0
CP05670,9,9,79892.15,5,1
CP05671,6,6,49655.13,3,1
CP05672,7,7,110604.39,2,1
CP05673,8,8,61365.829999999994,4,1
CP05674,3,3,117197.65,1,0
CP05675,3,3,16690.69,2,0
CP05676,2,2,4331.25,1,0
CP05677,2,2,33087.27,0,0
CP05678,6,6,28115.57,3,1
CP05679,5,5,81493.18,2,1
CP05680,3,3,44404.979999999996,1,0
CP05681,7,7,118560.72,5,1
CP05682,3,3,12756.48,1,0
CP05683,2,2,3843.87,1,0
CP05684,1,1,1389.26,0,0
CP05685,6,6,58572.01,1,0
CP05686,6,6,45226.47,4,1
CP05687,8,8,106901.52,3,1
CP05688,3,3,15606.74,1,0
CP05689,7,7,60782.81,4,1
CP05690,6,6,86237.26,1,0
CP05691,12,12,113966.85,5,1
CP05692,5,5,194841.09,3,1
CP05693,3,3,63180.92,1,0
CP05694,3,3,24233.64,1,0
CP05695,5,5,73481.54999999999,2,1
CP05696,8,8,399254.79,1,0
CP05697,5,5,76913.4,2,1
CP05698,6,6,101796.03,2,1
CP05699,5,5,25549.2,3,1
CP05700,3,3,56706.83,2,0
CP05701,3,3,18820.83,1,0
CP05702,4,4,34169.83,2,0
CP05703,3,3,19544.010000000002,1,0
CP05704,8,8,60023.73,0,0
CP05705,4,4,141795.18,3,0
CP05706,7,7,56669.82,5,1
CP05707,2,2,14374.04,0,0
CP05708,6,6,31956.1,1,0
CP05709,6,6,58173.97,2,1
CP05710,9,9,128811.2,1,0
CP05711,3,3,16107.07,2,0
CP05712,1,1,6750.23,0,0
CP05713,4,4,37814.33,2,0
CP05714,4,4,35923.57,1,0
CP05715,5,5,280651.4,1,0
CP05716,6,6,117829.76,2,1
CP05717,4,4,47689.47,1,0
CP05718,5,5,17225.18,1,0
CP05719,4,4,76796.53,2,0
CP05720,7,7,113925.52,3,1
CP05721,7,7,47565.54,1,0
CP05722,7,7,75012.33,2,1
CP05723,6,6,55981.12,1,0
CP05724,7,7,30776.8,3,1
CP05725,8,8,55203.56,0,0
CP05726,5,5,86238.57,2,1
CP05727,3,3,33086.53,3,0
CP05728,10,11,124688.5,3,1
CP05729,5,5,46966.85,5,1
CP05730,4,4,17290.66,2,0
CP05731,3,3,34261.72,1,0
CP05732,5,5,30306.72,4,1
CP05733,5,5,77323.1,1,0
CP05734,9,9,94563.17,4,1
CP05735,3,3,24783.11,2,0
CP05736,3,3,62305.42999999999,0,0
CP05737,9,9,63687.8,3,1
CP05738,5,5,34937.490000000005,1,0
CP05739,5,5,57747.53,2,1
CP05740,2,2,11591.91,1,0
CP05741,2,2,18449.31,0,0
CP05742,4,4,41490.19,3,0
CP05743,5,5,52357.73,3,1
CP05744,4,4,38101.12,1,0
CP05745,2,2,11495.32,2,0
CP05746,2,2,11985.17,0,0
CP05747,3,3,36017.95,3,0
CP05748,4,4,50233.79,1,0
CP05749,4,4,34150.94,0,0
CP05750,7,7,142705.65,4,1
CP05751,3,3,22079.36,2,0
CP05752,5,5,47290.87,1,0
CP05753,3,3,17447.75,2,0
CP05754,5,5,47159.380000000005,2,1
CP05755,8,8,220209.53000000003,5,1
CP05756,5,5,21390.6,2,1
CP05757,5,5,36455.25,1,0
CP05758,3,3,49001.979999999996,1,0
CP05759,4,4,54280.28,3,0
CP05760,2,2,47645.81,1,0
CP05761,4,4,19669.22,2,0
CP05762,3,3,40127.03,2,0
CP05763,5,5,66861.66,1,0
CP05764,3,3,43214.71,3,0
CP05765,4,4,27623.65,0,0
CP05766,4,4,83181.42,0,0
CP05767,2,2,58782.06,0,0
CP05768,7,7,90152.07,2,1
CP05769,4,4,97113.8,1,0
CP05770,6,6,33182.75,2,1
CP05771,5,5,59902.39,2,1
CP05772,3,3,27108.58,3,0
CP05773,3,3,17455.1,0,0
CP05774,5,5,27936.629999999997,3,1
CP05775,5,5,39825.54,2,1
CP05776,7,7,246924.69,3,1
CP05777,1,1,7436.34,1,0
CP05778,4,4,74842.56999999999,2,0
CP05779,3,3,24420.67,3,0
CP05780,6,6,40734.130000000005,2,1
CP05781,2,2,18670.64,1,0
CP05782,8,8,37628.66,2,1
CP05783,4,4,48396.97,1,0
CP05784,6,6,91858.43,3,1
CP05785,2,2,7672.82,1,0
CP05786,8,8,43884.49,4,1
CP05787,7,7,126446.08,2,1
CP05788,9,9,85084.48,5,1
CP05789,3,3,24455.35,2,0
CP05790,5,5,54681.57,3,1
CP05791,4,4,30592.03,2,0
CP05792,4,4,40440.7,0,0
CP05793,3,3,50651.5,2,0
CP05794,3,3,45265.8,1,0
CP05795,5,5,106789.41,2,1
CP05796,2,2,6896.629999999999,0,0
CP05797,8,8,156359.74,5,1
CP05798,3,3,33157.58,1,0
CP05799,1,1,3255.18,0,0
CP05800,4,4,36285.06,1,0
CP05801,9,9,162495.85,3,1
CP05802,1,1,22833.9,1,0
CP05803,3,3,19332.87,0,0
CP05804,5,5,45772.74,2,1
CP05805,6,6,92430.81,2,1
CP05806,7,7,40188.63,5,1
CP05807,6,6,59831.03,3,1
CP05808,5,6,94328.20999999999,1,0
CP05809,7,7,58443.35,4,1
CP05810,2,2,21488.4,0,0
CP05811,4,4,49612.31,1,0
CP05812,3,3,19520.6,0,0
CP05813,2,2,28732.93,1,0
CP05814,5,5,72361.93000000001,1,0
CP05815,4,4,14878.29,1,0
CP05816,7,8,120859.19,8,1
CP05817,6,6,25436.13,3,1
CP05818,1,1,2654.67,0,0
CP05819,7,7,49427.84,3,1
CP05820,3,3,27611.78,2,0
CP05821,2,2,3377.8,0,0
CP05822,1,1,1907.02,0,0
CP05823,6,6,52695.41,2,1
CP05824,6,6,30932.48,2,1
CP05825,2,2,34159.53,1,0
CP05826,3,3,7972.08,1,0
CP05827,3,3,28786.45,2,0
CP05828,1,1,13058.81,1,0
CP05829,6,6,49936.009999999995,5,1
CP05830,7,7,72995.64,1,0
CP05831,2,2,7566.67,1,0
CP05832,6,6,30566.699999999997,0,0
CP05833,4,4,30584.78,2,0
CP05834,6,6,43880.3,3,1
CP05835,6,6,85520.81,4,1
CP05836,9,9,91958.91,5,1
CP05837,5,5,79691.31,3,1
CP05838,6,6,70563.52,3,1
CP05839,9,9,51725.509999999995,3,1
CP05840,3,3,41982.340000000004,2,0
CP05841,2,2,10512.22,2,0
CP05842,5,5,44476.06,1,0
CP05843,6,6,59161.36,1,0
CP05844,6,6,72871.89,2,1
CP05845,4,4,27967.08,2,0
CP05847,7,7,63084.3,4,1
CP05848,3,3,27288.34,2,0
CP05849,4,4,139912.68,2,0
CP05850,9,9,126407.1,2,1
CP05851,4,4,76902.79000000001,2,0
CP05852,7,7,92493.27,1,0
CP05853,4,4,20985.04,2,0
CP05854,6,6,45344.54,2,1
CP05855,7,7,70899.73999999999,2,1
CP05856,3,3,27902.399999999998,2,0
CP05857,4,4,27494.559999999998,1,0
CP05858,2,2,6543.599999999999,0,0
CP05859,2,2,15714.66,0,0
CP05860,4,4,14411.32,1,0
CP05861,2,2,9331.79,1,0
CP05862,4,4,55571.119999999995,1,0
CP05863,3,3,46528.56,2,0
CP05864,6,6,62292.98,5,1
CP05865,2,2,136313.96000000002,1,0
CP05866,6,6,96093.92,2,1
CP05867,8,8,84793.37,3,1
CP05868,7,7,103327.2,2,1
CP05869,3,3,35323.44,2,0
CP05870,6,7,62779.81,4,1
CP05871,2,2,20198.65,1,0
CP05872,4,4,115335.15000000001,2,0
CP05873,3,3,16363.0,1,0
CP05874,4,4,58162.8,2,0
CP05875,4,4,101371.16,1,0
CP05876,4,4,31908.18,1,0
CP05877,5,5,39524.66,1,0
CP05878,2,2,5786.6900000000005,0,0
CP05879,4,4,15683.130000000001,2,0
CP05880,2,2,22839.63,0,0
CP05881,5,5,34991.59,3,1
CP05882,4,4,29105.34,3,0
CP05883,4,4,20418.350000000002,1,0
CP05884,4,4,35574.46,2,0
CP05885,5,5,38189.96,2,1
CP05886,4,4,39743.77,1,0
CP05887,6,6,66804.33,2,1
CP05888,2,2,15970.009999999998,0,0
CP05889,6,6,65973.26,3,1
CP05890,4,4,18393.08,0,0
CP05891,3,3,29275.96,1,0
CP05892,3,3,62662.81,1,0
CP05893,2,2,26753.67,0,0
CP05894,5,5,55613.62,3,1
CP05895,3,3,16107.89,2,0
CP05896,4,4,28535.63,1,0
CP05897,3,3,51816.15,1,0
CP05898,5,5,45280.46,1,0
CP05899,4,4,43982.93,1,0
CP05900,5,5,32215.399999999998,3,1
CP05901,4,4,106568.18999999999,1,0
CP05902,3,3,10312.48,0,0
CP05903,3,3,43068.979999999996,3,0
CP05904,4,4,47548.45,3,0
CP05905,4,4,33714.93,1,0
CP05906,4,4,27652.64,2,0
CP05907,7,7,91183.56,5,1
CP05908,7,7,89487.02,3,1
CP05909,5,5,44435.09,2,1
CP05910,10,10,81853.39,4,1
CP05911,5,5,76442.58,2,1
CP05912,7,7,77835.56,2,1
CP05913,4,4,30581.260000000002,2,0
CP05914,5,5,38741.91,3,1
CP05915,7,7,69375.22,4,1
CP05916,5,5,135752.85,2,1
CP05917,2,2,11537.720000000001,1,0
CP05918,4,4,31935.1,1,0
CP05919,3,3,10030.5,2,0
CP05920,5,5,26808.4,2,1
CP05921,6,6,178764.98,1,0
CP05922,4,4,22557.22,2,0
CP05923,5,5,85844.84,1,0
CP05924,4,4,16958.879999999997,2,0
CP05925,7,7,204607.26,5,1
CP05926,3,3,37264.35999999999,1,0
CP05927,2,2,13806.8,2,0
CP05928,4,4,16207.51,2,0
CP05929,3,3,16102.230000000001,2,0
CP05930,5,5,33505.57,0,0
CP05931,4,4,43465.74,2,0
CP05932,6,6,77633.5,2,1
CP05933,7,7,91986.82999999999,4,1
CP05934,6,6,61785.2,2,1
CP05935,6,6,47224.59,3,1
CP05936,2,2,5906.530000000001,1,0
CP05937,3,3,55683.159999999996,1,0
CP05938,7,7,68115.47,3,1
CP05939,5,5,90833.26999999999,4,1
CP05940,5,5,33005.63,1,0
CP05942,4,4,60248.53,0,0
CP05943,3,3,52143.09,1,0
CP05944,1,1,11566.25,1,0
CP05945,7,8,51548.55,3,1
CP05946,2,2,6004.98,0,0
CP05947,2,2,35081.54,1,0
CP05948,7,7,110440.41,2,1
CP05949,8,8,95162.81,2,1
CP05950,8,8,119148.4,4,1
CP05951,5,5,128254.05,1,0
CP05952,4,4,20017.64,1,0
CP05953,4,4,76071.63,2,0
CP05954,5,5,30410.42,5,1
CP05955,4,4,19970.9,2,0
CP05956,2,2,8157.06,2,0
CP05957,4,4,28875.28,2,0
CP05958,6,6,59885.42,1,0
CP05959,6,6,52378.06,1,0
CP05960,5,5,56002.94,2,1
CP05961,5,5,50620.28,2,1
CP05962,3,3,17664.89,2,0
CP05963,4,4,78732.86,0,0
CP05964,5,5,31786.96,3,1
CP05965,7,7,43480.04,3,1
CP05966,4,4,45242.81,3,0
CP05967,7,7,51242.97,2,1
CP05968,5,5,40415.09,2,1
CP05969,3,3,16579.510000000002,1,0
CP05970,9,9,70628.09,4,1
CP05971,4,4,28014.62,0,0
CP05972,3,3,60654.43000000001,2,0
CP05973,5,5,20944.53,2,1
CP05974,2,2,13900.14,0,0
CP05975,2,2,17333.46,2,0
CP05976,7,7,69691.52,1,0
CP05977,5,5,35122.43,1,0
CP05978,3,3,35740.03,1,0
CP05979,3,3,70006.97,1,0
CP05980,2,2,11502.44,1,0
CP05981,6,6,99819.7,1,0
CP05983,7,7,66879.90000000001,4,1
CP05984,2,2,10170.73,0,0
CP05985,7,8,106986.13,3,1
CP05986,3,3,27689.72,1,0
CP05987,4,4,20807.71,0,0
CP05988,9,9,78727.97,3,1
CP05989,2,2,22403.629999999997,0,0
CP05990,3,3,60671.270000000004,2,0
CP05991,2,2,38163.59,1,0
CP05992,3,3,22390.649999999998,1,0
CP05993,2,2,35592.47,1,0
CP05994,10,10,66469.97,2,1
CP05995,3,3,30652.6,2,0
CP05996,7,7,41837.97,3,1
CP05997,2,2,29961.43,1,0
CP05998,3,3,45035.340000000004,1,0
CP05999,7,7,106850.73000000001,4,1
CP06000,1,1,6558.64,0,0
CP06001,9,9,73772.94,3,1
CP06002,2,2,7233.1,1,0
CP06003,4,4,14920.21,1,0
CP06004,4,4,44901.63,0,0
CP06005,4,4,37334.83,2,0
CP06006,2,2,26511.06,1,0
CP06007,7,7,71049.84,3,1
CP06008,4,4,23319.62,1,0
CP06009,8,8,103733.37,4,1
CP06010,7,7,58271.04,2,1
CP06011,3,3,77410.67000000001,0,0
CP06012,9,9,96189.26000000001,3,1
CP06013,6,6,51327.770000000004,3,1
CP06014,3,3,42793.17,1,0
CP06015,5,5,68700.94,3,1
CP06016,5,5,73735.65000000001,2,1
CP06017,8,8,64066.67,4,1
CP06018,5,5,102711.91,2,1
CP06019,7,7,52625.06,3,1
CP06020,2,2,16086.56,0,0
CP06021,6,6,48069.53,2,1
CP06022,4,4,30830.0,0,0
CP06023,6,6,70970.72,1,0
CP06024,6,6,71246.43000000001,3,1
CP06025,4,4,20427.55,3,0
CP06026,5,5,75744.54,2,1
CP06027,1,1,6063.65,1,0
CP06028,2,2,30838.4,2,0
CP06029,3,3,47512.59,0,0
CP06030,3,3,21307.07,1,0
CP06031,2,2,9020.52,2,0
CP06032,4,4,20930.52,0,0
CP06033,4,4,62511.600000000006,2,0
CP06034,5,5,49515.880000000005,2,1
CP06035,3,3,31745.920000000002,0,0
CP06036,2,2,20370.3,1,0
CP06037,2,2,9425.69,0,0
CP06038,4,4,37115.57000000001,2,0
CP06039,5,5,26160.66,1,0
CP06041,5,5,89325.07,4,1
CP06042,3,3,21985.85,1,0
CP06043,5,5,47409.850000000006,4,1
CP06044,7,7,93814.68,5,1
CP06045,5,5,127607.93,1,0
CP06046,6,6,94597.59,2,1
CP06047,1,1,9181.64,1,0
CP06048,3,3,22759.55,2,0
CP06049,4,4,22361.87,1,0
CP06050,7,7,108914.99,3,1
CP06051,2,2,25892.010000000002,1,0
CP06052,6,6,128861.84999999999,4,1
CP06053,6,6,41213.75,3,1
CP06054,2,2,15937.59,1,0
CP06055,4,4,98643.34,0,0
CP06056,5,5,72869.34,1,0
CP06057,6,6,54158.09,2,1
CP06058,5,5,43195.0,2,1
CP06059,3,3,73613.91,1,0
CP06060,6,6,22125.52,3,1
CP06061,4,4,39486.1,3,0
CP06062,5,5,73798.52,1,0
CP06063,2,2,58403.700000000004,0,0
CP06064,4,4,20460.7,1,0
CP06065,6,6,46813.0,1,0
CP06066,2,2,28621.73,1,0
CP06067,1,1,4203.37,1,0
CP06068,2,2,9163.61,0,0
CP06069,6,6,53313.8,2,1
CP06070,7,7,86572.86,3,1
CP06071,6,6,28918.14,3,1
CP06072,5,5,44859.78,1,0
CP06073,7,7,117997.43,3,1
CP06074,4,4,73060.66,4,0
CP06075,1,1,2898.08,0,0
CP06076,5,5,54722.82,1,0
CP06077,4,4,34816.89,0,0
CP06078,5,5,105008.02,2,1
CP06079,2,2,6130.84,1,0
CP06080,5,5,63411.09,1,0
CP06081,3,3,33664.87,0,0
CP06082,8,8,72840.62,3,1
CP06083,3,3,17127.940000000002,0,0
CP06084,5,5,28120.45,1,0
CP06085,8,8,280218.74,3,1
CP06086,3,3,33298.95,1,0
CP06087,5,5,39905.69,2,1
CP06088,3,3,12914.82,0,0
CP06089,7,7,55983.479999999996,2,1
CP06090,6,6,104523.43,3,1
CP06091,3,3,39718.3,2,0
CP06092,2,2,11431.699999999999,0,0
CP06093,6,6,48073.32,0,0
CP06094,7,7,61376.4,3,1
CP06095,8,8,90850.39,4,1
CP06096,3,3,25315.14,1,0
CP06097,5,5,98721.32999999999,2,1
CP06098,2,2,8282.789999999999,0,0
CP06099,7,7,113614.20999999999,2,1
CP06100,2,2,10039.06,1,0
CP06101,2,2,10438.26,2,0
CP06102,5,5,90155.53,3,1
CP06103,4,4,35418.01,4,0
CP06104,4,4,114751.34,2,0
CP06105,6,6,48195.65,4,1
CP06106,5,5,60608.92,3,1
CP06107,5,5,19794.03,3,1
CP06108,7,7,146121.03,4,1
CP06109,4,4,218149.34999999998,1,0
CP06110,4,4,17732.57,1,0
CP06111,5,5,62015.590000000004,1,0
CP06112,6,6,64391.08,0,0
CP06113,5,5,53139.58,3,1
CP06114,5,5,89051.23,3,1
CP06115,6,6,59993.39,4,1
CP06116,6,6,64540.39,2,1
CP06117,5,5,124300.92,1,0
CP06118,5,5,30239.879999999997,3,1
CP06119,5,5,96709.15999999999,3,1
CP06120,4,4,61610.10999999999,1,0
CP06121,2,2,18731.510000000002,1,0
CP06122,1,1,11866.82,0,0
CP06123,4,4,39705.39,2,0
CP06124,7,7,35669.48,2,1
CP06125,7,7,56273.12,2,1
CP06126,3,3,48757.4,3,0
CP06127,6,6,24020.09,4,1
CP06128,4,4,62273.74,2,0
CP06129,4,4,38366.42,2,0
CP06130,2,2,38135.41,1,0
CP06131,4,4,41892.94,2,0
CP06132,7,7,85682.49,2,1
CP06133,2,2,29133.43,1,0
CP06134,4,4,116795.44,1,0
CP06135,4,4,24760.879999999997,2,0
CP06136,7,7,134898.04,1,0
CP06137,1,1,13050.34,0,0
CP06138,4,4,79828.48999999999,3,0
CP06139,2,2,5294.28,2,0
CP06140,7,7,50048.42,2,1
CP06141,5,5,50962.54,3,1
CP06142,6,6,40993.729999999996,2,1
CP06143,5,5,39475.94,4,1
CP06144,1,1,4380.47,1,0
CP06146,6,7,155513.59999999998,5,1
CP06147,3,3,46444.9,1,0
CP06148,7,7,37901.24,1,0
CP06149,4,4,91485.54000000001,2,0
CP06150,3,3,42548.9,1,0
CP06151,3,3,46822.99,1,0
CP06152,6,6,84054.81,2,1
CP06153,7,7,79994.88,4,1
CP06154,1,1,11804.72,1,0
CP06155,5,5,55110.88,3,1
CP06156,3,3,18353.43,1,0
CP06157,7,7,319630.93000000005,4,1
CP06158,2,2,15438.220000000001,0,0
CP06159,2,2,8070.33,1,0
CP06160,7,7,75121.36,4,1
CP06161,4,4,33156.490000000005,2,0
CP06162,8,8,55872.340000000004,2,1
CP06163,5,5,56196.63,4,1
CP06164,4,4,20323.32,4,0
CP06165,8,8,45330.6,3,1
CP06166,6,6,45256.380000000005,2,1
CP06167,3,3,15241.66,1,0
CP06168,5,5,24227.65,2,1
CP06169,4,4,25584.13,1,0
CP06170,3,3,125546.96,3,0
CP06171,4,4,18313.850000000002,1,0
CP06172,7,7,106361.48999999999,6,1
CP06173,6,6,54546.89,2,1
CP06174,5,5,157011.88,2,1
CP06175,8,8,97475.51000000001,6,1
CP06176,2,2,67764.0,1,0
CP06177,6,6,136760.69999999998,4,1
CP06178,11,11,141384.54,3,1
CP06179,4,4,29485.04,1,0
CP06180,2,2,11714.310000000001,1,0
CP06181,3,3,38971.34,2,0
CP06182,5,5,46811.22,1,0
CP06183,5,5,43397.57,1,0
CP06184,7,7,55654.74,2,1
CP06185,7,7,123588.53,3,1
CP06186,4,4,49958.94,1,0
CP06187,3,3,16833.7,3,0
CP06188,2,2,9160.65,2,0
CP06189,5,5,40223.12,2,1
CP06190,5,5,35823.98,1,0
CP06191,5,5,75256.72,5,1
CP06192,3,3,49223.67,0,0
CP06193,5,5,20965.81,1,0
CP06194,1,1,4655.32,0,0
CP06195,2,2,15005.51,1,0
CP06196,4,4,19908.79,1,0
CP06197,3,3,35575.479999999996,3,0
CP06198,2,2,14095.78,0,0
CP06199,4,4,35159.82,3,0
CP06200,5,5,59834.38,1,0
CP06201,9,9,124356.20000000001,3,1
CP06202,4,4,22773.32,0,0
CP06203,1,1,19932.03,0,0
CP06204,2,2,8620.41,1,0
CP06205,4,4,95722.93000000001,1,0
CP06206,1,1,3836.49,1,0
CP06207,3,3,43825.81,0,0
CP06208,4,4,43340.92999999999,1,0
CP06209,6,6,213775.4,3,1
CP06210,8,8,108828.36,5,1
CP06211,3,3,18872.87,2,0
CP06212,5,5,32644.16,2,1
CP06213,1,1,1337.24,1,0
CP06214,4,4,20395.64,2,0
CP06215,2,2,36093.78,1,0
CP06216,5,5,84309.46,1,0
CP06217,2,2,5553.139999999999,0,0
CP06218,4,4,31756.75,2,0
CP06219,9,10,116665.26000000001,4,1
CP06220,4,4,20794.32,2,0
CP06221,10,10,82195.8,1,0
CP06222,3,3,13099.94,2,0
CP06223,4,4,36664.15,1,0
CP06224,6,6,40222.43,5,1
CP06225,5,5,30791.269999999997,2,1
CP06226,4,4,9298.65,2,0
CP06227,3,3,27207.149999999998,2,0
CP06228,5,5,48689.3,2,1
CP06229,2,2,9702.2,0,0
CP06230,7,7,64681.45,2,1
CP06231,1,1,1583.58,1,0
CP06232,3,3,16573.04,1,0
CP06233,6,6,87475.42,3,1
CP06234,9,9,61810.939999999995,1,0
CP06235,3,3,23772.61,1,0
CP06236,2,2,5751.66,1,0
CP06237,4,4,24170.059999999998,4,0
CP06238,5,5,48043.42,3,1
CP06239,6,6,71028.13,1,0
CP06240,1,1,15591.78,1,0
CP06241,7,7,61033.16,3,1
CP06242,4,4,23089.05,0,0
CP06244,3,3,136291.24,1,0
CP06245,3,3,72312.43,0,0
CP06246,3,3,9415.74,1,0
CP06247,3,3,26797.88,1,0
CP06248,3,3,39119.86,3,0
CP06249,7,7,149820.77,2,1
CP06250,8,8,123476.95,4,1
CP06251,3,3,29243.550000000003,2,0
CP06252,5,5,41725.08,4,1
CP06253,6,6,52062.73,3,1
CP06254,4,4,33162.84,2,0
CP06255,2,2,14490.47,2,0
CP06256,3,3,61426.23,0,0
CP06257,4,4,91933.5,2,0
CP06258,6,6,79679.27,3,1
CP06259,5,5,41017.14,2,1
CP06260,2,3,13820.599999999999,2,0
CP06261,1,1,2393.92,1,0
CP06263,3,3,91303.76999999999,3,0
CP06264,1,1,9195.39,1,0
CP06265,5,5,36810.729999999996,1,0
CP06266,3,3,18507.71,0,0
CP06267,3,3,10508.73,3,0
CP06268,3,3,100890.71,1,0
CP06269,5,5,78746.58,1,0
CP06270,3,3,25022.98,1,0
CP06271,5,5,69708.43,2,1
CP06272,6,6,38988.55,4,1
CP06273,6,6,67530.91,4,1
CP06274,6,6,119168.95999999999,1,0
CP06275,5,5,45034.95,1,0
CP06276,4,4,82265.58,3,0
CP06277,4,4,48820.95,1,0
CP06278,3,3,15398.24,2,0
CP06279,5,5,38192.19,2,1
CP06280,4,4,85684.48000000001,0,0
CP06281,5,5,33405.090000000004,2,1
CP06282,2,2,8418.51,2,0
CP06283,8,8,71500.89,4,1
CP06284,6,6,90793.94,1,0
CP06285,8,8,116357.03,4,1
CP06286,7,7,47166.62,1,0
CP06287,6,6,66143.75,2,1
CP06288,2,2,58024.58,1,0
CP06289,4,4,63077.840000000004,1,0
CP06290,3,3,23208.56,1,0
CP06291,5,6,80680.92,0,0
CP06292,2,2,14105.599999999999,0,0
CP06293,8,8,82357.8,6,1
CP06294,5,5,46376.9,3,1
CP06295,2,2,45619.42,2,0
CP06296,5,5,7514.88,1,0
CP06297,5,5,31381.57,4,1
CP06298,8,8,174229.56,3,1
CP06299,4,4,20617.27,2,0
CP06300,3,3,26212.42,0,0
CP06301,5,5,87549.01,4,1
CP06302,5,5,45253.53,1,0
CP06303,6,6,64793.740000000005,1,0
CP06304,2,2,12171.189999999999,1,0
CP06305,5,5,111427.45999999999,3,1
CP06306,2,2,47992.68,1,0
CP06307,3,3,23554.97,2,0
CP06308,3,3,75134.04,1,0
CP06309,2,2,25681.67,1,0
CP06310,4,4,42865.49,1,0
CP06311,5,5,38302.15,2,1
CP06312,7,7,58185.86,3,1
CP06313,3,3,29814.690000000002,0,0
CP06314,3,3,14810.41,2,0
CP06315,4,4,47302.99,0,0
CP06316,8,8,214914.36000000002,2,1
CP06317,6,6,110907.57,3,1
CP06318,2,2,18474.85,1,0
CP06319,2,2,7453.93,0,0
CP06320,4,4,16671.0,2,0
CP06321,6,6,34856.74,4,1
CP06322,5,5,35332.58,2,1
CP06323,2,2,30776.78,2,0
CP06324,4,4,55536.08,1,0
CP06325,2,2,13364.89,1,0
CP06326,10,10,173944.96,5,1
CP06327,4,4,58543.3,0,0
CP06328,3,3,113233.66,0,0
CP06329,4,4,33272.57,1,0
CP06330,5,5,31766.439999999995,2,1
CP06331,7,7,134690.8,2,1
CP06332,4,4,21112.2,2,0
CP06333,7,7,84837.6,3,1
CP06334,2,2,14684.380000000001,1,0
CP06335,6,6,26632.12,4,1
CP06336,6,6,51450.6,2,1
CP06337,6,6,83175.19,4,1
CP06338,5,5,65682.7,0,0
CP06339,7,7,94870.13,4,1
CP06340,4,4,64316.00000000001,0,0
CP06341,5,5,54950.94,1,0
CP06343,5,5,53761.22,3,1
CP06344,6,6,33285.380000000005,2,1
CP06345,4,4,37786.33,2,0
CP06346,4,4,10655.300000000001,0,0
CP06347,6,6,72412.97,2,1
CP06348,6,6,107512.23,1,0
CP06349,7,7,158593.55,2,1
CP06350,7,7,31842.62,3,1
CP06351,5,5,57498.85999999999,2,1
CP06352,3,3,31882.829999999998,2,0
CP06353,3,3,21422.31,1,0
CP06354,8,8,63279.520000000004,3,1
CP06355,3,3,34215.94,2,0
CP06356,4,4,220656.46,1,0
CP06357,5,5,27284.699999999997,3,1
CP06358,5,5,148921.39,2,1
CP06359,4,4,28179.7,4,0
CP06360,6,6,38555.52,1,0
CP06361,2,2,52804.43,0,0
CP06362,8,8,113766.69,5,1
CP06363,9,9,81748.59,3,1
CP06364,4,4,41910.71,2,0
CP06365,8,8,71343.86,2,1
CP06366,5,5,75890.52,1,0
CP06367,2,2,14947.619999999999,1,0
CP06368,7,7,46630.100000000006,1,0
CP06369,1,1,8895.94,0,0
CP06370,4,4,54315.520000000004,1,0
CP06371,7,7,221753.74,2,1
CP06373,6,6,63898.689999999995,2,1
CP06374,4,4,35907.61,0,0
CP06375,3,3,21409.59,2,0
CP06376,8,8,170661.66,1,0
CP06377,3,3,37576.54,1,0
CP06378,4,4,56986.49,2,0
CP06379,1,1,3598.77,1,0
CP06380,7,7,33275.66,4,1
CP06382,4,4,35931.84,2,0
CP06383,1,1,2150.66,1,0
CP06384,5,5,42166.72,1,0
CP06385,3,3,70969.23,1,0
CP06386,4,4,42578.71,2,0
CP06387,5,5,75861.49,5,1
CP06388,11,11,112305.19,5,1
CP06389,4,4,21660.1,1,0
CP06390,6,6,38270.8,1,0
CP06391,3,3,18989.85,1,0
CP06392,4,4,39714.83,2,0
CP06393,5,5,41273.44,0,0
CP06394,6,6,96808.15999999999,2,1
CP06395,3,3,15751.56,2,0
CP06396,8,8,133514.88,4,1
CP06397,2,2,12749.23,0,0
CP06398,3,3,25112.78,2,0
CP06399,5,5,98807.2,3,1
CP06400,5,5,54356.509999999995,3,1
CP06401,8,8,68394.38,4,1
CP06402,4,4,50928.85,3,0
CP06403,6,6,94697.19,3,1
CP06404,1,1,2078.1,1,0
CP06405,9,9,203836.94999999998,2,1
CP06406,5,5,46528.65,1,0
CP06407,4,4,52329.35,2,0
CP06408,9,9,118234.01,3,1
CP06409,7,7,79596.55,5,1
CP06410,9,9,127265.59,2,1
CP06411,7,7,103368.17,1,0
CP06412,4,4,79565.78,2,0
CP06413,2,2,161534.02,0,0
CP06414,5,5,39984.21,1,0
CP06415,2,2,24546.6,1,0
CP06416,8,8,47924.13,3,1
CP06417,6,6,20962.1,0,0
CP06418,5,5,194194.06,1,0
CP06419,5,5,98283.01000000001,2,1
CP06420,4,4,27754.43,1,0
CP06421,7,8,105674.51,3,1
CP06422,3,3,18020.73,2,0
CP06423,2,2,5191.86,1,0
CP06424,3,3,10703.099999999999,0,0
CP06425,1,1,14753.62,1,0
CP06426,7,7,110278.18000000001,3,1
CP06427,5,5,49806.36,1,0
CP06428,4,4,56271.64,3,0
CP06429,5,5,73409.66,1,0
CP06430,8,8,77641.11,2,1
CP06431,2,2,19966.91,0,0
CP06432,5,5,60054.60999999999,0,0
CP06433,6,6,94993.69,3,1
CP06434,6,6,68449.28,3,1
CP06435,6,6,59620.56,2,1
CP06436,2,2,11427.21,0,0
CP06437,9,9,62652.66,4,1
CP06438,4,4,32991.02,2,0
CP06439,7,7,83821.93000000001,3,1
CP06440,6,6,28840.83,4,1
CP06441,2,2,13878.66,1,0
CP06442,5,5,86446.32,2,1
CP06443,5,5,39836.380000000005,3,1
CP06444,5,5,20870.74,2,1
CP06445,3,3,25293.67,2,0
CP06446,2,2,69484.76999999999,1,0
CP06447,6,6,31739.67,3,1
CP06448,4,4,38738.21,2,0
CP06449,6,6,41853.630000000005,4,1
CP06450,8,8,35775.03,3,1
CP06451,3,3,50571.05,2,0
CP06452,5,5,46547.67,3,1
CP06453,3,3,48759.23,2,0
CP06454,4,4,34995.95,3,0
CP06455,4,4,22939.559999999998,1,0
CP06456,2,2,16299.38,1,0
CP06457,5,5,141594.98,2,1
CP06458,6,6,42132.37,1,0
CP06459,4,4,13304.76,2,0
CP06460,4,4,11492.45,3,0
CP06461,5,5,38124.43,1,0
CP06462,3,3,22101.04,1,0
CP06463,4,5,123434.9,2,0
CP06464,2,2,22259.089999999997,0,0
CP06465,3,3,19713.63,1,0
CP06466,3,3,164548.53999999998,3,0
CP06467,2,2,13572.69,1,0
CP06468,6,6,40914.58,3,1
CP06469,1,1,21475.81,0,0
CP06470,8,8,110828.10999999999,3,1
CP06471,4,4,20094.33,3,0
CP06472,3,3,21387.399999999998,1,0
CP06473,2,2,13003.17,1,0
CP06474,6,6,57167.57,4,1
CP06475,4,4,25415.05,3,0
CP06476,2,2,5999.110000000001,0,0
CP06477,6,6,302651.73,4,1
CP06478,4,4,22692.17,2,0
CP06479,4,4,54823.65000000001,3,0
CP06480,4,5,55050.4,2,0
CP06481,4,4,34913.3,3,0
CP06482,7,7,36031.3,6,1
CP06483,4,4,16727.77,2,0
CP06484,8,8,135282.66,3,1
CP06485,2,2,11912.09,0,0
CP06486,1,1,24491.81,1,0
CP06487,3,3,22130.37,2,0
CP06488,3,3,16141.77,0,0
CP06489,4,4,29606.28,3,0
CP06490,4,4,26466.48,0,0
CP06491,2,2,12811.12,1,0
CP06492,2,2,41260.060000000005,1,0
CP06493,6,6,123639.23,4,1
CP06494,3,3,42090.01,2,0
CP06495,5,5,42676.579999999994,2,1
CP06496,3,3,48829.03,1,0
CP06497,5,5,85539.97,2,1
CP06498,5,5,47413.28,1,0
CP06499,4,4,85611.48,1,0
