customer_id,customer_name,customer_segment,country,kyc_risk,pep_flag,expected_monthly_volume,total_alerts,escalated_alerts,total_alerted_amount,avg_alert_risk,unique_risk_categories,unique_risk_drivers,total_transactions,total_transaction_amount,high_risk_geo_transactions,unique_counterparties,repeat_alert_flag,multi_risk_flag,high_risk_geo_ratio,financial_crime_risk_score,financial_crime_risk_level
CUST10000,Customer 0001,Commercial,United States,Low,0,21083.82,1.0,0.0,4984.85,72.0,1.0,1.0,31,446249.67,12,31,0,0,0.3870967741935484,21.0,Low
CUST10001,Customer 0002,Small Business,China,Low,0,10062.82,2.0,1.0,421487.80000000005,51.5,1.0,2.0,26,294425.79,9,26,0,0,0.34615384615384615,30.0,Moderate
CUST10002,Customer 0003,Small Business,United States,Low,0,18508.69,5.0,2.0,107151.31000000001,52.6,2.0,3.0,31,604202.5,11,31,1,1,0.3548387096774194,72.0,High
CUST10003,Customer 0004,Consumer,United States,Low,0,7106.23,2.0,0.0,249779.02,62.5,2.0,2.0,24,255120.62,9,24,0,1,0.375,40.0,Moderate
CUST10004,Customer 0005,Consumer,United States,Low,0,43081.8,2.0,2.0,51003.2,55.0,2.0,2.0,25,280596.25,7,25,0,1,0.28,49.2,Moderate
CUST10005,Customer 0006,Small Business,United Kingdom,Low,0,6575.49,0.0,0.0,0.0,0.0,0.0,0.0,18,130099.17,5,18,0,0,0.2777777777777778,16.1,Low
CUST10006,Customer 0007,Consumer,United States,Low,0,1979.95,3.0,1.0,68561.54000000001,38.333333333333336,2.0,3.0,17,233672.13,6,17,1,1,0.35294117647058826,59.0,Moderate
CUST10007,Customer 0008,Consumer,Russia,Low,1,6198.27,3.0,1.0,153895.91,62.333333333333336,1.0,2.0,25,408943.0,8,25,1,0,0.32,56.0,Moderate
CUST10008,Customer 0009,Consumer,Canada,Low,0,8834.0,1.0,0.0,16539.45,59.0,1.0,1.0,26,254067.29,11,26,0,0,0.4230769230769231,21.0,Low
CUST10009,Customer 0010,Consumer,United States,Low,0,15389.73,0.0,0.0,0.0,0.0,0.0,0.0,21,231584.49,8,21,0,0,0.38095238095238093,17.0,Low
CUST10010,Customer 0011,Consumer,India,Low,0,6009.58,2.0,0.0,112550.03,52.0,2.0,2.0,21,189031.95,7,21,0,1,0.3333333333333333,40.0,Moderate
CUST10011,Customer 0012,Small Business,United States,High,0,6796.02,2.0,0.0,103040.48,71.0,2.0,2.0,29,314971.58,11,29,0,1,0.3793103448275862,55.0,Moderate
CUST10012,Customer 0013,Small Business,United Arab Emirates,Low,0,5715.64,2.0,1.0,88378.32,50.0,2.0,2.0,23,195375.32,6,23,0,1,0.2608695652173913,43.4,Moderate
CUST10013,Customer 0014,Consumer,United States,Low,0,11029.7,1.0,0.0,101978.24,51.0,1.0,1.0,27,302457.11,9,27,0,0,0.3333333333333333,21.0,Low
CUST10014,Customer 0015,Consumer,Mexico,Medium,1,3843.71,0.0,0.0,0.0,0.0,0.0,0.0,19,269747.83999999997,4,19,0,0,0.21052631578947367,32.4,Moderate
CUST10015,Customer 0016,Consumer,India,Medium,0,603.85,0.0,0.0,0.0,0.0,0.0,0.0,26,281135.22000000003,12,26,0,0,0.46153846153846156,24.0,Low
CUST10016,Customer 0017,Small Business,United States,Medium,0,23460.94,1.0,0.0,2774.74,43.0,1.0,1.0,24,407164.36,11,24,0,0,0.4583333333333333,28.0,Low
CUST10017,Customer 0018,Consumer,United States,Medium,0,14780.97,1.0,1.0,10031.8,64.0,1.0,1.0,19,205572.05000000002,5,19,0,0,0.2631578947368421,31.5,Moderate
CUST10018,Customer 0019,Consumer,United States,Low,0,36149.89,3.0,0.0,278193.89,53.666666666666664,2.0,3.0,29,352092.65,15,29,1,1,0.5172413793103449,54.0,Moderate
CUST10019,Customer 0020,Small Business,United States,Medium,0,27030.33,0.0,0.0,0.0,0.0,0.0,0.0,33,365627.1,19,33,0,0,0.5757575757575758,24.0,Low
CUST10020,Customer 0021,Consumer,China,Low,0,3415.87,0.0,0.0,0.0,0.0,0.0,0.0,30,225019.63,9,30,0,0,0.3,17.0,Low
CUST10021,Customer 0022,Consumer,United Arab Emirates,Medium,0,35970.02,2.0,1.0,48247.41,45.0,2.0,2.0,13,88095.89,6,13,0,1,0.46153846153846156,52.0,Moderate
CUST10022,Customer 0023,Consumer,United States,Low,0,20575.42,2.0,1.0,40025.94,61.5,1.0,2.0,22,148930.35,10,22,0,0,0.45454545454545453,30.0,Moderate
CUST10023,Customer 0024,Consumer,Nigeria,Low,0,9431.03,1.0,0.0,48992.21,52.0,1.0,1.0,15,138930.68,4,15,0,0,0.26666666666666666,19.7,Low
CUST10024,Customer 0025,Consumer,Canada,Medium,0,8559.3,2.0,1.0,120809.18,47.5,1.0,2.0,23,284664.89,8,23,0,0,0.34782608695652173,37.0,Moderate
CUST10025,Customer 0026,Small Business,Turkey,Low,0,31609.44,1.0,0.0,48029.79,69.0,1.0,1.0,37,634322.75,12,37,0,0,0.32432432432432434,21.0,Low
CUST10026,Customer 0027,Consumer,United Arab Emirates,Medium,0,3442.13,1.0,0.0,59079.3,32.0,1.0,1.0,36,384416.66,14,36,0,0,0.3888888888888889,28.0,Low
CUST10027,Customer 0028,Consumer,United States,Low,0,4035.9,2.0,1.0,72557.48,70.5,2.0,2.0,24,280832.15,11,24,0,1,0.4583333333333333,45.0,Moderate
CUST10028,Customer 0029,Consumer,United States,High,0,12944.37,0.0,0.0,0.0,0.0,0.0,0.0,38,282583.25,19,38,0,0,0.5,32.0,Moderate
CUST10029,Customer 0030,Consumer,United States,Low,0,22871.67,3.0,1.0,56940.36,70.66666666666667,3.0,3.0,31,339079.12,14,31,1,1,0.45161290322580644,59.0,Moderate
CUST10030,Customer 0031,Consumer,United States,High,0,15840.99,2.0,2.0,20073.45,85.0,1.0,2.0,27,247575.74,12,27,0,0,0.4444444444444444,50.0,Moderate
CUST10031,Customer 0032,Consumer,United States,High,0,9170.94,4.0,2.0,183377.43,46.5,3.0,4.0,19,257725.63,10,19,1,1,0.5263157894736842,83.0,Critical
CUST10032,Customer 0033,Consumer,United States,Low,0,36863.85,2.0,0.0,89878.6,62.0,2.0,2.0,26,241834.86,8,26,0,1,0.3076923076923077,40.0,Moderate
CUST10033,Customer 0034,Small Business,United States,Medium,0,25549.73,2.0,1.0,66193.9,51.0,2.0,2.0,25,282606.64,10,25,0,1,0.4,52.0,Moderate
CUST10034,Customer 0035,Consumer,China,Low,0,3080.71,1.0,0.0,8902.09,37.0,1.0,1.0,20,169412.76,9,19,0,0,0.45,21.0,Low
CUST10035,Customer 0036,Consumer,United States,Low,0,8811.81,0.0,0.0,0.0,0.0,0.0,0.0,21,285693.0,8,21,0,0,0.38095238095238093,17.0,Low
CUST10036,Customer 0037,Small Business,United States,Low,0,9023.02,1.0,0.0,46861.35,70.0,1.0,1.0,29,281825.06,12,29,0,0,0.41379310344827586,21.0,Low
CUST10037,Customer 0038,Consumer,United States,Low,0,12169.99,1.0,0.0,39603.14,55.0,1.0,1.0,23,255223.68,9,23,0,0,0.391304347826087,21.0,Low
CUST10038,Customer 0039,Consumer,United States,Medium,0,12468.72,1.0,1.0,13903.69,79.0,1.0,1.0,21,197665.48,10,21,0,0,0.47619047619047616,33.0,Moderate
CUST10039,Customer 0040,Consumer,Mexico,Low,0,20285.5,3.0,1.0,89561.41,46.0,3.0,3.0,31,342671.87,15,31,1,1,0.4838709677419355,59.0,Moderate
CUST10040,Customer 0041,Consumer,United States,Low,0,7939.26,0.0,0.0,0.0,0.0,0.0,0.0,24,258515.55,6,24,0,0,0.25,15.0,Low
CUST10041,Customer 0042,Commercial,United States,High,0,1024.35,3.0,0.0,24879.549999999996,44.333333333333336,1.0,3.0,26,193348.31,13,26,1,0,0.5,54.0,Moderate
CUST10042,Customer 0043,Small Business,United Arab Emirates,Medium,1,2058.58,3.0,0.0,113430.54999999999,60.666666666666664,2.0,3.0,28,382367.92,8,28,1,1,0.2857142857142857,72.4,High
CUST10043,Customer 0044,Consumer,United States,Low,0,18748.09,0.0,0.0,0.0,0.0,0.0,0.0,24,130909.5,10,24,0,0,0.4166666666666667,17.0,Low
CUST10044,Customer 0045,Commercial,Russia,High,0,2066.62,3.0,0.0,69590.18,37.0,2.0,3.0,24,313651.89,6,24,1,1,0.25,67.0,High
CUST10045,Customer 0046,Small Business,United States,Medium,0,17064.02,6.0,2.0,147841.14,55.5,4.0,6.0,28,283717.82,9,28,1,1,0.32142857142857145,79.0,High
CUST10046,Customer 0047,Consumer,Russia,Low,0,1082.59,0.0,0.0,0.0,0.0,0.0,0.0,25,319056.71,8,25,0,0,0.32,17.0,Low
CUST10047,Customer 0048,Consumer,Turkey,High,0,12736.16,2.0,1.0,19331.21,36.5,2.0,2.0,20,266121.56,9,19,0,1,0.45,60.0,High
CUST10048,Customer 0049,Consumer,United States,Low,0,4119.46,1.0,1.0,9707.38,84.0,1.0,1.0,28,310860.92,12,28,0,0,0.42857142857142855,26.0,Low
CUST10049,Customer 0050,Consumer,Russia,Medium,0,7125.51,0.0,0.0,0.0,0.0,0.0,0.0,32,342813.62,12,32,0,0,0.375,24.0,Low
CUST10050,Customer 0051,Commercial,Nigeria,Low,0,2332.48,0.0,0.0,0.0,0.0,0.0,0.0,15,312677.13,4,15,0,0,0.26666666666666666,15.7,Low
CUST10051,Customer 0052,Consumer,India,Medium,0,10546.7,1.0,0.0,29843.75,49.0,1.0,1.0,25,358416.76,12,25,0,0,0.48,28.0,Low
CUST10052,Customer 0053,Consumer,United States,Low,0,1268.78,0.0,0.0,0.0,0.0,0.0,0.0,20,153667.92,3,20,0,0,0.15,11.0,Low
CUST10053,Customer 0054,Commercial,Nigeria,Medium,0,17195.53,0.0,0.0,0.0,0.0,0.0,0.0,24,346816.98,8,24,0,0,0.3333333333333333,24.0,Low
CUST10054,Customer 0055,Commercial,Mexico,Low,0,11412.78,2.0,0.0,119406.31,59.5,2.0,2.0,22,287124.07,10,22,0,1,0.45454545454545453,40.0,Moderate
CUST10055,Customer 0056,Consumer,United States,Low,0,19824.52,1.0,1.0,8221.78,86.0,1.0,1.0,26,296886.35,9,26,0,0,0.34615384615384615,26.0,Low
CUST10056,Customer 0057,Small Business,United States,Low,0,6022.0,4.0,2.0,479704.55999999994,57.75,3.0,4.0,29,353850.73,13,29,1,1,0.4482758620689655,68.0,High
CUST10057,Customer 0058,Consumer,United States,Medium,0,8466.24,0.0,0.0,0.0,0.0,0.0,0.0,21,302716.21,12,21,0,0,0.5714285714285714,24.0,Low
CUST10058,Customer 0059,Consumer,India,Medium,0,10631.28,1.0,1.0,15731.0,71.0,1.0,1.0,17,173261.61,5,17,0,0,0.29411764705882354,32.8,Moderate
CUST10059,Customer 0060,Consumer,Canada,Medium,0,8234.18,1.0,1.0,17501.95,44.0,1.0,1.0,28,300783.13,12,28,0,0,0.42857142857142855,33.0,Moderate
CUST10060,Customer 0061,Consumer,Canada,Low,0,11043.23,1.0,1.0,66469.43,61.0,1.0,1.0,32,337319.98,16,32,0,0,0.5,26.0,Low
CUST10061,Customer 0062,Consumer,Russia,Low,0,18057.15,1.0,0.0,5666.73,76.0,1.0,1.0,25,214552.59,8,25,0,0,0.32,21.0,Low
CUST10062,Customer 0063,Consumer,Turkey,Low,0,975.57,2.0,0.0,146294.68000000002,68.0,2.0,2.0,33,342503.64,12,33,0,1,0.36363636363636365,40.0,Moderate
CUST10063,Customer 0064,Consumer,Russia,High,0,11173.55,1.0,0.0,11363.63,54.0,1.0,1.0,21,206435.31,10,20,0,0,0.47619047619047616,36.0,Moderate
CUST10064,Customer 0065,Small Business,United States,High,0,4384.04,1.0,0.0,7225.82,77.0,1.0,1.0,28,364120.70999999996,12,28,0,0,0.42857142857142855,36.0,Moderate
CUST10065,Customer 0066,Small Business,Turkey,Medium,0,845.6,0.0,0.0,0.0,0.0,0.0,0.0,32,347655.83,13,32,0,0,0.40625,24.0,Low
CUST10066,Customer 0067,Commercial,Mexico,Low,0,13561.47,2.0,1.0,87659.79000000001,59.5,2.0,2.0,21,177163.06,12,21,0,1,0.5714285714285714,45.0,Moderate
CUST10067,Customer 0068,Consumer,United States,High,0,8274.37,0.0,0.0,0.0,0.0,0.0,0.0,30,308829.1,11,30,0,0,0.36666666666666664,32.0,Moderate
CUST10068,Customer 0069,Consumer,United States,High,0,4837.48,3.0,1.0,75981.02,73.66666666666667,2.0,3.0,18,175734.11000000002,6,18,1,1,0.3333333333333333,74.0,High
CUST10069,Customer 0070,Small Business,Turkey,Low,0,7208.06,3.0,0.0,614319.88,54.0,2.0,3.0,16,199522.72,6,16,1,1,0.375,54.0,Moderate
CUST10070,Customer 0071,Small Business,Canada,Medium,0,1119.63,1.0,0.0,2613.29,68.0,1.0,1.0,29,289698.02,13,29,0,0,0.4482758620689655,28.0,Low
CUST10071,Customer 0072,Consumer,United States,Low,0,46146.45,2.0,0.0,216630.34999999998,58.5,2.0,2.0,30,282081.29,13,30,0,1,0.43333333333333335,40.0,Moderate
CUST10072,Customer 0073,Consumer,China,High,0,20604.72,2.0,0.0,250455.12,48.5,1.0,2.0,28,306232.17,11,28,0,0,0.39285714285714285,40.0,Moderate
CUST10073,Customer 0074,Consumer,Mexico,Medium,0,4459.59,2.0,0.0,31177.420000000002,59.0,2.0,2.0,22,211422.97,5,22,0,1,0.22727272727272727,44.1,Moderate
CUST10074,Customer 0075,Small Business,United States,High,0,3823.01,0.0,0.0,0.0,0.0,0.0,0.0,20,310184.7,8,20,0,0,0.4,32.0,Moderate
CUST10075,Customer 0076,Consumer,United States,Medium,0,31914.23,1.0,1.0,13247.92,63.0,1.0,1.0,30,276323.39,11,30,0,0,0.36666666666666664,33.0,Moderate
CUST10076,Customer 0077,Consumer,United States,Medium,0,2432.57,3.0,1.0,72497.19,52.333333333333336,2.0,3.0,27,210508.74,15,27,1,1,0.5555555555555556,66.0,High
CUST10077,Customer 0078,Consumer,United Kingdom,Medium,0,2228.07,3.0,0.0,98687.04999999999,32.0,1.0,3.0,28,485017.3,11,28,1,0,0.39285714285714285,46.0,Moderate
CUST10078,Customer 0079,Consumer,United States,Low,0,34062.88,3.0,1.0,107433.53,64.0,3.0,3.0,25,301198.34,10,25,1,1,0.4,59.0,Moderate
CUST10079,Customer 0080,Commercial,United States,Low,0,15396.21,4.0,1.0,64457.71,64.75,3.0,4.0,23,295726.23,6,23,1,1,0.2608695652173913,61.4,High
CUST10080,Customer 0081,Consumer,Nigeria,Low,0,13880.06,0.0,0.0,0.0,0.0,0.0,0.0,24,226287.83000000002,10,24,0,0,0.4166666666666667,17.0,Low
CUST10081,Customer 0082,Commercial,United Arab Emirates,Medium,0,2707.47,2.0,1.0,93066.89,66.5,1.0,2.0,17,271262.35,7,16,0,0,0.4117647058823529,37.0,Moderate
CUST10082,Customer 0083,Small Business,United States,Medium,0,12130.29,2.0,1.0,40814.89,60.0,1.0,2.0,22,131346.72,8,22,0,0,0.36363636363636365,37.0,Moderate
CUST10083,Customer 0084,Consumer,United States,Low,0,20302.94,1.0,1.0,12575.89,76.0,1.0,1.0,21,160188.18,8,21,0,0,0.38095238095238093,26.0,Low
CUST10084,Customer 0085,Consumer,United Kingdom,High,0,43617.79,4.0,3.0,198988.29,80.75,2.0,4.0,36,400391.73,13,36,1,1,0.3611111111111111,88.0,Critical
CUST10085,Customer 0086,Consumer,United Kingdom,Low,0,10371.01,0.0,0.0,0.0,0.0,0.0,0.0,31,306896.82,15,30,0,0,0.4838709677419355,17.0,Low
CUST10086,Customer 0087,Small Business,Russia,Low,0,25192.2,0.0,0.0,0.0,0.0,0.0,0.0,19,250679.91,13,19,0,0,0.6842105263157895,17.0,Low
CUST10087,Customer 0088,Consumer,Mexico,High,0,7198.87,0.0,0.0,0.0,0.0,0.0,0.0,21,396294.39,10,21,0,0,0.47619047619047616,32.0,Moderate
CUST10088,Customer 0089,Consumer,United Kingdom,Low,0,36640.77,1.0,0.0,184251.78,54.0,1.0,1.0,32,399762.4,16,32,0,0,0.5,21.0,Low
CUST10089,Customer 0090,Consumer,United States,Low,0,31996.66,1.0,0.0,18474.58,32.0,1.0,1.0,21,149846.09,12,21,0,0,0.5714285714285714,21.0,Low
CUST10090,Customer 0091,Consumer,United States,Low,0,4945.75,1.0,0.0,12801.1,54.0,1.0,1.0,25,241088.09,12,25,0,0,0.48,21.0,Low
CUST10091,Customer 0092,Commercial,United Kingdom,Medium,0,16127.68,0.0,0.0,0.0,0.0,0.0,0.0,28,361187.75,8,28,0,0,0.2857142857142857,23.4,Low
CUST10092,Customer 0093,Commercial,United States,Low,0,9330.71,1.0,0.0,312760.14,60.0,1.0,1.0,23,255846.8,6,23,0,0,0.2608695652173913,19.4,Low
CUST10093,Customer 0094,Consumer,United States,High,1,129388.88,1.0,1.0,187384.26,73.0,1.0,1.0,23,215153.14,13,23,0,0,0.5652173913043478,53.0,Moderate
CUST10094,Customer 0095,Consumer,United States,Low,0,47449.59,1.0,0.0,25801.73,65.0,1.0,1.0,19,304552.64,7,19,0,0,0.3684210526315789,21.0,Low
CUST10095,Customer 0096,Consumer,Nigeria,Medium,0,63495.66,1.0,1.0,13415.95,83.0,1.0,1.0,34,385478.92,13,34,0,0,0.38235294117647056,33.0,Moderate
CUST10096,Customer 0097,Small Business,Nigeria,Medium,1,13211.86,3.0,1.0,73687.19,56.0,2.0,3.0,24,444534.5,7,24,1,1,0.2916666666666667,77.7,High
CUST10097,Customer 0098,Small Business,United Kingdom,Medium,0,8362.7,0.0,0.0,0.0,0.0,0.0,0.0,26,295503.19,11,26,0,0,0.4230769230769231,24.0,Low
CUST10098,Customer 0099,Commercial,United Arab Emirates,Low,0,25087.31,0.0,0.0,0.0,0.0,0.0,0.0,41,393769.39,15,41,0,0,0.36585365853658536,17.0,Low
CUST10099,Customer 0100,Commercial,United States,Low,0,27179.29,1.0,0.0,6952.96,41.0,1.0,1.0,18,220943.74,7,18,0,0,0.3888888888888889,21.0,Low
CUST10100,Customer 0101,Consumer,United States,Low,1,2989.79,2.0,1.0,46955.59,75.0,2.0,2.0,27,262155.51,7,27,0,1,0.25925925925925924,55.4,Moderate
CUST10101,Customer 0102,Commercial,Russia,Low,0,11859.83,2.0,0.0,44930.85,63.0,2.0,2.0,19,162179.16,10,19,0,1,0.5263157894736842,40.0,Moderate
CUST10102,Customer 0103,Consumer,United States,Low,0,7485.87,3.0,0.0,89464.45999999999,74.66666666666667,2.0,2.0,20,196176.4,7,20,1,1,0.35,54.0,Moderate
CUST10103,Customer 0104,Small Business,United States,Low,0,21357.47,2.0,1.0,64319.78999999999,63.5,2.0,2.0,30,289655.09,15,30,0,1,0.5,45.0,Moderate
CUST10104,Customer 0105,Consumer,United States,Low,0,6494.83,2.0,1.0,109621.45999999999,46.5,1.0,1.0,28,334309.96,10,28,0,0,0.35714285714285715,30.0,Moderate
CUST10105,Customer 0106,Consumer,United States,Medium,0,11308.76,0.0,0.0,0.0,0.0,0.0,0.0,21,244722.95,9,21,0,0,0.42857142857142855,24.0,Low
CUST10106,Customer 0107,Consumer,United States,High,0,10114.35,2.0,0.0,54291.35,56.0,2.0,2.0,28,311587.24,9,28,0,1,0.32142857142857145,55.0,Moderate
CUST10107,Customer 0108,Consumer,Turkey,Low,0,23260.96,1.0,1.0,6090.24,26.0,1.0,1.0,18,190240.29,4,18,0,0,0.2222222222222222,22.9,Low
CUST10108,Customer 0109,Consumer,Turkey,Medium,0,188119.31,0.0,0.0,0.0,0.0,0.0,0.0,17,145378.24,10,17,0,0,0.5882352941176471,24.0,Low
CUST10109,Customer 0110,Small Business,United States,Low,0,12870.4,0.0,0.0,0.0,0.0,0.0,0.0,26,241537.80000000002,14,26,0,0,0.5384615384615384,17.0,Low
CUST10110,Customer 0111,Small Business,United Kingdom,Medium,0,52675.85,2.0,2.0,86219.97,74.0,1.0,2.0,25,210800.07,15,25,0,0,0.6,42.0,Moderate
CUST10111,Customer 0112,Consumer,Canada,Medium,0,9080.39,1.0,1.0,3663.36,64.0,1.0,1.0,25,370400.87,9,25,0,0,0.36,33.0,Moderate
CUST10112,Customer 0113,Small Business,Canada,Low,0,9736.85,1.0,0.0,16042.41,32.0,1.0,1.0,33,394375.38,13,33,0,0,0.3939393939393939,21.0,Low
CUST10113,Customer 0114,Consumer,Turkey,High,0,11644.5,0.0,0.0,0.0,0.0,0.0,0.0,22,239797.46,13,22,0,0,0.5909090909090909,32.0,Moderate
CUST10114,Customer 0115,Consumer,United States,Low,0,23639.98,0.0,0.0,0.0,0.0,0.0,0.0,28,402051.95,11,28,0,0,0.39285714285714285,17.0,Low
CUST10115,Customer 0116,Consumer,Russia,Low,0,12423.05,0.0,0.0,0.0,0.0,0.0,0.0,22,159616.53,8,22,0,0,0.36363636363636365,17.0,Low
CUST10116,Customer 0117,Consumer,Russia,Medium,0,17547.74,0.0,0.0,0.0,0.0,0.0,0.0,22,199970.44,9,22,0,0,0.4090909090909091,24.0,Low
CUST10117,Customer 0118,Small Business,United States,Medium,0,10940.03,2.0,0.0,65429.18,39.5,2.0,2.0,19,176886.72,5,19,0,1,0.2631578947368421,45.5,Moderate
CUST10118,Customer 0119,Consumer,United Kingdom,Low,0,7827.19,1.0,0.0,198352.45,61.0,1.0,1.0,26,341230.54,9,26,0,0,0.34615384615384615,21.0,Low
CUST10119,Customer 0120,Small Business,United Kingdom,Medium,0,2729.29,4.0,3.0,72045.81,60.75,3.0,4.0,29,377657.71,13,28,1,1,0.4482758620689655,80.0,Critical
CUST10120,Customer 0121,Commercial,United States,Medium,0,2484.88,3.0,1.0,162108.57,59.0,3.0,3.0,23,188122.24,8,23,1,1,0.34782608695652173,66.0,High
CUST10121,Customer 0122,Consumer,United States,Low,0,7535.92,2.0,0.0,27488.18,41.5,1.0,2.0,25,429283.04000000004,7,25,0,0,0.28,24.2,Low
CUST10122,Customer 0123,Consumer,Mexico,Low,0,39996.58,0.0,0.0,0.0,0.0,0.0,0.0,18,127886.78,8,18,0,0,0.4444444444444444,17.0,Low
CUST10123,Customer 0124,Consumer,India,Medium,0,9713.33,1.0,0.0,66428.14,53.0,1.0,1.0,22,312576.18,5,22,0,0,0.22727272727272727,25.1,Low
CUST10124,Customer 0125,Commercial,Turkey,Medium,0,6729.26,3.0,1.0,250712.75,60.333333333333336,2.0,2.0,38,327785.88,16,38,1,1,0.42105263157894735,66.0,High
CUST10125,Customer 0126,Consumer,United States,Low,0,12736.92,2.0,1.0,40662.44,38.5,1.0,2.0,24,324410.42,10,24,0,0,0.4166666666666667,30.0,Moderate
CUST10126,Customer 0127,Consumer,India,Medium,0,49527.86,0.0,0.0,0.0,0.0,0.0,0.0,27,378462.18,10,27,0,0,0.37037037037037035,24.0,Low
CUST10127,Customer 0128,Consumer,United Kingdom,Medium,0,5115.61,1.0,0.0,83313.41,41.0,1.0,1.0,33,457348.44,12,33,0,0,0.36363636363636365,28.0,Low
CUST10128,Customer 0129,Consumer,China,Low,0,26467.54,1.0,0.0,225362.49,66.0,1.0,1.0,18,238051.7,8,18,0,0,0.4444444444444444,21.0,Low
CUST10129,Customer 0130,Consumer,United States,Low,0,6598.15,3.0,2.0,103532.7,46.666666666666664,2.0,3.0,20,175844.0,5,20,1,1,0.25,62.0,High
CUST10130,Customer 0131,Small Business,Nigeria,Medium,0,16917.51,1.0,0.0,47455.44,24.0,1.0,1.0,24,339932.1,15,24,0,0,0.625,28.0,Low
CUST10131,Customer 0132,Consumer,United States,High,0,3630.91,3.0,0.0,170015.37,68.66666666666667,3.0,3.0,20,283928.98,6,20,1,1,0.3,69.0,High
CUST10132,Customer 0133,Consumer,India,Medium,0,15147.48,0.0,0.0,0.0,0.0,0.0,0.0,18,267659.07,8,18,0,0,0.4444444444444444,24.0,Low
CUST10133,Customer 0134,Small Business,United Kingdom,Low,0,2185.95,2.0,1.0,30512.909999999996,68.0,2.0,2.0,20,263965.25,6,20,0,1,0.3,45.0,Moderate
CUST10134,Customer 0135,Small Business,United States,Low,0,47933.26,1.0,0.0,26580.7,29.0,1.0,1.0,20,314562.16,8,20,0,0,0.4,21.0,Low
CUST10135,Customer 0136,Consumer,Mexico,Low,0,3261.97,0.0,0.0,0.0,0.0,0.0,0.0,22,245523.99000000002,6,22,0,0,0.2727272727272727,15.9,Low
CUST10136,Customer 0137,Consumer,India,Low,0,20232.82,4.0,2.0,332226.39,47.5,3.0,4.0,34,376160.36,11,34,1,1,0.3235294117647059,68.0,High
CUST10137,Customer 0138,Consumer,United States,Low,0,6685.45,2.0,2.0,45535.12,55.0,2.0,2.0,19,220004.94,7,19,0,1,0.3684210526315789,50.0,Moderate
CUST10138,Customer 0139,Consumer,India,Low,0,61715.44,2.0,1.0,104020.07999999999,56.0,2.0,2.0,28,325316.86,11,28,0,1,0.39285714285714285,45.0,Moderate
CUST10139,Customer 0140,Consumer,United States,Low,0,2118.98,0.0,0.0,0.0,0.0,0.0,0.0,23,215467.5,8,23,0,0,0.34782608695652173,17.0,Low
CUST10140,Customer 0141,Small Business,Russia,Low,0,88971.05,0.0,0.0,0.0,0.0,0.0,0.0,26,504942.83,13,26,0,0,0.5,17.0,Low
CUST10141,Customer 0142,Small Business,United States,Low,0,4407.07,1.0,1.0,10533.59,67.0,1.0,1.0,21,290529.31,11,21,0,0,0.5238095238095238,26.0,Low
CUST10142,Customer 0143,Consumer,United Arab Emirates,Low,0,2690.82,1.0,1.0,55682.55,54.0,1.0,1.0,22,310674.22000000003,8,22,0,0,0.36363636363636365,26.0,Low
CUST10143,Customer 0144,Consumer,Nigeria,Medium,0,9811.72,2.0,2.0,70985.59999999999,73.0,2.0,2.0,20,418601.48,9,20,0,1,0.45,57.0,Moderate
CUST10144,Customer 0145,Commercial,United States,Low,0,2851.75,0.0,0.0,0.0,0.0,0.0,0.0,30,308177.38,8,30,0,0,0.26666666666666666,15.7,Low
CUST10145,Customer 0146,Consumer,United States,Low,0,11265.02,1.0,0.0,9858.73,38.0,1.0,1.0,26,270322.45,9,26,0,0,0.34615384615384615,21.0,Low
CUST10146,Customer 0147,Small Business,United States,High,0,23745.25,3.0,2.0,200288.5,71.0,1.0,1.0,22,170528.43,11,22,1,0,0.5,64.0,High
CUST10147,Customer 0148,Consumer,United Arab Emirates,Low,0,6803.67,1.0,0.0,50801.94,73.0,1.0,1.0,20,261854.3,8,20,0,0,0.4,21.0,Low
CUST10148,Customer 0149,Small Business,Mexico,Medium,0,21723.68,3.0,2.0,279306.83,76.66666666666667,2.0,3.0,15,199710.33,7,15,1,1,0.4666666666666667,71.0,High
CUST10149,Customer 0150,Commercial,United States,Medium,0,4420.8,1.0,1.0,10710.62,64.0,1.0,1.0,28,353509.16,16,28,0,0,0.5714285714285714,33.0,Moderate
CUST10150,Customer 0151,Consumer,Nigeria,Medium,0,2731.48,1.0,0.0,25724.42,55.0,1.0,1.0,18,124315.5,7,18,0,0,0.3888888888888889,28.0,Low
CUST10151,Customer 0152,Consumer,Mexico,Low,0,8743.44,0.0,0.0,0.0,0.0,0.0,0.0,24,251126.19,7,24,0,0,0.2916666666666667,16.7,Low
CUST10152,Customer 0153,Consumer,Turkey,Medium,0,16479.69,1.0,1.0,7092.24,68.0,1.0,1.0,22,381611.66000000003,9,22,0,0,0.4090909090909091,33.0,Moderate
CUST10153,Customer 0154,Consumer,Nigeria,Medium,0,2784.93,0.0,0.0,0.0,0.0,0.0,0.0,25,337674.02,9,25,0,0,0.36,24.0,Low
CUST10154,Customer 0155,Consumer,United States,Medium,0,21398.29,1.0,0.0,10135.43,6.0,1.0,1.0,19,129147.35,11,19,0,0,0.5789473684210527,28.0,Low
CUST10155,Customer 0156,Consumer,United States,Medium,0,20485.51,2.0,1.0,241227.49000000002,45.5,1.0,2.0,24,297286.17,8,24,0,0,0.3333333333333333,37.0,Moderate
CUST10156,Customer 0157,Commercial,India,Low,0,7885.7,4.0,1.0,149211.15,51.75,3.0,4.0,19,259389.43,3,19,1,1,0.15789473684210525,57.3,Moderate
CUST10157,Customer 0158,Consumer,United States,Low,0,9463.48,1.0,0.0,69972.81,27.0,1.0,1.0,26,312853.12,10,26,0,0,0.38461538461538464,21.0,Low
CUST10158,Customer 0159,Consumer,Mexico,Medium,0,26826.84,1.0,1.0,102450.95,41.0,1.0,1.0,34,340595.85,12,34,0,0,0.35294117647058826,33.0,Moderate
CUST10159,Customer 0160,Consumer,United Arab Emirates,Medium,0,7988.61,0.0,0.0,0.0,0.0,0.0,0.0,15,144060.31,4,15,0,0,0.26666666666666666,22.7,Low
CUST10160,Customer 0161,Consumer,India,Medium,1,6625.56,1.0,0.0,165781.7,46.0,1.0,1.0,24,324584.06,12,24,0,0,0.5,40.0,Moderate
CUST10161,Customer 0162,Small Business,Russia,High,0,4754.8,4.0,0.0,73090.0,59.25,3.0,4.0,22,245388.41999999998,12,22,1,1,0.5454545454545454,73.0,High
CUST10162,Customer 0163,Commercial,Canada,Medium,0,6842.24,2.0,0.0,41256.8,40.0,2.0,2.0,34,399237.1,15,34,0,1,0.4411764705882353,47.0,Moderate
CUST10163,Customer 0164,Consumer,United States,Medium,0,14835.92,3.0,0.0,40607.91,74.0,3.0,3.0,26,332732.52999999997,15,26,1,1,0.5769230769230769,61.0,High
CUST10164,Customer 0165,Consumer,United Arab Emirates,Low,0,4676.34,1.0,1.0,12632.82,67.0,1.0,1.0,21,285488.75,12,21,0,0,0.5714285714285714,26.0,Low
CUST10165,Customer 0166,Consumer,Canada,Medium,0,10265.16,1.0,1.0,8641.05,64.0,1.0,1.0,37,424303.84,9,37,0,0,0.24324324324324326,30.7,Moderate
CUST10166,Customer 0167,Small Business,United States,High,0,4581.01,1.0,1.0,61840.81,90.0,1.0,1.0,30,333381.97000000003,16,30,0,0,0.5333333333333333,41.0,Moderate
CUST10167,Customer 0168,Consumer,Nigeria,Medium,0,20025.7,0.0,0.0,0.0,0.0,0.0,0.0,30,360107.64,8,30,0,0,0.26666666666666666,22.7,Low
CUST10168,Customer 0169,Commercial,Russia,Low,0,9164.09,0.0,0.0,0.0,0.0,0.0,0.0,27,290209.5,10,27,0,0,0.37037037037037035,17.0,Low
CUST10169,Customer 0170,Small Business,United Arab Emirates,High,0,126613.61,2.0,0.0,20496.15,31.5,2.0,2.0,26,182309.85,11,26,0,1,0.4230769230769231,55.0,Moderate
CUST10170,Customer 0171,Consumer,United States,Medium,0,11105.18,2.0,2.0,80317.0,72.5,2.0,2.0,23,242182.58000000002,8,23,0,1,0.34782608695652173,57.0,Moderate
CUST10171,Customer 0172,Commercial,United States,Low,0,11656.57,1.0,0.0,141395.23,36.0,1.0,1.0,38,359719.58,22,38,0,0,0.5789473684210527,21.0,Low
CUST10172,Customer 0173,Commercial,Canada,Medium,0,17380.96,3.0,0.0,98092.05,47.333333333333336,2.0,2.0,17,112420.52,12,17,1,1,0.7058823529411765,61.0,High
CUST10173,Customer 0174,Consumer,United States,Low,0,9223.1,2.0,1.0,36551.69,54.0,1.0,1.0,25,247061.26,9,25,0,0,0.36,30.0,Moderate
CUST10174,Customer 0175,Small Business,Nigeria,Medium,0,3228.56,1.0,0.0,79263.69,50.0,1.0,1.0,18,264129.66,4,18,0,0,0.2222222222222222,24.9,Low
CUST10175,Customer 0176,Consumer,Russia,Low,0,3859.75,1.0,1.0,69123.77,63.0,1.0,1.0,22,261132.21,8,22,0,0,0.36363636363636365,26.0,Low
CUST10176,Customer 0177,Commercial,India,Low,0,53819.42,3.0,1.0,128257.25,56.333333333333336,2.0,3.0,28,298612.33,10,28,1,1,0.35714285714285715,59.0,Moderate
CUST10177,Customer 0178,Small Business,Canada,Low,0,9726.5,1.0,0.0,2380.44,62.0,1.0,1.0,26,303512.77999999997,9,26,0,0,0.34615384615384615,21.0,Low
CUST10178,Customer 0179,Commercial,United States,Medium,0,11847.8,2.0,2.0,25331.5,65.0,2.0,2.0,26,253062.84,6,26,0,1,0.23076923076923078,54.2,Moderate
CUST10179,Customer 0180,Commercial,Russia,Low,0,22545.84,0.0,0.0,0.0,0.0,0.0,0.0,33,307167.22,11,33,0,0,0.3333333333333333,17.0,Low
CUST10180,Customer 0181,Consumer,United States,Low,0,22696.27,0.0,0.0,0.0,0.0,0.0,0.0,37,415441.69,13,37,0,0,0.35135135135135137,17.0,Low
CUST10181,Customer 0182,Small Business,Nigeria,Low,0,4577.76,2.0,1.0,30434.88,82.0,2.0,2.0,33,498242.68,15,33,0,1,0.45454545454545453,45.0,Moderate
CUST10182,Customer 0183,Commercial,Turkey,Low,0,6687.44,1.0,1.0,96823.8,83.0,1.0,1.0,21,174090.88,7,20,0,0,0.3333333333333333,26.0,Low
CUST10183,Customer 0184,Consumer,Mexico,Low,0,12665.75,3.0,1.0,147140.71,74.33333333333333,2.0,3.0,26,169360.27,13,26,1,1,0.5,59.0,Moderate
CUST10184,Customer 0185,Consumer,United States,Low,0,23244.57,3.0,0.0,218016.59,57.666666666666664,2.0,3.0,22,260980.71,12,22,1,1,0.5454545454545454,54.0,Moderate
CUST10185,Customer 0186,Consumer,China,High,0,14031.07,2.0,1.0,84567.0,51.5,1.0,1.0,20,225035.1,10,20,0,0,0.5,45.0,Moderate
CUST10186,Customer 0187,Consumer,United States,Medium,0,24828.47,1.0,0.0,28150.5,57.0,1.0,1.0,24,307869.02,12,24,0,0,0.5,28.0,Low
CUST10187,Customer 0188,Consumer,Canada,Low,0,6461.51,1.0,0.0,19398.8,67.0,1.0,1.0,22,481802.45,12,22,0,0,0.5454545454545454,21.0,Low
CUST10188,Customer 0189,Consumer,India,Medium,0,27746.29,0.0,0.0,0.0,0.0,0.0,0.0,17,208825.15,7,17,0,0,0.4117647058823529,24.0,Low
CUST10189,Customer 0190,Consumer,United States,Low,0,7526.17,4.0,0.0,102910.29999999999,47.0,3.0,3.0,19,245838.58,7,19,1,1,0.3684210526315789,58.0,Moderate
CUST10190,Customer 0191,Consumer,Canada,Low,0,6562.11,1.0,0.0,28133.47,56.0,1.0,1.0,31,366104.27,10,31,0,0,0.3225806451612903,21.0,Low
CUST10191,Customer 0192,Consumer,United States,Low,0,28221.57,1.0,1.0,8912.93,64.0,1.0,1.0,26,204227.89,13,26,0,0,0.5,26.0,Low
CUST10192,Customer 0193,Commercial,Canada,Medium,0,4098.57,0.0,0.0,0.0,0.0,0.0,0.0,18,522607.14,0,18,0,0,0.0,12.0,Low
CUST10193,Customer 0194,Consumer,Mexico,Low,0,35120.09,1.0,0.0,27361.91,79.0,1.0,1.0,26,568864.2000000001,12,26,0,0,0.46153846153846156,21.0,Low
CUST10194,Customer 0195,Consumer,Turkey,Low,0,1638.89,1.0,0.0,25493.41,48.0,1.0,1.0,25,371630.47,15,25,0,0,0.6,21.0,Low
CUST10195,Customer 0196,Small Business,United States,High,0,11568.6,4.0,2.0,104956.48,74.0,2.0,4.0,23,143188.86000000002,6,23,1,1,0.2608695652173913,81.4,Critical
CUST10196,Customer 0197,Commercial,China,Low,0,14952.74,1.0,0.0,4769.94,46.0,1.0,1.0,24,157098.44,16,24,0,0,0.6666666666666666,21.0,Low
CUST10197,Customer 0198,Small Business,Canada,Low,0,9631.9,0.0,0.0,0.0,0.0,0.0,0.0,25,442402.71,10,25,0,0,0.4,17.0,Low
CUST10198,Customer 0199,Consumer,United States,Low,0,60398.54,2.0,2.0,36731.979999999996,77.0,1.0,2.0,35,387442.92,7,35,0,0,0.2,31.0,Moderate
CUST10199,Customer 0200,Small Business,United States,Low,0,3003.9,0.0,0.0,0.0,0.0,0.0,0.0,22,188900.13,7,22,0,0,0.3181818181818182,17.0,Low
CUST10200,Customer 0201,Consumer,Nigeria,Medium,0,5053.45,4.0,1.0,60858.58,62.0,3.0,4.0,19,169125.97999999998,8,19,1,1,0.42105263157894735,70.0,High
CUST10201,Customer 0202,Consumer,Turkey,High,0,5486.24,0.0,0.0,0.0,0.0,0.0,0.0,28,395780.8,9,28,0,0,0.32142857142857145,32.0,Moderate
CUST10202,Customer 0203,Commercial,United States,Low,1,2227.61,2.0,0.0,86471.09,70.5,1.0,2.0,20,331508.51,5,20,0,0,0.25,35.0,Moderate
CUST10203,Customer 0204,Consumer,United Kingdom,Low,0,18747.53,0.0,0.0,0.0,0.0,0.0,0.0,31,310306.9,19,31,0,0,0.6129032258064516,17.0,Low
CUST10204,Customer 0205,Commercial,United Arab Emirates,Low,0,11410.78,1.0,1.0,17597.3,51.0,1.0,1.0,20,182386.94,9,20,0,0,0.45,26.0,Low
CUST10205,Customer 0206,Consumer,United States,Low,0,4233.26,0.0,0.0,0.0,0.0,0.0,0.0,17,117691.48000000001,7,17,0,0,0.4117647058823529,17.0,Low
CUST10206,Customer 0207,Commercial,United States,Medium,0,4810.13,3.0,0.0,96015.55,58.333333333333336,2.0,3.0,22,229792.94999999998,13,22,1,1,0.5909090909090909,61.0,High
CUST10207,Customer 0208,Consumer,United States,Medium,0,7252.02,1.0,0.0,20290.66,22.0,1.0,1.0,23,336100.57,7,23,0,0,0.30434782608695654,28.0,Low
CUST10208,Customer 0209,Small Business,United States,Low,0,6223.02,2.0,0.0,120363.90000000001,35.5,2.0,2.0,31,301692.43,11,31,0,1,0.3548387096774194,40.0,Moderate
CUST10209,Customer 0210,Consumer,United States,Medium,0,5597.69,1.0,1.0,7754.49,100.0,1.0,1.0,24,236204.9,8,24,0,0,0.3333333333333333,33.0,Moderate
CUST10210,Customer 0211,Consumer,United States,Medium,0,8111.67,1.0,0.0,8023.12,69.0,1.0,1.0,23,300597.6,9,23,0,0,0.391304347826087,28.0,Low
CUST10211,Customer 0212,Small Business,United States,Low,0,4185.18,0.0,0.0,0.0,0.0,0.0,0.0,22,330105.39,10,22,0,0,0.45454545454545453,17.0,Low
CUST10212,Customer 0213,Small Business,United Arab Emirates,Low,0,10225.93,0.0,0.0,0.0,0.0,0.0,0.0,21,265130.99,9,21,0,0,0.42857142857142855,17.0,Low
CUST10213,Customer 0214,Consumer,Turkey,Low,0,12193.4,0.0,0.0,0.0,0.0,0.0,0.0,22,307608.62,8,22,0,0,0.36363636363636365,17.0,Low
CUST10214,Customer 0215,Consumer,United States,Medium,0,7786.35,0.0,0.0,0.0,0.0,0.0,0.0,33,359303.26,9,33,0,0,0.2727272727272727,22.9,Low
CUST10215,Customer 0216,Consumer,United States,Low,0,17075.58,0.0,0.0,0.0,0.0,0.0,0.0,32,388452.31,9,32,0,0,0.28125,16.2,Low
CUST10216,Customer 0217,Small Business,India,Low,0,3387.93,3.0,1.0,49356.1,56.666666666666664,3.0,3.0,23,187402.43,10,23,1,1,0.43478260869565216,59.0,Moderate
CUST10217,Customer 0218,Consumer,United Arab Emirates,Low,0,23247.76,0.0,0.0,0.0,0.0,0.0,0.0,31,344161.0,13,31,0,0,0.41935483870967744,17.0,Low
CUST10218,Customer 0219,Consumer,Russia,Medium,0,1710.54,1.0,0.0,85582.27,56.0,1.0,1.0,26,188479.25,12,26,0,0,0.46153846153846156,28.0,Low
CUST10219,Customer 0220,Small Business,China,Medium,0,12436.15,1.0,0.0,14152.31,71.0,1.0,1.0,18,175060.49000000002,7,18,0,0,0.3888888888888889,28.0,Low
CUST10220,Customer 0221,Consumer,India,Low,0,10479.64,0.0,0.0,0.0,0.0,0.0,0.0,22,213989.25,7,22,0,0,0.3181818181818182,17.0,Low
CUST10221,Customer 0222,Commercial,United States,High,0,6633.22,0.0,0.0,0.0,0.0,0.0,0.0,19,205348.0,11,19,0,0,0.5789473684210527,32.0,Moderate
CUST10222,Customer 0223,Consumer,Canada,High,0,4988.78,1.0,1.0,31806.52,63.0,1.0,1.0,40,373076.63,14,40,0,0,0.35,41.0,Moderate
CUST10223,Customer 0224,Commercial,Canada,Low,0,3578.69,1.0,0.0,5601.09,50.0,1.0,1.0,24,195211.07,11,24,0,0,0.4583333333333333,21.0,Low
CUST10224,Customer 0225,Consumer,United States,Medium,0,2677.95,2.0,0.0,66761.31,57.0,1.0,1.0,34,382991.51,11,34,0,0,0.3235294117647059,32.0,Moderate
CUST10225,Customer 0226,Commercial,Turkey,Low,0,2945.3,3.0,1.0,274438.53,57.0,3.0,3.0,26,357464.15,13,26,1,1,0.5,59.0,Moderate
CUST10226,Customer 0227,Small Business,United States,Medium,1,6839.06,1.0,1.0,15853.62,41.0,1.0,1.0,18,131613.05,8,18,0,0,0.4444444444444444,45.0,Moderate
CUST10227,Customer 0228,Commercial,United States,Low,0,8037.92,2.0,0.0,45191.490000000005,51.0,1.0,2.0,22,162290.16,11,22,0,0,0.5,25.0,Low
CUST10228,Customer 0229,Consumer,Mexico,Medium,0,21725.44,3.0,1.0,344383.06,54.666666666666664,3.0,3.0,31,469284.06,17,30,1,1,0.5483870967741935,66.0,High
CUST10229,Customer 0230,Consumer,United Kingdom,High,0,1074.88,2.0,1.0,106238.75,49.5,1.0,1.0,32,307502.89999999997,18,32,0,0,0.5625,45.0,Moderate
CUST10230,Customer 0231,Consumer,United States,Low,0,13080.53,1.0,1.0,8345.75,68.0,1.0,1.0,32,548610.27,14,32,0,0,0.4375,26.0,Low
CUST10231,Customer 0232,Consumer,United Arab Emirates,Low,0,10238.82,0.0,0.0,0.0,0.0,0.0,0.0,29,394279.36,11,29,0,0,0.3793103448275862,17.0,Low
CUST10232,Customer 0233,Small Business,United Arab Emirates,Medium,0,67298.49,2.0,0.0,192753.55,55.0,1.0,1.0,16,94088.55,4,16,0,0,0.25,30.0,Moderate
CUST10233,Customer 0234,Consumer,United Arab Emirates,Low,0,9418.92,1.0,1.0,23283.7,73.0,1.0,1.0,19,241861.33,8,19,0,0,0.42105263157894735,26.0,Low
CUST10234,Customer 0235,Consumer,United States,Low,0,17101.05,0.0,0.0,0.0,0.0,0.0,0.0,20,440065.51,10,20,0,0,0.5,17.0,Low
CUST10235,Customer 0236,Consumer,Russia,Low,0,9257.83,0.0,0.0,0.0,0.0,0.0,0.0,21,221999.35,7,21,0,0,0.3333333333333333,17.0,Low
CUST10236,Customer 0237,Consumer,Mexico,Low,0,6437.67,0.0,0.0,0.0,0.0,0.0,0.0,23,296817.38,7,23,0,0,0.30434782608695654,17.0,Low
CUST10237,Customer 0238,Small Business,Mexico,Low,1,24588.69,0.0,0.0,0.0,0.0,0.0,0.0,21,281424.18,10,21,0,0,0.47619047619047616,29.0,Low
CUST10238,Customer 0239,Small Business,United States,Low,0,6168.47,1.0,1.0,10200.4,86.0,1.0,1.0,24,215875.68,7,24,0,0,0.2916666666666667,25.7,Low
CUST10239,Customer 0240,Consumer,Turkey,Low,0,1729.87,1.0,0.0,26676.48,48.0,1.0,1.0,23,229840.9,5,23,0,0,0.21739130434782608,17.7,Low
CUST10240,Customer 0241,Consumer,United States,Low,0,6440.99,2.0,1.0,92070.01000000001,55.0,2.0,2.0,26,225811.36000000002,11,26,0,1,0.4230769230769231,45.0,Moderate
CUST10241,Customer 0242,Small Business,United States,Low,0,31225.15,2.0,0.0,187807.05,64.0,1.0,2.0,28,350746.89,10,28,0,0,0.35714285714285715,25.0,Low
CUST10242,Customer 0243,Small Business,United States,Low,0,31450.11,1.0,0.0,17257.56,24.0,1.0,1.0,23,167561.66,9,23,0,0,0.391304347826087,21.0,Low
CUST10243,Customer 0244,Small Business,United Kingdom,Low,0,30249.16,0.0,0.0,0.0,0.0,0.0,0.0,20,433772.61,9,20,0,0,0.45,17.0,Low
CUST10244,Customer 0245,Consumer,United States,Medium,0,1709.22,1.0,0.0,5945.09,62.0,1.0,1.0,30,335252.86,17,30,0,0,0.5666666666666667,28.0,Low
CUST10245,Customer 0246,Consumer,United States,Medium,0,27078.84,2.0,1.0,85780.08,39.0,1.0,2.0,30,314655.25,12,30,0,0,0.4,37.0,Moderate
CUST10246,Customer 0247,Consumer,India,Low,1,3198.83,1.0,0.0,27424.07,53.0,1.0,1.0,21,372294.75,14,21,0,0,0.6666666666666666,33.0,Moderate
CUST10247,Customer 0248,Commercial,United States,Medium,0,2515.19,2.0,1.0,13755.51,44.5,2.0,2.0,24,228081.03,11,24,0,1,0.4583333333333333,52.0,Moderate
CUST10248,Customer 0249,Consumer,United States,Low,0,19394.65,2.0,1.0,108001.95999999999,68.0,2.0,2.0,16,169181.47,7,16,0,1,0.4375,45.0,Moderate
CUST10249,Customer 0250,Consumer,United States,Low,0,4197.38,1.0,0.0,35564.54,50.0,1.0,1.0,23,248953.72999999998,14,23,0,0,0.6086956521739131,21.0,Low
CUST10250,Customer 0251,Small Business,United States,Low,0,5981.99,2.0,2.0,35681.35,80.0,2.0,2.0,29,278573.46,9,29,0,1,0.3103448275862069,50.0,Moderate
CUST10251,Customer 0252,Consumer,Turkey,Low,0,9080.0,1.0,0.0,5918.11,49.0,1.0,1.0,23,375602.24,15,23,0,0,0.6521739130434783,21.0,Low
CUST10252,Customer 0253,Small Business,Nigeria,Medium,0,5101.24,6.0,4.0,90627.6,64.16666666666667,3.0,5.0,18,206760.31,6,18,1,1,0.3333333333333333,84.0,Critical
CUST10253,Customer 0254,Consumer,United States,Low,0,22330.45,2.0,2.0,38075.79,69.0,2.0,2.0,30,288476.7,11,30,0,1,0.36666666666666664,50.0,Moderate
CUST10254,Customer 0255,Consumer,China,Medium,0,15836.51,0.0,0.0,0.0,0.0,0.0,0.0,22,229448.13,10,22,0,0,0.45454545454545453,24.0,Low
CUST10255,Customer 0256,Consumer,United States,Low,0,15457.65,2.0,0.0,108211.87,65.5,2.0,2.0,26,255136.08,8,26,0,1,0.3076923076923077,40.0,Moderate
CUST10256,Customer 0257,Consumer,Canada,Medium,0,2495.86,4.0,0.0,244826.24,41.75,3.0,4.0,25,240364.5,5,25,1,1,0.2,61.0,High
CUST10257,Customer 0258,Consumer,United States,Low,0,17583.59,1.0,1.0,45957.58,82.0,1.0,1.0,25,291984.43,11,25,0,0,0.44,26.0,Low
CUST10258,Customer 0259,Consumer,United States,Low,0,8856.57,2.0,1.0,95929.63,82.0,2.0,2.0,26,330185.71,13,26,0,1,0.5,45.0,Moderate
CUST10259,Customer 0260,Commercial,United Kingdom,Medium,0,9935.82,0.0,0.0,0.0,0.0,0.0,0.0,16,232596.1,6,16,0,0,0.375,24.0,Low
CUST10260,Customer 0261,Consumer,United States,Medium,0,11660.45,1.0,1.0,38510.09,65.0,1.0,1.0,25,252972.69999999998,7,25,0,0,0.28,32.2,Moderate
CUST10261,Customer 0262,Consumer,United States,Medium,0,13151.48,1.0,0.0,189321.69,93.0,1.0,1.0,14,175729.82,7,14,0,0,0.5,28.0,Low
CUST10262,Customer 0263,Consumer,United States,High,0,21047.6,0.0,0.0,0.0,0.0,0.0,0.0,22,205593.57,6,22,0,0,0.2727272727272727,30.9,Moderate
CUST10263,Customer 0264,Consumer,Russia,Low,0,2352.44,1.0,0.0,6905.62,58.0,1.0,1.0,30,332755.36,11,29,0,0,0.36666666666666664,21.0,Low
CUST10264,Customer 0265,Small Business,United Kingdom,Low,0,17842.19,2.0,2.0,126932.47,55.0,2.0,2.0,27,205315.64,9,27,0,1,0.3333333333333333,50.0,Moderate
CUST10265,Customer 0266,Consumer,United Arab Emirates,Medium,0,2867.0,1.0,1.0,25840.8,89.0,1.0,1.0,30,271242.52,9,30,0,0,0.3,33.0,Moderate
CUST10266,Customer 0267,Consumer,Nigeria,High,0,2762.32,0.0,0.0,0.0,0.0,0.0,0.0,22,165934.49,7,22,0,0,0.3181818181818182,32.0,Moderate
CUST10267,Customer 0268,Consumer,United States,Low,0,16595.93,4.0,0.0,94803.82,55.5,2.0,4.0,27,205982.3,15,27,1,1,0.5555555555555556,58.0,Moderate
CUST10268,Customer 0269,Commercial,United Arab Emirates,Low,0,9517.76,1.0,0.0,31268.21,63.0,1.0,1.0,26,258260.73,6,25,0,0,0.23076923076923078,18.2,Low
CUST10269,Customer 0270,Small Business,United States,Medium,0,25692.82,0.0,0.0,0.0,0.0,0.0,0.0,22,275158.09,5,22,0,0,0.22727272727272727,21.1,Low
CUST10270,Customer 0271,Consumer,Turkey,Low,0,17845.43,2.0,1.0,89484.4,63.0,2.0,2.0,28,287705.53,9,28,0,1,0.32142857142857145,45.0,Moderate
CUST10271,Customer 0272,Small Business,Mexico,Medium,0,30716.96,2.0,0.0,30378.25,41.0,2.0,2.0,21,205594.13,7,21,0,1,0.3333333333333333,47.0,Moderate
CUST10272,Customer 0273,Consumer,Canada,Low,0,8062.58,3.0,1.0,26127.37,42.333333333333336,2.0,3.0,20,508936.45,11,20,1,1,0.55,59.0,Moderate
CUST10273,Customer 0274,Small Business,Canada,Low,0,3791.63,4.0,2.0,175419.81,65.75,3.0,4.0,32,441695.35000000003,17,32,1,1,0.53125,68.0,High
CUST10274,Customer 0275,Consumer,United States,Medium,0,28808.94,2.0,1.0,39512.21,43.5,2.0,2.0,16,141876.98,9,16,0,1,0.5625,52.0,Moderate
CUST10275,Customer 0276,Consumer,United States,Medium,0,9927.31,1.0,0.0,57898.13,58.0,1.0,1.0,29,491397.05,12,29,0,0,0.41379310344827586,28.0,Low
CUST10276,Customer 0277,Small Business,Turkey,Medium,1,21088.52,2.0,0.0,50723.259999999995,49.0,1.0,2.0,36,321170.48,13,36,0,0,0.3611111111111111,44.0,Moderate
CUST10277,Customer 0278,Consumer,Russia,Medium,0,5288.05,1.0,0.0,200441.68,34.0,1.0,1.0,23,144252.03,7,23,0,0,0.30434782608695654,28.0,Low
CUST10278,Customer 0279,Consumer,Mexico,Low,0,4801.78,1.0,1.0,16342.52,82.0,1.0,1.0,31,277591.49,8,31,0,0,0.25806451612903225,24.3,Low
CUST10279,Customer 0280,Small Business,United States,Low,0,30947.17,1.0,0.0,20718.48,75.0,1.0,1.0,23,206227.94,9,23,0,0,0.391304347826087,21.0,Low
CUST10280,Customer 0281,Small Business,United States,Medium,0,3728.15,1.0,0.0,22796.35,38.0,1.0,1.0,24,219750.4,9,24,0,0,0.375,28.0,Low
CUST10281,Customer 0282,Consumer,United Kingdom,Medium,0,5177.97,0.0,0.0,0.0,0.0,0.0,0.0,28,229139.53,10,28,0,0,0.35714285714285715,24.0,Low
CUST10282,Customer 0283,Commercial,United States,High,0,18896.98,1.0,0.0,12327.22,49.0,1.0,1.0,28,216984.69,10,28,0,0,0.35714285714285715,36.0,Moderate
CUST10283,Customer 0284,Consumer,United States,Medium,0,9166.0,0.0,0.0,0.0,0.0,0.0,0.0,28,438216.97,14,28,0,0,0.5,24.0,Low
CUST10284,Customer 0285,Small Business,Mexico,Low,0,18285.45,0.0,0.0,0.0,0.0,0.0,0.0,24,267272.56,9,24,0,0,0.375,17.0,Low
CUST10285,Customer 0286,Commercial,Canada,High,0,22284.44,2.0,0.0,50996.07000000001,63.0,2.0,2.0,33,358903.04,17,33,0,1,0.5151515151515151,55.0,Moderate
CUST10286,Customer 0287,Consumer,United States,Low,0,19966.87,3.0,1.0,168894.41,62.333333333333336,2.0,3.0,21,165694.52000000002,8,21,1,1,0.38095238095238093,59.0,Moderate
CUST10287,Customer 0288,Consumer,Canada,Medium,0,2835.45,3.0,0.0,105779.58,44.0,3.0,3.0,22,169405.68,7,22,1,1,0.3181818181818182,61.0,High
CUST10288,Customer 0289,Consumer,United States,Low,0,3862.58,2.0,1.0,29545.68,66.0,1.0,2.0,21,282730.64,10,21,0,0,0.47619047619047616,30.0,Moderate
CUST10289,Customer 0290,Small Business,Canada,Low,0,6885.37,1.0,0.0,48244.41,100.0,1.0,1.0,24,340448.69,9,24,0,0,0.375,21.0,Low
CUST10290,Customer 0291,Commercial,United Kingdom,Low,0,63524.66,2.0,0.0,106072.65000000001,52.0,2.0,2.0,28,367047.04,10,28,0,1,0.35714285714285715,40.0,Moderate
CUST10291,Customer 0292,Consumer,Mexico,Low,0,5351.06,1.0,1.0,51143.73,68.0,1.0,1.0,28,283462.28,9,28,0,0,0.32142857142857145,26.0,Low
CUST10292,Customer 0293,Consumer,Russia,Low,0,8789.42,1.0,1.0,7521.55,26.0,1.0,1.0,25,309347.98,10,25,0,0,0.4,26.0,Low
CUST10293,Customer 0294,Consumer,United Kingdom,Medium,0,47247.97,2.0,0.0,462529.41,40.5,1.0,2.0,23,268545.13,9,23,0,0,0.391304347826087,32.0,Moderate
CUST10294,Customer 0295,Consumer,Canada,Low,0,4401.38,1.0,0.0,46016.14,46.0,1.0,1.0,23,276384.25,7,23,0,0,0.30434782608695654,21.0,Low
CUST10295,Customer 0296,Consumer,United States,Medium,0,1193.52,1.0,0.0,23031.77,46.0,1.0,1.0,26,366944.83,8,26,0,0,0.3076923076923077,28.0,Low
CUST10296,Customer 0297,Small Business,United States,Medium,0,7152.82,4.0,1.0,122089.81,41.5,3.0,4.0,32,332457.73,18,31,1,1,0.5625,70.0,High
CUST10297,Customer 0298,Small Business,United States,Medium,0,17034.83,2.0,1.0,97885.24,55.0,2.0,2.0,24,312392.94,8,24,0,1,0.3333333333333333,52.0,Moderate
CUST10298,Customer 0299,Small Business,United States,High,0,66199.2,5.0,3.0,188542.09999999998,69.6,4.0,5.0,23,282398.36,12,23,1,1,0.5217391304347826,92.0,Critical
CUST10299,Customer 0300,Consumer,United Arab Emirates,Low,0,1989.69,3.0,0.0,49093.35,55.666666666666664,2.0,2.0,25,191894.65,7,25,1,1,0.28,53.2,Moderate
CUST10300,Customer 0301,Commercial,Mexico,Low,0,4117.18,3.0,2.0,65924.47,70.0,2.0,2.0,20,126936.19,10,20,1,1,0.5,64.0,High
CUST10301,Customer 0302,Small Business,Mexico,High,0,14656.17,0.0,0.0,0.0,0.0,0.0,0.0,25,302537.35,11,25,0,0,0.44,32.0,Moderate
CUST10302,Customer 0303,Small Business,United States,Low,0,7467.47,3.0,1.0,291235.3,59.333333333333336,2.0,3.0,26,436798.72,7,26,1,1,0.2692307692307692,57.8,Moderate
CUST10303,Customer 0304,Consumer,Nigeria,Low,0,3911.09,3.0,1.0,101147.15,62.333333333333336,2.0,3.0,16,161502.93,0,16,1,1,0.0,47.0,Moderate
CUST10304,Customer 0305,Small Business,Turkey,Low,0,4007.0,3.0,1.0,69293.31,55.666666666666664,3.0,3.0,22,342514.28,9,22,1,1,0.4090909090909091,59.0,Moderate
CUST10305,Customer 0306,Small Business,United States,Low,1,52182.42,1.0,1.0,19460.05,93.0,1.0,1.0,32,306236.71,10,32,0,0,0.3125,38.0,Moderate
CUST10306,Customer 0307,Consumer,Turkey,Medium,0,16227.75,1.0,1.0,18619.93,85.0,1.0,1.0,23,249251.17,11,23,0,0,0.4782608695652174,33.0,Moderate
CUST10307,Customer 0308,Consumer,United States,Medium,0,11657.63,1.0,0.0,47923.72,49.0,1.0,1.0,28,267757.78,11,28,0,0,0.39285714285714285,28.0,Low
CUST10308,Customer 0309,Small Business,United Kingdom,Low,0,6427.21,1.0,1.0,31996.11,83.0,1.0,1.0,34,419971.93,15,34,0,0,0.4411764705882353,26.0,Low
CUST10309,Customer 0310,Commercial,United States,Low,0,18636.38,3.0,1.0,92633.27,64.66666666666667,2.0,2.0,27,192639.7,12,27,1,1,0.4444444444444444,59.0,Moderate
CUST10310,Customer 0311,Consumer,United States,Low,0,5127.2,1.0,0.0,6009.07,86.0,1.0,1.0,28,243986.81,6,28,0,0,0.21428571428571427,17.6,Low
CUST10311,Customer 0312,Consumer,Mexico,Low,0,5528.37,1.0,1.0,9566.68,64.0,1.0,1.0,26,275438.34,13,26,0,0,0.5,26.0,Low
CUST10312,Customer 0313,Consumer,United Arab Emirates,Medium,0,1985.87,0.0,0.0,0.0,0.0,0.0,0.0,27,234630.91,11,27,0,0,0.4074074074074074,24.0,Low
CUST10313,Customer 0314,Consumer,United States,Medium,0,84425.87,1.0,1.0,91638.83,66.0,1.0,1.0,23,357603.9,9,23,0,0,0.391304347826087,33.0,Moderate
CUST10314,Customer 0315,Consumer,United Kingdom,Low,0,5833.75,1.0,0.0,9496.7,67.0,1.0,1.0,19,95410.25,11,19,0,0,0.5789473684210527,21.0,Low
CUST10315,Customer 0316,Consumer,United States,Medium,1,23113.3,1.0,0.0,63465.78,27.0,1.0,1.0,30,268111.68,9,30,0,0,0.3,40.0,Moderate
CUST10316,Customer 0317,Consumer,United Arab Emirates,Medium,0,15517.94,1.0,0.0,50524.16,57.0,1.0,1.0,21,183330.54,7,21,0,0,0.3333333333333333,28.0,Low
CUST10317,Customer 0318,Consumer,United Arab Emirates,Medium,0,26775.25,5.0,1.0,199192.68,50.0,2.0,4.0,31,305489.33,12,31,1,1,0.3870967741935484,74.0,High
CUST10318,Customer 0319,Small Business,United States,Medium,0,10445.11,2.0,0.0,234634.93,40.5,2.0,2.0,23,200963.14,7,23,0,1,0.30434782608695654,47.0,Moderate
CUST10319,Customer 0320,Consumer,Nigeria,High,0,107557.39,1.0,1.0,9833.17,75.0,1.0,1.0,21,192564.37,11,21,0,0,0.5238095238095238,41.0,Moderate
CUST10320,Customer 0321,Consumer,Mexico,Medium,0,2838.33,2.0,0.0,38856.32,60.5,1.0,2.0,21,335635.31,9,21,0,0,0.42857142857142855,32.0,Moderate
CUST10321,Customer 0322,Consumer,China,High,0,28056.4,2.0,1.0,35142.45,68.0,2.0,2.0,26,332219.86,11,26,0,1,0.4230769230769231,60.0,High
CUST10322,Customer 0323,Small Business,United States,High,0,24821.88,1.0,0.0,13536.9,77.0,1.0,1.0,24,414095.23000000004,8,24,0,0,0.3333333333333333,36.0,Moderate
CUST10323,Customer 0324,Commercial,United States,Low,0,2799.98,2.0,0.0,34893.31,41.0,1.0,2.0,34,625064.18,17,34,0,0,0.5,25.0,Low
CUST10324,Customer 0325,Consumer,United States,Medium,0,6850.49,0.0,0.0,0.0,0.0,0.0,0.0,18,136385.54,7,17,0,0,0.3888888888888889,24.0,Low
CUST10325,Customer 0326,Consumer,United Kingdom,Medium,0,18447.42,1.0,0.0,72011.09,51.0,1.0,1.0,20,324818.21,10,20,0,0,0.5,28.0,Low
CUST10326,Customer 0327,Consumer,United States,Medium,0,9567.34,2.0,1.0,78744.84,56.5,2.0,2.0,25,229481.33,9,25,0,1,0.36,52.0,Moderate
CUST10327,Customer 0328,Consumer,Canada,Medium,0,77309.12,1.0,1.0,64452.49,44.0,1.0,1.0,22,194349.62,8,22,0,0,0.36363636363636365,33.0,Moderate
CUST10328,Customer 0329,Consumer,United States,Low,0,23988.17,1.0,1.0,58955.44,80.0,1.0,1.0,20,230193.44999999998,7,20,0,0,0.35,26.0,Low
CUST10329,Customer 0330,Consumer,United States,Medium,0,13191.17,3.0,2.0,110705.4,72.0,1.0,3.0,28,286409.15,9,28,1,0,0.32142857142857145,56.0,Moderate
CUST10330,Customer 0331,Consumer,Russia,Medium,0,4078.7,0.0,0.0,0.0,0.0,0.0,0.0,20,368134.83,6,20,0,0,0.3,24.0,Low
CUST10331,Customer 0332,Consumer,United States,Low,0,37934.05,3.0,0.0,103008.25,58.666666666666664,2.0,3.0,28,318413.53,11,28,1,1,0.39285714285714285,54.0,Moderate
CUST10332,Customer 0333,Consumer,United States,Low,0,7580.95,3.0,1.0,242888.55,49.666666666666664,2.0,2.0,23,262676.1,8,23,1,1,0.34782608695652173,59.0,Moderate
CUST10333,Customer 0334,Consumer,India,Medium,0,9579.88,0.0,0.0,0.0,0.0,0.0,0.0,29,559501.25,8,29,0,0,0.27586206896551724,23.0,Low
CUST10334,Customer 0335,Small Business,United States,Low,0,9330.74,0.0,0.0,0.0,0.0,0.0,0.0,24,238142.57,11,24,0,0,0.4583333333333333,17.0,Low
CUST10335,Customer 0336,Consumer,United Kingdom,Medium,0,47326.9,2.0,2.0,15499.02,67.0,2.0,2.0,19,310685.68,8,19,0,1,0.42105263157894735,57.0,Moderate
CUST10336,Customer 0337,Small Business,United States,Medium,0,7318.19,1.0,0.0,114805.04,57.0,1.0,1.0,24,299018.20999999996,15,24,0,0,0.625,28.0,Low
CUST10337,Customer 0338,Consumer,Nigeria,Medium,0,6328.16,0.0,0.0,0.0,0.0,0.0,0.0,26,209797.04,18,26,0,0,0.6923076923076923,24.0,Low
CUST10338,Customer 0339,Consumer,United States,Medium,0,7527.52,0.0,0.0,0.0,0.0,0.0,0.0,23,253569.1,7,23,0,0,0.30434782608695654,24.0,Low
CUST10339,Customer 0340,Consumer,India,Medium,0,8781.1,0.0,0.0,0.0,0.0,0.0,0.0,15,229226.69,5,15,0,0,0.3333333333333333,24.0,Low
CUST10340,Customer 0341,Consumer,United States,Low,0,3037.81,1.0,1.0,62021.22,60.0,1.0,1.0,29,273895.79,14,29,0,0,0.4827586206896552,26.0,Low
CUST10341,Customer 0342,Consumer,United States,Medium,0,4555.23,2.0,0.0,100269.06,68.0,1.0,2.0,22,273213.87,12,22,0,0,0.5454545454545454,32.0,Moderate
CUST10342,Customer 0343,Consumer,United States,Medium,0,5892.11,2.0,2.0,29139.29,38.5,2.0,2.0,26,288323.38,13,26,0,1,0.5,57.0,Moderate
CUST10343,Customer 0344,Commercial,United States,Low,0,2910.79,0.0,0.0,0.0,0.0,0.0,0.0,18,312537.42,12,18,0,0,0.6666666666666666,17.0,Low
CUST10344,Customer 0345,Consumer,United States,Low,0,6639.57,2.0,0.0,55073.03,51.0,2.0,2.0,25,351585.33,16,25,0,1,0.64,40.0,Moderate
CUST10345,Customer 0346,Consumer,China,Medium,0,6093.13,0.0,0.0,0.0,0.0,0.0,0.0,39,388948.26,16,39,0,0,0.41025641025641024,24.0,Low
CUST10346,Customer 0347,Consumer,United States,Medium,0,7524.2,2.0,0.0,157773.22,44.5,2.0,2.0,33,472606.83,19,32,0,1,0.5757575757575758,47.0,Moderate
CUST10347,Customer 0348,Consumer,Mexico,Medium,0,5273.83,0.0,0.0,0.0,0.0,0.0,0.0,27,200751.1,11,27,0,0,0.4074074074074074,24.0,Low
CUST10348,Customer 0349,Consumer,United States,Low,0,26751.26,1.0,0.0,5444.5,53.0,1.0,1.0,19,206845.92,7,19,0,0,0.3684210526315789,21.0,Low
CUST10349,Customer 0350,Consumer,United States,Low,0,5909.02,3.0,1.0,75383.06,45.333333333333336,3.0,3.0,21,251653.73,6,21,1,1,0.2857142857142857,58.4,Moderate
CUST10350,Customer 0351,Commercial,India,Low,0,2534.48,5.0,4.0,133405.74,61.8,4.0,4.0,27,390009.51,13,27,1,1,0.48148148148148145,77.0,High
CUST10351,Customer 0352,Consumer,United States,Medium,0,8112.94,1.0,0.0,12303.17,73.0,1.0,1.0,27,283493.82,10,27,0,0,0.37037037037037035,28.0,Low
CUST10352,Customer 0353,Consumer,India,Medium,0,16741.26,2.0,1.0,141095.53,72.5,2.0,2.0,23,200055.3,8,23,0,1,0.34782608695652173,52.0,Moderate
CUST10353,Customer 0354,Consumer,United States,Low,0,12499.15,2.0,1.0,41905.91,59.5,1.0,1.0,25,191177.69,9,25,0,0,0.36,30.0,Moderate
CUST10354,Customer 0355,Consumer,Russia,Medium,0,20349.17,0.0,0.0,0.0,0.0,0.0,0.0,24,186994.64,11,24,0,0,0.4583333333333333,24.0,Low
CUST10355,Customer 0356,Commercial,United States,High,0,14795.17,2.0,1.0,89782.95,55.0,1.0,2.0,26,422439.14,8,26,0,0,0.3076923076923077,45.0,Moderate
CUST10356,Customer 0357,Consumer,United States,Low,0,7040.54,0.0,0.0,0.0,0.0,0.0,0.0,23,324304.75,11,23,0,0,0.4782608695652174,17.0,Low
CUST10357,Customer 0358,Commercial,United States,Low,0,4537.66,1.0,0.0,32605.52,54.0,1.0,1.0,18,119612.15,7,18,0,0,0.3888888888888889,21.0,Low
CUST10358,Customer 0359,Consumer,United States,Low,0,30658.65,2.0,0.0,76387.26999999999,50.5,2.0,2.0,30,459624.92000000004,12,29,0,1,0.4,40.0,Moderate
CUST10359,Customer 0360,Small Business,United States,Low,0,7564.09,2.0,1.0,125631.25,50.0,2.0,2.0,30,504949.0,10,30,0,1,0.3333333333333333,45.0,Moderate
CUST10360,Customer 0361,Consumer,United Kingdom,Low,0,16803.99,1.0,0.0,25926.79,48.0,1.0,1.0,17,136866.51,7,16,0,0,0.4117647058823529,21.0,Low
CUST10361,Customer 0362,Consumer,United States,Low,0,23605.19,1.0,1.0,21372.36,61.0,1.0,1.0,31,410750.02,15,31,0,0,0.4838709677419355,26.0,Low
CUST10362,Customer 0363,Consumer,Russia,Low,0,4119.91,2.0,0.0,42889.39,74.0,2.0,2.0,22,261054.0,9,22,0,1,0.4090909090909091,40.0,Moderate
CUST10363,Customer 0364,Commercial,United States,Low,0,26594.31,0.0,0.0,0.0,0.0,0.0,0.0,29,267299.88,9,29,0,0,0.3103448275862069,17.0,Low
CUST10364,Customer 0365,Consumer,United Arab Emirates,Medium,0,8924.03,2.0,0.0,26503.21,58.5,2.0,2.0,26,372640.22,9,26,0,1,0.34615384615384615,47.0,Moderate
CUST10365,Customer 0366,Small Business,Mexico,Medium,0,14564.41,2.0,1.0,134409.51,48.5,2.0,2.0,23,334504.7,8,23,0,1,0.34782608695652173,52.0,Moderate
CUST10366,Customer 0367,Small Business,Mexico,Low,0,12947.59,2.0,1.0,156737.34,75.0,1.0,1.0,30,410757.26,11,30,0,0,0.36666666666666664,30.0,Moderate
CUST10367,Customer 0368,Consumer,United States,High,0,3169.27,0.0,0.0,0.0,0.0,0.0,0.0,28,315363.56,12,28,0,0,0.42857142857142855,32.0,Moderate
CUST10368,Customer 0369,Consumer,Canada,Low,0,57217.4,2.0,1.0,77160.72,70.0,2.0,2.0,27,329169.84,10,27,0,1,0.37037037037037035,45.0,Moderate
CUST10369,Customer 0370,Consumer,United States,Low,0,17419.48,2.0,0.0,92957.26000000001,65.0,1.0,1.0,21,248526.38,12,21,0,0,0.5714285714285714,25.0,Low
CUST10370,Customer 0371,Consumer,United Kingdom,Low,0,4780.94,2.0,0.0,26189.22,55.5,2.0,2.0,23,217340.72,5,23,0,1,0.21739130434782608,36.7,Moderate
CUST10371,Customer 0372,Consumer,United States,Low,0,23811.09,6.0,2.0,181787.16,57.5,3.0,6.0,36,349103.33,12,36,1,1,0.3333333333333333,72.0,High
CUST10372,Customer 0373,Consumer,United States,Low,0,9066.51,0.0,0.0,0.0,0.0,0.0,0.0,24,209457.96,12,24,0,0,0.5,17.0,Low
CUST10373,Customer 0374,Consumer,Turkey,High,0,6099.28,1.0,0.0,31870.32,68.0,1.0,1.0,32,392809.7,16,32,0,0,0.5,36.0,Moderate
CUST10374,Customer 0375,Small Business,China,High,0,10826.93,2.0,0.0,149724.34999999998,59.5,2.0,2.0,30,258526.31,12,29,0,1,0.4,55.0,Moderate
CUST10375,Customer 0376,Consumer,United Kingdom,Low,0,8636.25,0.0,0.0,0.0,0.0,0.0,0.0,26,199412.33,11,26,0,0,0.4230769230769231,17.0,Low
CUST10376,Customer 0377,Small Business,United Kingdom,Low,0,12608.84,0.0,0.0,0.0,0.0,0.0,0.0,31,315303.93,12,31,0,0,0.3870967741935484,17.0,Low
CUST10377,Customer 0378,Consumer,Mexico,Low,0,6797.89,1.0,0.0,7854.18,35.0,1.0,1.0,31,359215.04,14,30,0,0,0.45161290322580644,21.0,Low
CUST10378,Customer 0379,Consumer,United Arab Emirates,Low,0,13891.74,2.0,0.0,36359.02,47.5,2.0,2.0,24,179916.43,9,24,0,1,0.375,40.0,Moderate
CUST10379,Customer 0380,Small Business,India,Medium,0,7591.04,1.0,0.0,7564.25,59.0,1.0,1.0,33,349655.83999999997,12,33,0,0,0.36363636363636365,28.0,Low
CUST10380,Customer 0381,Small Business,United States,Low,0,11760.75,3.0,2.0,75341.17,45.333333333333336,2.0,3.0,24,302958.52999999997,11,24,1,1,0.4583333333333333,64.0,High
CUST10381,Customer 0382,Consumer,United Kingdom,Low,0,4574.12,1.0,1.0,79367.7,61.0,1.0,1.0,25,206538.05,8,25,0,0,0.32,26.0,Low
CUST10382,Customer 0383,Consumer,United States,Medium,0,18748.9,1.0,0.0,14693.98,32.0,1.0,1.0,33,561333.51,12,33,0,0,0.36363636363636365,28.0,Low
CUST10383,Customer 0384,Consumer,United States,Medium,0,52368.36,4.0,1.0,91122.81999999999,43.0,3.0,4.0,26,236273.71,9,26,1,1,0.34615384615384615,70.0,High
CUST10384,Customer 0385,Small Business,United States,Low,0,19103.58,3.0,2.0,59747.4,80.33333333333333,2.0,3.0,19,146903.17,9,19,1,1,0.47368421052631576,64.0,High
CUST10385,Customer 0386,Consumer,United Kingdom,Low,0,3002.38,1.0,0.0,123611.35,40.0,1.0,1.0,30,260182.27,11,30,0,0,0.36666666666666664,21.0,Low
CUST10386,Customer 0387,Consumer,United States,Low,0,8749.48,2.0,1.0,29768.39,76.5,1.0,2.0,23,272189.48,10,23,0,0,0.43478260869565216,30.0,Moderate
CUST10387,Customer 0388,Small Business,Nigeria,Low,0,12308.12,2.0,1.0,72865.34,61.5,2.0,2.0,22,203592.1,8,22,0,1,0.36363636363636365,45.0,Moderate
CUST10388,Customer 0389,Consumer,United States,Medium,0,14030.73,1.0,1.0,22784.25,88.0,1.0,1.0,23,265745.27999999997,8,23,0,0,0.34782608695652173,33.0,Moderate
CUST10389,Customer 0390,Small Business,Russia,Low,0,5190.06,2.0,1.0,86526.02,48.0,2.0,2.0,26,273566.55,9,26,0,1,0.34615384615384615,45.0,Moderate
CUST10390,Customer 0391,Commercial,United States,Medium,0,20757.92,0.0,0.0,0.0,0.0,0.0,0.0,28,298091.54,14,28,0,0,0.5,24.0,Low
CUST10391,Customer 0392,Commercial,United States,Low,0,10230.74,0.0,0.0,0.0,0.0,0.0,0.0,35,290776.21,15,35,0,0,0.42857142857142855,17.0,Low
CUST10392,Customer 0393,Consumer,United States,Medium,0,9417.98,1.0,1.0,33504.06,50.0,1.0,1.0,25,357394.7,13,25,0,0,0.52,33.0,Moderate
CUST10393,Customer 0394,Commercial,United States,High,0,10878.09,2.0,2.0,79752.06,73.0,2.0,2.0,22,246222.56,9,22,0,1,0.4090909090909091,65.0,High
CUST10394,Customer 0395,Small Business,Nigeria,Medium,0,7321.99,2.0,0.0,44175.56,54.5,2.0,2.0,27,535847.4,7,27,0,1,0.25925925925925924,45.4,Moderate
CUST10395,Customer 0396,Consumer,United States,Medium,0,10667.25,1.0,0.0,20921.37,78.0,1.0,1.0,23,284632.2,6,23,0,0,0.2608695652173913,26.4,Low
CUST10396,Customer 0397,Consumer,Canada,Medium,0,25836.12,2.0,0.0,117378.81,70.0,2.0,2.0,32,406261.38,11,32,0,1,0.34375,47.0,Moderate
CUST10397,Customer 0398,Consumer,United States,Low,0,11162.77,0.0,0.0,0.0,0.0,0.0,0.0,31,288369.36,11,31,0,0,0.3548387096774194,17.0,Low
CUST10398,Customer 0399,Consumer,Canada,Low,0,8305.56,7.0,3.0,223818.33,50.857142857142854,3.0,6.0,33,302089.3,15,33,1,1,0.45454545454545453,77.0,High
CUST10399,Customer 0400,Consumer,Canada,Low,0,33581.2,0.0,0.0,0.0,0.0,0.0,0.0,20,497015.19,14,20,0,0,0.7,17.0,Low
CUST10400,Customer 0401,Commercial,Nigeria,Low,0,16388.02,3.0,2.0,79117.09,65.66666666666667,2.0,3.0,22,197373.03,6,22,1,1,0.2727272727272727,62.9,High
CUST10401,Customer 0402,Consumer,United States,Low,0,33507.75,0.0,0.0,0.0,0.0,0.0,0.0,34,315136.62,19,34,0,0,0.5588235294117647,17.0,Low
CUST10402,Customer 0403,Consumer,United Kingdom,Medium,0,11934.97,1.0,0.0,42026.38,53.0,1.0,1.0,23,641596.1,11,23,0,0,0.4782608695652174,28.0,Low
CUST10403,Customer 0404,Small Business,United States,Low,0,35207.62,1.0,0.0,47817.01,26.0,1.0,1.0,21,242163.72999999998,11,21,0,0,0.5238095238095238,21.0,Low
CUST10404,Customer 0405,Consumer,United Kingdom,Low,0,26847.94,2.0,0.0,73556.45000000001,52.5,2.0,2.0,23,197011.56,6,23,0,1,0.2608695652173913,38.4,Moderate
CUST10405,Customer 0406,Commercial,United States,Low,0,9247.5,0.0,0.0,0.0,0.0,0.0,0.0,24,218907.24,6,24,0,0,0.25,15.0,Low
CUST10406,Customer 0407,Consumer,United States,Low,1,4237.14,3.0,1.0,124684.12,67.33333333333333,3.0,3.0,22,179224.78,9,22,1,1,0.4090909090909091,71.0,High
CUST10407,Customer 0408,Consumer,Canada,Low,0,1026.2,5.0,2.0,109067.35,61.8,4.0,5.0,28,281180.25,10,28,1,1,0.35714285714285715,72.0,High
CUST10408,Customer 0409,Consumer,United States,Medium,0,6055.34,1.0,0.0,19537.79,49.0,1.0,1.0,24,373874.99,11,24,0,0,0.4583333333333333,28.0,Low
CUST10409,Customer 0410,Consumer,United Arab Emirates,Low,0,4550.3,5.0,1.0,117824.89,56.8,4.0,5.0,21,173050.86,7,21,1,1,0.3333333333333333,67.0,High
CUST10410,Customer 0411,Consumer,China,Medium,0,8074.13,2.0,2.0,25563.13,58.5,1.0,2.0,26,273300.23,10,26,0,0,0.38461538461538464,42.0,Moderate
CUST10411,Customer 0412,Consumer,United States,High,0,6855.7,0.0,0.0,0.0,0.0,0.0,0.0,24,378767.04,8,24,0,0,0.3333333333333333,32.0,Moderate
CUST10412,Customer 0413,Commercial,China,Low,0,12135.17,2.0,0.0,58139.51,53.0,1.0,2.0,32,256879.09,11,32,0,0,0.34375,25.0,Low
CUST10413,Customer 0414,Small Business,Mexico,Medium,0,5108.96,0.0,0.0,0.0,0.0,0.0,0.0,28,287806.24,14,28,0,0,0.5,24.0,Low
CUST10414,Customer 0415,Consumer,Mexico,Low,0,2541.05,3.0,3.0,201686.13,66.33333333333333,2.0,2.0,28,276971.29000000004,11,28,1,1,0.39285714285714285,69.0,High
CUST10415,Customer 0416,Consumer,United States,High,0,2860.72,2.0,1.0,91420.72,69.5,1.0,2.0,32,527503.88,7,32,0,0,0.21875,41.8,Moderate
CUST10416,Customer 0417,Consumer,United Arab Emirates,Medium,0,5561.0,1.0,0.0,6193.36,57.0,1.0,1.0,23,253133.49,11,23,0,0,0.4782608695652174,28.0,Low
CUST10417,Customer 0418,Consumer,United States,Medium,0,10087.97,1.0,1.0,3271.41,50.0,1.0,1.0,26,312558.83,6,26,0,0,0.23076923076923078,30.2,Moderate
CUST10418,Customer 0419,Consumer,United States,High,0,12985.42,3.0,0.0,50897.93,61.0,3.0,3.0,33,301653.02,8,33,1,1,0.24242424242424243,66.7,High
CUST10419,Customer 0420,Commercial,United States,Medium,0,47681.89,0.0,0.0,0.0,0.0,0.0,0.0,25,168260.02,10,25,0,0,0.4,24.0,Low
CUST10420,Customer 0421,Consumer,India,High,0,11066.3,3.0,1.0,39889.82,49.0,3.0,3.0,19,363862.9,7,19,1,1,0.3684210526315789,74.0,High
CUST10421,Customer 0422,Consumer,Nigeria,Low,0,8081.33,5.0,2.0,327021.79000000004,61.6,4.0,4.0,18,193375.27,7,18,1,1,0.3888888888888889,72.0,High
CUST10422,Customer 0423,Small Business,United States,Low,0,2501.24,1.0,0.0,87576.03,61.0,1.0,1.0,23,364141.93,6,23,0,0,0.2608695652173913,19.4,Low
CUST10423,Customer 0424,Small Business,Canada,Low,1,9039.23,0.0,0.0,0.0,0.0,0.0,0.0,20,252206.6,8,20,0,0,0.4,29.0,Low
CUST10424,Customer 0425,Commercial,India,High,0,46388.22,0.0,0.0,0.0,0.0,0.0,0.0,30,311685.35,12,30,0,0,0.4,32.0,Moderate
CUST10425,Customer 0426,Small Business,United States,Medium,0,12622.6,3.0,0.0,60379.009999999995,44.666666666666664,1.0,2.0,24,219977.4,13,24,1,0,0.5416666666666666,46.0,Moderate
CUST10426,Customer 0427,Commercial,United States,Low,0,3121.62,5.0,1.0,197260.01000000004,65.6,2.0,4.0,20,155363.96,7,20,1,1,0.35,67.0,High
CUST10427,Customer 0428,Consumer,Mexico,Low,0,21248.4,1.0,0.0,26275.25,74.0,1.0,1.0,32,251020.38,13,32,0,0,0.40625,21.0,Low
CUST10428,Customer 0429,Consumer,United States,High,0,6147.05,1.0,0.0,49794.66,58.0,1.0,1.0,18,337996.24,6,18,0,0,0.3333333333333333,36.0,Moderate
CUST10429,Customer 0430,Consumer,United States,Low,0,3500.77,1.0,0.0,6576.68,54.0,1.0,1.0,18,242671.33,9,18,0,0,0.5,21.0,Low
CUST10430,Customer 0431,Consumer,United Arab Emirates,Low,0,11039.65,0.0,0.0,0.0,0.0,0.0,0.0,22,265758.58,5,22,0,0,0.22727272727272727,14.1,Low
CUST10431,Customer 0432,Small Business,Canada,Low,0,3992.94,2.0,1.0,177084.26,82.0,2.0,2.0,20,221491.43000000002,6,20,0,1,0.3,45.0,Moderate
CUST10432,Customer 0433,Consumer,India,Low,0,16243.06,1.0,1.0,22547.21,63.0,1.0,1.0,24,389808.29,10,24,0,0,0.4166666666666667,26.0,Low
CUST10433,Customer 0434,Small Business,India,Low,0,8097.56,1.0,0.0,5278.94,49.0,1.0,1.0,23,187908.76,9,23,0,0,0.391304347826087,21.0,Low
CUST10434,Customer 0435,Commercial,United Kingdom,Low,0,10712.36,0.0,0.0,0.0,0.0,0.0,0.0,24,232830.85,7,24,0,0,0.2916666666666667,16.7,Low
CUST10435,Customer 0436,Consumer,Canada,Low,0,6869.42,3.0,2.0,226811.2,48.666666666666664,2.0,3.0,22,186851.66,13,22,1,1,0.5909090909090909,64.0,High
CUST10436,Customer 0437,Consumer,United States,Low,0,6783.8,3.0,2.0,29139.11,65.0,1.0,3.0,31,289080.31,8,31,1,0,0.25806451612903225,47.3,Moderate
CUST10437,Customer 0438,Consumer,Nigeria,Medium,0,22100.47,4.0,0.0,110092.61,57.5,3.0,4.0,18,185075.12,8,18,1,1,0.4444444444444444,65.0,High
CUST10438,Customer 0439,Small Business,United States,Medium,0,12314.53,3.0,0.0,115335.52,65.66666666666667,3.0,3.0,26,215682.75,15,26,1,1,0.5769230769230769,61.0,High
CUST10439,Customer 0440,Small Business,Mexico,Medium,0,17999.68,1.0,0.0,1601.06,21.0,1.0,1.0,26,271750.52,8,25,0,0,0.3076923076923077,28.0,Low
CUST10440,Customer 0441,Consumer,United Kingdom,Medium,0,14478.37,1.0,1.0,2966.24,65.0,1.0,1.0,37,458969.3,12,37,0,0,0.32432432432432434,33.0,Moderate
CUST10441,Customer 0442,Consumer,United Kingdom,Low,0,19240.71,0.0,0.0,0.0,0.0,0.0,0.0,28,334649.15,16,28,0,0,0.5714285714285714,17.0,Low
CUST10442,Customer 0443,Consumer,Canada,Medium,0,42008.76,3.0,1.0,30079.07,80.33333333333333,2.0,3.0,32,406808.76,13,32,1,1,0.40625,66.0,High
CUST10443,Customer 0444,Consumer,India,Medium,1,10160.45,1.0,0.0,12892.03,21.0,1.0,1.0,29,455341.06,11,29,0,0,0.3793103448275862,40.0,Moderate
CUST10444,Customer 0445,Consumer,India,Medium,0,8498.13,1.0,1.0,32510.07,71.0,1.0,1.0,23,214051.44,8,23,0,0,0.34782608695652173,33.0,Moderate
CUST10445,Customer 0446,Consumer,United States,Low,0,5705.98,1.0,1.0,10627.05,62.0,1.0,1.0,21,197807.16,8,21,0,0,0.38095238095238093,26.0,Low
CUST10446,Customer 0447,Consumer,United States,Low,0,3306.77,1.0,0.0,41816.08,56.0,1.0,1.0,22,268616.36,9,21,0,0,0.4090909090909091,21.0,Low
CUST10447,Customer 0448,Consumer,China,Medium,0,24704.63,1.0,1.0,47460.79,27.0,1.0,1.0,25,239834.87,8,25,0,0,0.32,33.0,Moderate
CUST10448,Customer 0449,Commercial,United Kingdom,Low,0,4921.97,1.0,0.0,48442.7,65.0,1.0,1.0,26,159844.76,12,26,0,0,0.46153846153846156,21.0,Low
CUST10449,Customer 0450,Small Business,India,Medium,0,8898.12,3.0,1.0,70542.35,34.666666666666664,2.0,3.0,23,261991.73,11,23,1,1,0.4782608695652174,66.0,High
CUST10450,Customer 0451,Consumer,United Kingdom,Low,0,15581.63,0.0,0.0,0.0,0.0,0.0,0.0,35,309729.93,16,35,0,0,0.45714285714285713,17.0,Low
CUST10451,Customer 0452,Consumer,Nigeria,Low,0,9646.41,2.0,1.0,41634.54,49.0,2.0,2.0,23,155061.4,6,23,0,1,0.2608695652173913,43.4,Moderate
CUST10452,Customer 0453,Consumer,United States,Medium,0,21105.09,3.0,3.0,285635.73,57.666666666666664,2.0,2.0,17,314195.56,7,16,1,1,0.4117647058823529,76.0,High
CUST10453,Customer 0454,Consumer,Mexico,Low,0,12700.03,3.0,1.0,64509.549999999996,39.666666666666664,2.0,3.0,22,253364.01,9,22,1,1,0.4090909090909091,59.0,Moderate
CUST10454,Customer 0455,Consumer,United States,High,0,7785.66,1.0,1.0,55171.4,69.0,1.0,1.0,27,278382.44,14,27,0,0,0.5185185185185185,41.0,Moderate
CUST10455,Customer 0456,Consumer,Mexico,High,0,16813.44,2.0,1.0,75659.07,73.5,1.0,1.0,29,230798.19,8,29,0,0,0.27586206896551724,44.0,Moderate
CUST10456,Customer 0457,Commercial,United States,Low,0,16648.31,2.0,0.0,51270.850000000006,54.0,2.0,2.0,25,291883.36,11,25,0,1,0.44,40.0,Moderate
CUST10457,Customer 0458,Small Business,United Arab Emirates,Low,0,16797.9,0.0,0.0,0.0,0.0,0.0,0.0,24,304760.57,11,24,0,0,0.4583333333333333,17.0,Low
CUST10458,Customer 0459,Consumer,Canada,Medium,0,19567.17,1.0,0.0,32734.82,49.0,1.0,1.0,27,339042.27999999997,13,27,0,0,0.48148148148148145,28.0,Low
CUST10459,Customer 0460,Small Business,United Kingdom,Low,0,2171.72,0.0,0.0,0.0,0.0,0.0,0.0,29,629894.51,11,29,0,0,0.3793103448275862,17.0,Low
CUST10460,Customer 0461,Small Business,China,Low,0,1385.12,4.0,1.0,75738.26,63.5,2.0,3.0,24,210835.77,10,24,1,1,0.4166666666666667,63.0,High
CUST10461,Customer 0462,Consumer,United States,High,0,8425.26,1.0,0.0,12122.35,61.0,1.0,1.0,25,277462.92,6,25,0,0,0.24,33.6,Moderate
CUST10462,Customer 0463,Consumer,Nigeria,Low,0,103974.22,0.0,0.0,0.0,0.0,0.0,0.0,29,381661.27,15,28,0,0,0.5172413793103449,17.0,Low
CUST10463,Customer 0464,Small Business,United States,Low,0,14334.49,6.0,1.0,469352.76,42.666666666666664,4.0,5.0,21,304253.01,9,20,1,1,0.42857142857142855,67.0,High
CUST10464,Customer 0465,Consumer,Canada,Low,0,2953.11,1.0,0.0,30333.91,54.0,1.0,1.0,16,159653.65,8,16,0,0,0.5,21.0,Low
CUST10465,Customer 0466,Small Business,Russia,Medium,0,15929.29,3.0,0.0,33048.28,54.0,3.0,3.0,14,95631.62,4,14,1,1,0.2857142857142857,60.4,High
CUST10466,Customer 0467,Consumer,United Kingdom,Medium,0,9450.57,3.0,2.0,88215.4,60.333333333333336,2.0,3.0,20,219927.4,4,20,1,1,0.2,67.0,High
CUST10467,Customer 0468,Consumer,United States,Low,0,4277.55,0.0,0.0,0.0,0.0,0.0,0.0,27,265390.51,11,27,0,0,0.4074074074074074,17.0,Low
CUST10468,Customer 0469,Commercial,United States,Low,0,12331.57,1.0,0.0,114833.23,76.0,1.0,1.0,21,184496.17,7,21,0,0,0.3333333333333333,21.0,Low
CUST10469,Customer 0470,Consumer,United States,Medium,0,7138.1,2.0,1.0,64461.21000000001,38.5,2.0,2.0,40,530533.65,15,40,0,1,0.375,52.0,Moderate
CUST10470,Customer 0471,Small Business,United States,Low,0,18042.01,1.0,1.0,224795.96,47.0,1.0,1.0,21,132502.31,7,21,0,0,0.3333333333333333,26.0,Low
CUST10471,Customer 0472,Small Business,United States,Low,0,6963.94,4.0,1.0,149131.87,54.75,3.0,4.0,22,227210.55000000002,7,22,1,1,0.3181818181818182,63.0,High
CUST10472,Customer 0473,Small Business,United States,Low,0,2052.27,1.0,0.0,43313.33,35.0,1.0,1.0,31,227336.82,16,31,0,0,0.5161290322580645,21.0,Low
CUST10473,Customer 0474,Consumer,Nigeria,Low,0,29247.45,0.0,0.0,0.0,0.0,0.0,0.0,21,274018.69,8,21,0,0,0.38095238095238093,17.0,Low
CUST10474,Customer 0475,Commercial,Turkey,Low,0,8197.59,0.0,0.0,0.0,0.0,0.0,0.0,30,246470.67,13,30,0,0,0.43333333333333335,17.0,Low
CUST10475,Customer 0476,Consumer,United Arab Emirates,High,0,40283.64,0.0,0.0,0.0,0.0,0.0,0.0,21,148720.47,9,21,0,0,0.42857142857142855,32.0,Moderate
CUST10476,Customer 0477,Consumer,Canada,Low,0,33792.91,2.0,1.0,46310.12,57.0,2.0,2.0,18,135950.3,6,18,0,1,0.3333333333333333,45.0,Moderate
CUST10477,Customer 0478,Consumer,United Arab Emirates,Low,0,7084.93,1.0,1.0,12161.41,38.0,1.0,1.0,27,360999.78,8,27,0,0,0.2962962962962963,25.9,Low
CUST10478,Customer 0479,Consumer,United States,Low,0,2458.88,2.0,1.0,30607.69,65.0,2.0,2.0,27,279926.65,16,27,0,1,0.5925925925925926,45.0,Moderate
CUST10479,Customer 0480,Consumer,Turkey,Medium,0,8263.01,0.0,0.0,0.0,0.0,0.0,0.0,23,216935.11,8,23,0,0,0.34782608695652173,24.0,Low
CUST10480,Customer 0481,Consumer,Turkey,Low,0,29951.65,3.0,1.0,158385.61,53.0,1.0,3.0,29,307358.25,11,29,1,0,0.3793103448275862,44.0,Moderate
CUST10481,Customer 0482,Small Business,United Kingdom,Low,0,3082.39,2.0,0.0,72366.27,54.0,2.0,2.0,33,356460.81,16,33,0,1,0.48484848484848486,40.0,Moderate
CUST10482,Customer 0483,Consumer,Mexico,High,1,5178.52,0.0,0.0,0.0,0.0,0.0,0.0,27,393867.12,13,27,0,0,0.48148148148148145,44.0,Moderate
CUST10483,Customer 0484,Consumer,Canada,Medium,0,8576.03,0.0,0.0,0.0,0.0,0.0,0.0,13,100608.82,4,13,0,0,0.3076923076923077,24.0,Low
CUST10484,Customer 0485,Commercial,India,Medium,0,23087.41,0.0,0.0,0.0,0.0,0.0,0.0,29,326061.68,9,29,0,0,0.3103448275862069,24.0,Low
CUST10485,Customer 0486,Small Business,United States,Low,0,4577.95,3.0,2.0,92791.70999999999,51.666666666666664,3.0,3.0,23,208699.46,6,23,1,1,0.2608695652173913,62.4,High
CUST10486,Customer 0487,Consumer,United Kingdom,Low,0,16583.37,1.0,1.0,8334.44,60.0,1.0,1.0,21,247316.26,11,21,0,0,0.5238095238095238,26.0,Low
CUST10487,Customer 0488,Consumer,United States,Medium,0,2260.83,0.0,0.0,0.0,0.0,0.0,0.0,26,192131.34,6,26,0,0,0.23076923076923078,21.2,Low
CUST10488,Customer 0489,Small Business,Nigeria,Low,0,2765.9,1.0,0.0,44414.74,34.0,1.0,1.0,23,361198.82,9,23,0,0,0.391304347826087,21.0,Low
CUST10489,Customer 0490,Consumer,United States,Low,0,14061.47,0.0,0.0,0.0,0.0,0.0,0.0,29,389416.32,9,29,0,0,0.3103448275862069,17.0,Low
CUST10490,Customer 0491,Commercial,United States,Low,0,10823.38,2.0,0.0,205149.58000000002,57.5,2.0,2.0,31,370739.36,10,31,0,1,0.3225806451612903,40.0,Moderate
CUST10491,Customer 0492,Small Business,Russia,High,0,3884.95,1.0,0.0,62568.09,75.0,1.0,1.0,25,316285.26,11,25,0,0,0.44,36.0,Moderate
CUST10492,Customer 0493,Small Business,Russia,Medium,0,26422.41,2.0,1.0,30971.24,59.0,2.0,2.0,29,252537.85,12,29,0,1,0.41379310344827586,52.0,Moderate
CUST10493,Customer 0494,Small Business,United Arab Emirates,Low,0,13350.35,0.0,0.0,0.0,0.0,0.0,0.0,28,239569.33000000002,11,28,0,0,0.39285714285714285,17.0,Low
CUST10494,Customer 0495,Consumer,United States,Low,0,18776.49,4.0,2.0,209727.03999999998,75.25,2.0,4.0,24,295453.87,7,24,1,1,0.2916666666666667,67.7,High
CUST10495,Customer 0496,Consumer,United States,Low,0,26721.45,2.0,1.0,79756.12,70.5,1.0,2.0,26,243274.28,9,26,0,0,0.34615384615384615,30.0,Moderate
CUST10496,Customer 0497,Small Business,United States,Low,0,7311.79,2.0,0.0,29157.120000000003,46.5,2.0,2.0,26,201896.99,12,26,0,1,0.46153846153846156,40.0,Moderate
CUST10497,Customer 0498,Consumer,Nigeria,Medium,0,7129.89,1.0,0.0,36169.49,55.0,1.0,1.0,32,406489.01,11,32,0,0,0.34375,28.0,Low
CUST10498,Customer 0499,Consumer,Nigeria,High,0,4846.45,3.0,0.0,103781.9,41.0,3.0,3.0,31,422287.91000000003,14,30,1,1,0.45161290322580644,69.0,High
CUST10499,Customer 0500,Small Business,Mexico,Low,0,41430.55,1.0,1.0,53339.7,100.0,1.0,1.0,28,330210.14,9,27,0,0,0.32142857142857145,26.0,Low
CUST10500,Customer 0501,Small Business,United States,Low,0,13532.5,3.0,1.0,39201.96,59.333333333333336,2.0,3.0,21,300601.68,10,21,1,1,0.47619047619047616,59.0,Moderate
CUST10501,Customer 0502,Small Business,United States,Medium,0,6043.79,0.0,0.0,0.0,0.0,0.0,0.0,28,294330.01,12,28,0,0,0.42857142857142855,24.0,Low
CUST10502,Customer 0503,Small Business,United States,High,0,5014.94,2.0,1.0,30369.199999999997,51.0,2.0,2.0,31,460189.62,14,31,0,1,0.45161290322580644,60.0,High
CUST10503,Customer 0504,Small Business,India,Low,0,9346.7,1.0,1.0,530187.29,76.0,1.0,1.0,29,236911.08000000002,13,29,0,0,0.4482758620689655,26.0,Low
CUST10504,Customer 0505,Consumer,United States,Medium,0,1673.29,0.0,0.0,0.0,0.0,0.0,0.0,32,345929.66,12,32,0,0,0.375,24.0,Low
CUST10505,Customer 0506,Consumer,United States,Low,0,9226.59,3.0,0.0,67348.22,35.666666666666664,1.0,3.0,27,326803.64,12,27,1,0,0.4444444444444444,39.0,Moderate
CUST10506,Customer 0507,Consumer,India,Medium,0,3658.27,0.0,0.0,0.0,0.0,0.0,0.0,26,316527.37,13,26,0,0,0.5,24.0,Low
CUST10507,Customer 0508,Small Business,Russia,Medium,0,26892.37,2.0,0.0,23107.16,61.5,2.0,2.0,26,284937.49,11,26,0,1,0.4230769230769231,47.0,Moderate
CUST10508,Customer 0509,Consumer,United States,Medium,0,10075.98,1.0,0.0,2874.62,82.0,1.0,1.0,23,311272.58,7,23,0,0,0.30434782608695654,28.0,Low
CUST10509,Customer 0510,Consumer,India,Low,0,1770.09,1.0,0.0,7249.12,35.0,1.0,1.0,24,276123.88,11,24,0,0,0.4583333333333333,21.0,Low
CUST10510,Customer 0511,Consumer,United States,Medium,0,31392.17,4.0,1.0,176669.78,64.75,3.0,4.0,26,289592.15,7,26,1,1,0.2692307692307692,68.8,High
CUST10511,Customer 0512,Small Business,United Kingdom,Low,0,6231.99,1.0,0.0,16078.74,36.0,1.0,1.0,28,245351.3,12,28,0,0,0.42857142857142855,21.0,Low
CUST10512,Customer 0513,Consumer,China,Low,0,4602.05,3.0,1.0,34270.909999999996,61.666666666666664,2.0,3.0,17,157898.38,9,17,1,1,0.5294117647058824,59.0,Moderate
CUST10513,Customer 0514,Consumer,United States,Low,0,9897.08,1.0,1.0,40686.51,93.0,1.0,1.0,26,214739.67,13,26,0,0,0.5,26.0,Low
CUST10514,Customer 0515,Consumer,United States,Low,0,82986.0,1.0,1.0,63366.82,65.0,1.0,1.0,27,218551.85,11,27,0,0,0.4074074074074074,26.0,Low
CUST10515,Customer 0516,Commercial,United States,Medium,0,4271.53,3.0,1.0,66460.16,50.0,3.0,3.0,18,346431.99,7,18,1,1,0.3888888888888889,66.0,High
CUST10516,Customer 0517,Consumer,China,Low,0,9237.15,1.0,0.0,45177.84,35.0,1.0,1.0,30,298793.25,13,30,0,0,0.43333333333333335,21.0,Low
CUST10517,Customer 0518,Small Business,Canada,Medium,0,33670.64,4.0,2.0,66392.33,44.0,4.0,4.0,18,110237.69,5,18,1,1,0.2777777777777778,74.1,High
CUST10518,Customer 0519,Small Business,Russia,Low,0,155476.81,3.0,0.0,169979.51,43.333333333333336,1.0,2.0,27,242485.58,13,27,1,0,0.48148148148148145,39.0,Moderate
CUST10519,Customer 0520,Consumer,Mexico,Medium,0,4950.15,2.0,1.0,102260.75,64.5,1.0,2.0,24,520201.65,8,24,0,0,0.3333333333333333,37.0,Moderate
CUST10520,Customer 0521,Consumer,Canada,Medium,0,3412.53,2.0,0.0,16535.34,78.0,1.0,2.0,30,279901.56,11,30,0,0,0.36666666666666664,32.0,Moderate
CUST10521,Customer 0522,Small Business,United Kingdom,High,0,9830.16,1.0,1.0,8041.37,84.0,1.0,1.0,26,257747.55,7,26,0,0,0.2692307692307692,39.8,Moderate
CUST10522,Customer 0523,Consumer,United States,Medium,0,15672.26,0.0,0.0,0.0,0.0,0.0,0.0,22,339397.71,9,22,0,0,0.4090909090909091,24.0,Low
CUST10523,Customer 0524,Commercial,United States,Low,0,30031.06,1.0,0.0,277266.61,42.0,1.0,1.0,26,314887.74,9,26,0,0,0.34615384615384615,21.0,Low
CUST10524,Customer 0525,Consumer,United States,Low,0,3163.8,3.0,1.0,113601.55,48.333333333333336,2.0,3.0,21,276507.91,8,21,1,1,0.38095238095238093,59.0,Moderate
CUST10525,Customer 0526,Consumer,Turkey,Low,0,4729.87,1.0,1.0,80737.55,72.0,1.0,1.0,31,591915.15,15,30,0,0,0.4838709677419355,26.0,Low
CUST10526,Customer 0527,Consumer,Canada,High,0,3175.93,2.0,1.0,96996.78,64.5,2.0,2.0,16,218625.88999999998,8,16,0,1,0.5,60.0,High
CUST10527,Customer 0528,Consumer,United States,Low,0,42636.45,3.0,1.0,157357.40000000002,58.333333333333336,3.0,3.0,28,373542.81,17,28,1,1,0.6071428571428571,59.0,Moderate
CUST10528,Customer 0529,Commercial,Turkey,Medium,0,20451.11,2.0,1.0,11768.86,69.5,1.0,1.0,21,191842.19,8,21,0,0,0.38095238095238093,37.0,Moderate
CUST10529,Customer 0530,Consumer,United States,Low,0,3738.46,1.0,1.0,46985.58,88.0,1.0,1.0,24,222647.9,12,24,0,0,0.5,26.0,Low
CUST10530,Customer 0531,Consumer,United Kingdom,Medium,0,3159.14,2.0,0.0,290747.99,53.5,2.0,2.0,27,349772.83999999997,8,27,0,1,0.2962962962962963,46.9,Moderate
CUST10531,Customer 0532,Small Business,Nigeria,Medium,0,9647.26,3.0,0.0,68999.69,43.0,2.0,3.0,19,183668.8,7,19,1,1,0.3684210526315789,61.0,High
CUST10532,Customer 0533,Consumer,United States,Low,0,2919.58,0.0,0.0,0.0,0.0,0.0,0.0,23,234051.01,10,22,0,0,0.43478260869565216,17.0,Low
CUST10533,Customer 0534,Consumer,Mexico,Medium,0,2086.47,0.0,0.0,0.0,0.0,0.0,0.0,24,471267.49,10,24,0,0,0.4166666666666667,24.0,Low
CUST10534,Customer 0535,Consumer,United Kingdom,Low,0,10022.55,1.0,1.0,31445.87,76.0,1.0,1.0,28,274140.17,11,28,0,0,0.39285714285714285,26.0,Low
CUST10535,Customer 0536,Commercial,United States,Low,0,10098.64,4.0,2.0,158636.98,62.75,3.0,4.0,17,161657.56,2,17,1,1,0.11764705882352941,60.7,High
CUST10536,Customer 0537,Consumer,Nigeria,Low,0,4280.32,3.0,1.0,73659.34,55.333333333333336,3.0,3.0,24,243988.58,13,24,1,1,0.5416666666666666,59.0,Moderate
CUST10537,Customer 0538,Commercial,United States,Low,0,3317.38,0.0,0.0,0.0,0.0,0.0,0.0,15,181202.79,6,15,0,0,0.4,17.0,Low
CUST10538,Customer 0539,Small Business,United States,Low,0,15336.5,4.0,3.0,47483.61,55.25,2.0,3.0,16,149387.32,10,16,1,1,0.625,73.0,High
CUST10539,Customer 0540,Small Business,United States,Medium,0,27599.4,1.0,1.0,172501.12,62.0,1.0,1.0,34,507244.79,16,33,0,0,0.47058823529411764,33.0,Moderate
CUST10540,Customer 0541,Consumer,United States,Low,0,10443.32,1.0,0.0,33709.91,53.0,1.0,1.0,27,290119.02,12,27,0,0,0.4444444444444444,21.0,Low
CUST10541,Customer 0542,Consumer,United States,Low,0,9776.32,1.0,0.0,8505.1,45.0,1.0,1.0,24,205735.93,6,24,0,0,0.25,19.0,Low
CUST10542,Customer 0543,Consumer,Turkey,High,0,3249.88,3.0,2.0,160522.72,76.66666666666667,3.0,3.0,24,166129.32,10,24,1,1,0.4166666666666667,79.0,High
CUST10543,Customer 0544,Commercial,United Arab Emirates,Medium,0,33618.11,2.0,1.0,22819.05,68.5,2.0,2.0,33,404116.92,10,33,0,1,0.30303030303030304,52.0,Moderate
CUST10544,Customer 0545,Consumer,United States,Low,0,15111.56,1.0,1.0,11485.92,31.0,1.0,1.0,17,177972.14,8,17,0,0,0.47058823529411764,26.0,Low
CUST10545,Customer 0546,Consumer,United States,Medium,0,1943.74,1.0,1.0,41381.37,63.0,1.0,1.0,21,130748.79,12,21,0,0,0.5714285714285714,33.0,Moderate
CUST10546,Customer 0547,Consumer,United States,Medium,0,8962.35,4.0,3.0,164781.24,64.25,3.0,3.0,29,275547.76,10,29,1,1,0.3448275862068966,80.0,Critical
CUST10547,Customer 0548,Consumer,United States,Medium,0,2959.8,0.0,0.0,0.0,0.0,0.0,0.0,25,210705.63,11,25,0,0,0.44,24.0,Low
CUST10548,Customer 0549,Consumer,Turkey,Low,1,16119.8,1.0,1.0,79374.64,43.0,1.0,1.0,20,239970.2,8,19,0,0,0.4,38.0,Moderate
CUST10549,Customer 0550,Consumer,United States,Low,1,21691.08,1.0,0.0,6916.89,36.0,1.0,1.0,20,115059.2,7,20,0,0,0.35,33.0,Moderate
CUST10550,Customer 0551,Small Business,Turkey,Low,0,3817.26,1.0,0.0,4271.86,43.0,1.0,1.0,25,223354.18,11,25,0,0,0.44,21.0,Low
CUST10551,Customer 0552,Small Business,Nigeria,Low,0,13276.77,1.0,0.0,48376.08,60.0,1.0,1.0,24,184188.24,11,24,0,0,0.4583333333333333,21.0,Low
CUST10552,Customer 0553,Consumer,United States,Low,0,39808.44,2.0,1.0,65430.66,87.5,2.0,2.0,22,157725.3,13,22,0,1,0.5909090909090909,45.0,Moderate
CUST10553,Customer 0554,Consumer,Canada,Low,0,5867.19,1.0,1.0,15484.73,80.0,1.0,1.0,29,283007.62,8,29,0,0,0.27586206896551724,25.0,Low
CUST10554,Customer 0555,Small Business,United States,Medium,0,12326.2,2.0,2.0,94720.98999999999,72.0,2.0,2.0,18,207770.22,6,18,0,1,0.3333333333333333,57.0,Moderate
CUST10555,Customer 0556,Consumer,Mexico,Low,0,6990.28,1.0,1.0,11419.18,60.0,1.0,1.0,27,277476.01,10,27,0,0,0.37037037037037035,26.0,Low
CUST10556,Customer 0557,Consumer,India,Low,0,2860.47,1.0,0.0,31052.61,80.0,1.0,1.0,24,314836.06,12,24,0,0,0.5,21.0,Low
CUST10557,Customer 0558,Consumer,United States,Medium,0,8219.91,0.0,0.0,0.0,0.0,0.0,0.0,24,184216.66,12,24,0,0,0.5,24.0,Low
CUST10558,Customer 0559,Consumer,Canada,Medium,0,3631.34,2.0,1.0,131469.01,81.0,2.0,2.0,28,379750.67,10,28,0,1,0.35714285714285715,52.0,Moderate
CUST10559,Customer 0560,Consumer,China,Medium,0,19110.37,0.0,0.0,0.0,0.0,0.0,0.0,23,213976.66999999998,7,23,0,0,0.30434782608695654,24.0,Low
CUST10560,Customer 0561,Consumer,United States,Medium,0,7586.33,2.0,0.0,33650.49,84.5,1.0,2.0,29,287254.62,11,29,0,0,0.3793103448275862,32.0,Moderate
CUST10561,Customer 0562,Consumer,China,Medium,0,25029.07,0.0,0.0,0.0,0.0,0.0,0.0,30,480443.85,7,30,0,0,0.23333333333333334,21.3,Low
CUST10562,Customer 0563,Commercial,United States,Low,0,1263.58,0.0,0.0,0.0,0.0,0.0,0.0,34,361107.56,11,34,0,0,0.3235294117647059,17.0,Low
CUST10563,Customer 0564,Small Business,Canada,Medium,0,11203.5,1.0,0.0,11780.23,54.0,1.0,1.0,23,235627.9,12,23,0,0,0.5217391304347826,28.0,Low
CUST10564,Customer 0565,Small Business,United States,Medium,0,14220.01,1.0,0.0,13877.4,59.0,1.0,1.0,21,231844.6,11,21,0,0,0.5238095238095238,28.0,Low
CUST10565,Customer 0566,Commercial,United States,Low,0,5008.32,5.0,3.0,465062.48000000004,62.8,3.0,4.0,23,227617.51,10,23,1,1,0.43478260869565216,77.0,High
CUST10566,Customer 0567,Consumer,United States,Medium,0,9061.96,2.0,0.0,35461.159999999996,58.5,2.0,2.0,22,269561.75,12,22,0,1,0.5454545454545454,47.0,Moderate
CUST10567,Customer 0568,Small Business,United States,Medium,0,15258.08,0.0,0.0,0.0,0.0,0.0,0.0,25,323327.02,14,25,0,0,0.56,24.0,Low
CUST10568,Customer 0569,Consumer,United States,Medium,0,14610.15,1.0,0.0,19548.17,72.0,1.0,1.0,20,219271.71,7,20,0,0,0.35,28.0,Low
CUST10569,Customer 0570,Consumer,United States,Low,0,3680.63,0.0,0.0,0.0,0.0,0.0,0.0,29,330392.61,11,29,0,0,0.3793103448275862,17.0,Low
CUST10570,Customer 0571,Consumer,Nigeria,High,0,40033.17,2.0,1.0,770234.5499999999,58.0,2.0,2.0,26,598242.02,12,26,0,1,0.46153846153846156,60.0,High
CUST10571,Customer 0572,Consumer,Canada,Medium,0,9269.96,2.0,1.0,49323.31,54.0,2.0,2.0,41,615678.77,19,41,0,1,0.4634146341463415,52.0,Moderate
CUST10572,Customer 0573,Small Business,Turkey,Medium,1,13877.18,0.0,0.0,0.0,0.0,0.0,0.0,22,304900.2,8,22,0,0,0.36363636363636365,36.0,Moderate
CUST10573,Customer 0574,Consumer,United States,Low,0,11059.35,1.0,0.0,35027.45,40.0,1.0,1.0,17,120603.08,11,17,0,0,0.6470588235294118,21.0,Low
CUST10574,Customer 0575,Consumer,United States,Low,0,13152.01,0.0,0.0,0.0,0.0,0.0,0.0,36,472030.39,13,35,0,0,0.3611111111111111,17.0,Low
CUST10575,Customer 0576,Consumer,Canada,Low,0,6602.16,3.0,3.0,20882.629999999997,64.66666666666667,2.0,3.0,28,264582.74,10,28,1,1,0.35714285714285715,69.0,High
CUST10576,Customer 0577,Commercial,United States,Medium,1,11733.73,2.0,0.0,42926.33,43.5,2.0,2.0,19,259793.74,8,19,0,1,0.42105263157894735,59.0,Moderate
CUST10577,Customer 0578,Consumer,United States,Medium,0,3166.24,1.0,1.0,101058.37,82.0,1.0,1.0,26,262937.8,7,26,0,0,0.2692307692307692,31.8,Moderate
CUST10578,Customer 0579,Consumer,Turkey,Low,0,1591.01,3.0,0.0,193829.67,45.333333333333336,2.0,3.0,26,208965.11,5,26,1,1,0.19230769230769232,49.7,Moderate
CUST10579,Customer 0580,Consumer,China,Low,0,14815.77,2.0,1.0,170549.56,48.5,1.0,2.0,24,226152.76,4,24,0,0,0.16666666666666666,24.7,Low
CUST10580,Customer 0581,Consumer,United States,Medium,0,2402.39,2.0,0.0,120863.92,55.0,2.0,2.0,27,192205.89,14,27,0,1,0.5185185185185185,47.0,Moderate
CUST10581,Customer 0582,Consumer,United States,High,0,7161.59,1.0,0.0,17547.17,60.0,1.0,1.0,21,262284.53,7,21,0,0,0.3333333333333333,36.0,Moderate
CUST10582,Customer 0583,Consumer,United States,Low,0,23767.47,1.0,0.0,41973.74,100.0,1.0,1.0,35,336731.01,12,35,0,0,0.34285714285714286,21.0,Low
CUST10583,Customer 0584,Consumer,United States,Low,0,19458.85,1.0,0.0,8328.8,46.0,1.0,1.0,25,321229.71,8,25,0,0,0.32,21.0,Low
CUST10584,Customer 0585,Small Business,Russia,Low,0,11862.76,0.0,0.0,0.0,0.0,0.0,0.0,24,291772.66000000003,9,24,0,0,0.375,17.0,Low
CUST10585,Customer 0586,Small Business,United States,Medium,0,6442.35,1.0,0.0,60863.47,71.0,1.0,1.0,32,386417.11,17,32,0,0,0.53125,28.0,Low
CUST10586,Customer 0587,Consumer,United States,High,0,9032.53,2.0,2.0,52885.149999999994,83.0,2.0,2.0,32,378154.48,15,31,0,1,0.46875,65.0,High
CUST10587,Customer 0588,Consumer,United States,Low,0,11380.29,2.0,1.0,122301.02,67.0,2.0,2.0,25,372246.87,11,25,0,1,0.44,45.0,Moderate
CUST10588,Customer 0589,Consumer,United States,Medium,0,5860.71,1.0,0.0,33134.18,100.0,1.0,1.0,28,519066.27,7,28,0,0,0.25,26.0,Low
CUST10589,Customer 0590,Consumer,United States,Low,0,31401.57,2.0,1.0,52218.189999999995,44.0,2.0,2.0,23,405952.22000000003,13,23,0,1,0.5652173913043478,45.0,Moderate
CUST10590,Customer 0591,Consumer,Nigeria,Low,0,3698.25,2.0,0.0,30720.15,31.5,2.0,2.0,30,269180.09,11,30,0,1,0.36666666666666664,40.0,Moderate
CUST10591,Customer 0592,Commercial,India,High,0,12027.3,0.0,0.0,0.0,0.0,0.0,0.0,28,206124.86000000002,13,28,0,0,0.4642857142857143,32.0,Moderate
CUST10592,Customer 0593,Consumer,Mexico,Low,0,11014.63,2.0,0.0,16954.93,43.0,1.0,2.0,27,297472.92,15,27,0,0,0.5555555555555556,25.0,Low
CUST10593,Customer 0594,Small Business,United States,Low,0,31068.18,2.0,0.0,63807.11,56.0,2.0,2.0,23,314299.83,11,23,0,1,0.4782608695652174,40.0,Moderate
CUST10594,Customer 0595,Consumer,China,Low,1,7895.04,2.0,1.0,199978.54,65.0,2.0,2.0,25,324442.6,11,25,0,1,0.44,57.0,Moderate
CUST10595,Customer 0596,Commercial,United Arab Emirates,Low,0,27043.05,1.0,0.0,5504.07,57.0,1.0,1.0,25,397025.93,9,24,0,0,0.36,21.0,Low
CUST10596,Customer 0597,Small Business,United States,Low,0,6305.73,0.0,0.0,0.0,0.0,0.0,0.0,30,314816.63,14,30,0,0,0.4666666666666667,17.0,Low
CUST10597,Customer 0598,Consumer,United Arab Emirates,Low,0,5357.27,0.0,0.0,0.0,0.0,0.0,0.0,31,361642.49,12,31,0,0,0.3870967741935484,17.0,Low
CUST10598,Customer 0599,Consumer,United States,Low,0,9085.98,2.0,0.0,65110.06,60.5,1.0,1.0,23,253829.94,12,23,0,0,0.5217391304347826,25.0,Low
CUST10599,Customer 0600,Consumer,United States,High,0,8354.82,0.0,0.0,0.0,0.0,0.0,0.0,25,269612.39,11,25,0,0,0.44,32.0,Moderate
CUST10600,Customer 0601,Small Business,United States,Medium,0,11749.69,1.0,0.0,25837.92,80.0,1.0,1.0,21,252719.64,8,21,0,0,0.38095238095238093,28.0,Low
CUST10601,Customer 0602,Consumer,China,Medium,0,6897.54,3.0,0.0,323006.47000000003,49.666666666666664,1.0,2.0,26,188087.12,10,26,1,0,0.38461538461538464,46.0,Moderate
CUST10602,Customer 0603,Small Business,Nigeria,Medium,0,18202.87,2.0,2.0,15183.16,72.5,1.0,2.0,27,269629.92,11,27,0,0,0.4074074074074074,42.0,Moderate
CUST10603,Customer 0604,Small Business,United Arab Emirates,Low,0,3171.3,2.0,1.0,22704.449999999997,66.0,1.0,1.0,26,346246.02999999997,13,26,0,0,0.5,30.0,Moderate
CUST10604,Customer 0605,Consumer,Russia,Medium,0,4386.11,0.0,0.0,0.0,0.0,0.0,0.0,20,225040.25,10,20,0,0,0.5,24.0,Low
CUST10605,Customer 0606,Commercial,United States,Medium,0,15892.78,0.0,0.0,0.0,0.0,0.0,0.0,26,270069.99,12,26,0,0,0.46153846153846156,24.0,Low
CUST10606,Customer 0607,Small Business,Mexico,Low,0,6351.82,1.0,0.0,6450.04,52.0,1.0,1.0,26,349793.82999999996,8,26,0,0,0.3076923076923077,21.0,Low
CUST10607,Customer 0608,Small Business,United States,Low,0,10385.74,0.0,0.0,0.0,0.0,0.0,0.0,14,143617.05000000002,5,14,0,0,0.35714285714285715,17.0,Low
CUST10608,Customer 0609,Small Business,Turkey,Low,0,12295.28,0.0,0.0,0.0,0.0,0.0,0.0,22,195939.88,9,22,0,0,0.4090909090909091,17.0,Low
CUST10609,Customer 0610,Consumer,United States,Low,0,28380.37,0.0,0.0,0.0,0.0,0.0,0.0,23,204454.12,10,22,0,0,0.43478260869565216,17.0,Low
CUST10610,Customer 0611,Consumer,United Arab Emirates,Low,0,15655.67,2.0,1.0,67606.59,64.0,1.0,2.0,27,552802.3099999999,10,27,0,0,0.37037037037037035,30.0,Moderate
CUST10611,Customer 0612,Consumer,Canada,Low,0,2525.57,2.0,1.0,24449.52,55.0,2.0,2.0,24,232457.55,11,24,0,1,0.4583333333333333,45.0,Moderate
CUST10612,Customer 0613,Small Business,Turkey,Low,0,23489.85,3.0,1.0,256649.66999999998,56.0,1.0,2.0,34,319496.57,15,34,1,0,0.4411764705882353,44.0,Moderate
CUST10613,Customer 0614,Commercial,China,Low,0,23917.97,2.0,0.0,118232.33,35.5,2.0,2.0,25,296426.19,10,25,0,1,0.4,40.0,Moderate
CUST10614,Customer 0615,Small Business,United States,Low,0,6913.84,2.0,1.0,81697.19,56.0,1.0,2.0,26,307684.14,8,26,0,0,0.3076923076923077,30.0,Moderate
CUST10615,Customer 0616,Consumer,United Arab Emirates,Low,0,6529.24,0.0,0.0,0.0,0.0,0.0,0.0,26,237733.18,15,26,0,0,0.5769230769230769,17.0,Low
CUST10616,Customer 0617,Small Business,United Arab Emirates,High,0,27347.68,1.0,1.0,94616.43,42.0,1.0,1.0,18,203959.74,7,17,0,0,0.3888888888888889,41.0,Moderate
CUST10617,Customer 0618,Small Business,United States,Low,0,31313.57,3.0,2.0,168491.56,77.66666666666667,2.0,3.0,32,267091.15,13,31,1,1,0.40625,64.0,High
CUST10618,Customer 0619,Small Business,United States,Medium,0,6917.47,2.0,1.0,39518.45,59.0,2.0,2.0,22,205491.82,8,22,0,1,0.36363636363636365,52.0,Moderate
CUST10619,Customer 0620,Commercial,United States,Low,0,980.82,0.0,0.0,0.0,0.0,0.0,0.0,24,368341.87,7,24,0,0,0.2916666666666667,16.7,Low
CUST10620,Customer 0621,Consumer,Nigeria,Medium,0,4779.21,0.0,0.0,0.0,0.0,0.0,0.0,29,246931.74,10,29,0,0,0.3448275862068966,24.0,Low
CUST10621,Customer 0622,Small Business,United States,Medium,0,32621.13,2.0,1.0,136828.18,49.0,1.0,2.0,21,275912.91,9,21,0,0,0.42857142857142855,37.0,Moderate
CUST10622,Customer 0623,Commercial,United States,High,0,1557.23,3.0,1.0,82562.19,50.0,2.0,3.0,30,422689.39,12,30,1,1,0.4,74.0,High
CUST10623,Customer 0624,Small Business,United States,Medium,0,8501.89,3.0,0.0,226795.65,54.666666666666664,2.0,2.0,22,173417.04,4,22,1,1,0.18181818181818182,56.3,Moderate
CUST10624,Customer 0625,Consumer,United States,Medium,0,20919.27,3.0,3.0,38118.57,71.33333333333333,2.0,3.0,31,440776.96,9,31,1,1,0.2903225806451613,75.6,High
CUST10625,Customer 0626,Consumer,United States,Low,0,3772.83,1.0,1.0,17946.37,62.0,1.0,1.0,24,465624.24,13,24,0,0,0.5416666666666666,26.0,Low
CUST10626,Customer 0627,Small Business,United Arab Emirates,Low,0,16917.16,1.0,1.0,13074.72,71.0,1.0,1.0,18,294449.49,6,18,0,0,0.3333333333333333,26.0,Low
CUST10627,Customer 0628,Small Business,India,Low,0,10221.97,0.0,0.0,0.0,0.0,0.0,0.0,27,339346.96,12,27,0,0,0.4444444444444444,17.0,Low
CUST10628,Customer 0629,Commercial,United States,Low,0,4703.77,1.0,1.0,112694.24,80.0,1.0,1.0,29,326359.44,16,29,0,0,0.5517241379310345,26.0,Low
CUST10629,Customer 0630,Consumer,United States,Low,0,7972.45,1.0,0.0,11851.62,79.0,1.0,1.0,36,230096.72,18,36,0,0,0.5,21.0,Low
CUST10630,Customer 0631,Consumer,United States,Low,0,7746.04,2.0,0.0,57807.44,28.5,2.0,2.0,33,309066.86,11,33,0,1,0.3333333333333333,40.0,Moderate
CUST10631,Customer 0632,Consumer,United States,Low,0,5528.21,0.0,0.0,0.0,0.0,0.0,0.0,26,222280.59,6,26,0,0,0.23076923076923078,14.2,Low
CUST10632,Customer 0633,Consumer,Turkey,Low,0,5012.66,0.0,0.0,0.0,0.0,0.0,0.0,30,531015.18,7,30,0,0,0.23333333333333334,14.3,Low
CUST10633,Customer 0634,Consumer,Mexico,Low,0,15441.76,1.0,1.0,29185.43,63.0,1.0,1.0,31,255548.65,12,31,0,0,0.3870967741935484,26.0,Low
CUST10634,Customer 0635,Consumer,United States,Low,0,13217.75,6.0,2.0,115415.08,58.0,3.0,5.0,21,251252.86000000002,5,21,1,1,0.23809523809523808,69.5,High
CUST10635,Customer 0636,Small Business,United States,Medium,0,25300.07,2.0,0.0,27165.9,46.0,1.0,1.0,24,283356.33,14,24,0,0,0.5833333333333334,32.0,Moderate
CUST10636,Customer 0637,Consumer,Russia,Low,0,3942.25,1.0,0.0,4348.41,24.0,1.0,1.0,24,199529.86000000002,8,24,0,0,0.3333333333333333,21.0,Low
CUST10637,Customer 0638,Consumer,United States,Low,0,8577.36,4.0,2.0,154624.21,66.25,2.0,3.0,33,386310.69,15,33,1,1,0.45454545454545453,68.0,High
CUST10638,Customer 0639,Consumer,Turkey,Low,0,4989.53,2.0,1.0,17980.25,38.0,1.0,1.0,33,600943.49,14,33,0,0,0.42424242424242425,30.0,Moderate
CUST10639,Customer 0640,Commercial,United States,Low,1,13777.73,0.0,0.0,0.0,0.0,0.0,0.0,20,233136.4,5,20,0,0,0.25,27.0,Low
CUST10640,Customer 0641,Consumer,Turkey,Low,0,55732.46,1.0,0.0,106835.08,49.0,1.0,1.0,24,448185.89999999997,6,24,0,0,0.25,19.0,Low
CUST10641,Customer 0642,Consumer,Canada,Medium,0,9176.56,2.0,1.0,94634.76,31.0,2.0,2.0,22,205721.97,4,22,0,1,0.18181818181818182,47.3,Moderate
CUST10642,Customer 0643,Consumer,Mexico,Medium,0,9576.56,1.0,1.0,37359.77,59.0,1.0,1.0,33,427928.81,14,33,0,0,0.42424242424242425,33.0,Moderate
CUST10643,Customer 0644,Consumer,China,Low,0,8404.04,3.0,2.0,142632.90999999997,49.0,2.0,3.0,25,285990.3,8,25,1,1,0.32,64.0,High
CUST10644,Customer 0645,Consumer,United Kingdom,Low,0,6065.19,1.0,1.0,30809.69,81.0,1.0,1.0,28,245011.31,16,28,0,0,0.5714285714285714,26.0,Low
CUST10645,Customer 0646,Small Business,Mexico,Medium,0,9552.78,2.0,1.0,252737.49,56.0,2.0,2.0,25,340179.66,9,25,0,1,0.36,52.0,Moderate
CUST10646,Customer 0647,Consumer,United States,High,1,6544.24,5.0,5.0,274476.29,75.6,2.0,4.0,20,298574.70999999996,8,20,1,1,0.4,100.0,Critical
CUST10647,Customer 0648,Consumer,China,Low,0,15622.44,0.0,0.0,0.0,0.0,0.0,0.0,23,342320.84,12,23,0,0,0.5217391304347826,17.0,Low
CUST10648,Customer 0649,Consumer,United States,Low,0,7155.26,2.0,0.0,82841.41,53.0,2.0,2.0,21,194546.4,8,21,0,1,0.38095238095238093,40.0,Moderate
CUST10649,Customer 0650,Consumer,United States,Medium,0,57842.48,1.0,1.0,8366.63,39.0,1.0,1.0,27,304381.0,10,27,0,0,0.37037037037037035,33.0,Moderate
CUST10650,Customer 0651,Small Business,China,Medium,0,16973.55,2.0,2.0,70782.61,66.0,1.0,2.0,23,229534.8,10,23,0,0,0.43478260869565216,42.0,Moderate
CUST10651,Customer 0652,Consumer,United Kingdom,Low,0,10376.19,3.0,2.0,137804.69,51.333333333333336,3.0,3.0,24,259855.51,8,24,1,1,0.3333333333333333,64.0,High
CUST10652,Customer 0653,Consumer,India,Low,0,17949.36,3.0,0.0,94241.49999999999,75.66666666666667,3.0,3.0,27,251017.08000000002,10,27,1,1,0.37037037037037035,54.0,Moderate
CUST10653,Customer 0654,Commercial,United States,Low,0,6831.24,1.0,0.0,81896.52,44.0,1.0,1.0,29,289986.76,14,29,0,0,0.4827586206896552,21.0,Low
CUST10654,Customer 0655,Consumer,Turkey,Low,0,7795.19,3.0,0.0,38467.27,61.0,2.0,2.0,26,310131.68,11,26,1,1,0.4230769230769231,54.0,Moderate
CUST10655,Customer 0656,Consumer,United Arab Emirates,Low,0,13100.55,1.0,1.0,14319.98,65.0,1.0,1.0,26,230148.36,12,26,0,0,0.46153846153846156,26.0,Low
CUST10656,Customer 0657,Commercial,United States,Low,0,9568.06,1.0,1.0,18177.62,63.0,1.0,1.0,34,375431.08999999997,12,33,0,0,0.35294117647058826,26.0,Low
CUST10657,Customer 0658,Consumer,Canada,Medium,0,6156.58,2.0,0.0,117785.08000000002,34.5,2.0,2.0,31,314899.33,16,31,0,1,0.5161290322580645,47.0,Moderate
CUST10658,Customer 0659,Consumer,Turkey,Low,0,8040.06,0.0,0.0,0.0,0.0,0.0,0.0,20,241954.07,8,20,0,0,0.4,17.0,Low
CUST10659,Customer 0660,Consumer,China,Low,0,26520.23,3.0,1.0,150525.43000000002,58.666666666666664,2.0,2.0,25,460150.48,11,25,1,1,0.44,59.0,Moderate
CUST10660,Customer 0661,Consumer,United States,Low,0,9864.93,2.0,1.0,361997.14,71.0,2.0,2.0,22,155298.33,11,22,0,1,0.5,45.0,Moderate
CUST10661,Customer 0662,Commercial,United States,Low,0,2832.58,2.0,1.0,98047.1,76.5,2.0,2.0,24,218602.83,11,24,0,1,0.4583333333333333,45.0,Moderate
CUST10662,Customer 0663,Small Business,United States,Medium,0,5453.21,1.0,0.0,24816.28,34.0,1.0,1.0,19,152368.73,5,19,0,0,0.2631578947368421,26.5,Low
CUST10663,Customer 0664,Consumer,Mexico,Low,0,11304.72,1.0,1.0,84004.59,63.0,1.0,1.0,23,170316.79,10,23,0,0,0.43478260869565216,26.0,Low
CUST10664,Customer 0665,Consumer,India,Medium,0,21855.76,2.0,1.0,78235.63,77.5,2.0,2.0,27,347467.61,12,27,0,1,0.4444444444444444,52.0,Moderate
CUST10665,Customer 0666,Commercial,United States,Low,0,25501.28,2.0,1.0,33707.94,45.0,2.0,2.0,23,345418.18,8,23,0,1,0.34782608695652173,45.0,Moderate
CUST10666,Customer 0667,Consumer,China,Low,0,4433.34,2.0,1.0,135490.8,49.5,1.0,2.0,20,216376.45,10,20,0,0,0.5,30.0,Moderate
CUST10667,Customer 0668,Small Business,United States,Medium,0,24146.29,1.0,1.0,23809.85,54.0,1.0,1.0,31,338097.12,14,31,0,0,0.45161290322580644,33.0,Moderate
CUST10668,Customer 0669,Small Business,United States,High,0,3997.64,1.0,0.0,16979.67,84.0,1.0,1.0,34,482710.02,14,34,0,0,0.4117647058823529,36.0,Moderate
CUST10669,Customer 0670,Consumer,United Kingdom,Medium,1,11136.97,1.0,0.0,49431.47,30.0,1.0,1.0,21,171262.93,9,21,0,0,0.42857142857142855,40.0,Moderate
CUST10670,Customer 0671,Consumer,United States,Low,0,16663.66,3.0,0.0,252068.22,42.333333333333336,2.0,3.0,35,316409.7,15,35,1,1,0.42857142857142855,54.0,Moderate
CUST10671,Customer 0672,Small Business,China,Low,0,4170.06,0.0,0.0,0.0,0.0,0.0,0.0,23,137730.6,12,23,0,0,0.5217391304347826,17.0,Low
CUST10672,Customer 0673,Consumer,United States,Medium,0,6134.89,1.0,0.0,16019.19,41.0,1.0,1.0,36,363592.07,21,36,0,0,0.5833333333333334,28.0,Low
CUST10673,Customer 0674,Consumer,United States,Low,0,8099.28,1.0,0.0,12134.89,58.0,1.0,1.0,26,734363.5700000001,9,26,0,0,0.34615384615384615,21.0,Low
CUST10674,Customer 0675,Consumer,Canada,High,0,6299.84,2.0,2.0,49573.56,80.0,2.0,2.0,22,214136.82,8,22,0,1,0.36363636363636365,65.0,High
CUST10675,Customer 0676,Small Business,United States,Medium,0,12858.41,3.0,0.0,85752.97,63.333333333333336,2.0,3.0,28,472825.41000000003,7,28,1,1,0.25,59.0,Moderate
CUST10676,Customer 0677,Consumer,India,Medium,0,20746.37,1.0,1.0,23713.37,83.0,1.0,1.0,19,273875.27999999997,12,19,0,0,0.631578947368421,33.0,Moderate
CUST10677,Customer 0678,Consumer,United States,Low,0,3393.18,4.0,2.0,171358.18,68.5,2.0,4.0,24,298011.83,10,24,1,1,0.4166666666666667,68.0,High
CUST10678,Customer 0679,Small Business,United States,High,0,8771.05,1.0,0.0,32484.76,44.0,1.0,1.0,21,153176.99,9,21,0,0,0.42857142857142855,36.0,Moderate
CUST10679,Customer 0680,Small Business,India,Medium,0,8076.04,1.0,1.0,32116.14,39.0,1.0,1.0,22,229120.11,12,22,0,0,0.5454545454545454,33.0,Moderate
CUST10680,Customer 0681,Small Business,United States,High,0,9898.72,0.0,0.0,0.0,0.0,0.0,0.0,23,292450.67,12,23,0,0,0.5217391304347826,32.0,Moderate
CUST10681,Customer 0682,Consumer,United States,Low,1,17541.59,1.0,1.0,57456.52,55.0,1.0,1.0,21,187451.41,7,21,0,0,0.3333333333333333,38.0,Moderate
CUST10682,Customer 0683,Consumer,United States,Medium,0,20742.49,0.0,0.0,0.0,0.0,0.0,0.0,18,185500.0,4,18,0,0,0.2222222222222222,20.9,Low
CUST10683,Customer 0684,Consumer,United States,High,0,15590.8,0.0,0.0,0.0,0.0,0.0,0.0,29,301680.12,11,28,0,0,0.3793103448275862,32.0,Moderate
CUST10684,Customer 0685,Consumer,India,Low,0,5441.34,0.0,0.0,0.0,0.0,0.0,0.0,19,144541.74,8,19,0,0,0.42105263157894735,17.0,Low
CUST10685,Customer 0686,Consumer,United States,Low,0,1192.55,3.0,0.0,104896.18,53.333333333333336,2.0,3.0,19,177845.71,10,19,1,1,0.5263157894736842,54.0,Moderate
CUST10686,Customer 0687,Consumer,Nigeria,Medium,0,7677.15,2.0,0.0,46277.91,45.0,2.0,2.0,22,349585.11,10,22,0,1,0.45454545454545453,47.0,Moderate
CUST10687,Customer 0688,Consumer,Russia,Low,0,10657.83,0.0,0.0,0.0,0.0,0.0,0.0,34,296209.18,16,34,0,0,0.47058823529411764,17.0,Low
CUST10688,Customer 0689,Small Business,Mexico,Medium,0,50677.95,4.0,2.0,112712.85,71.5,4.0,4.0,31,383646.42,12,31,1,1,0.3870967741935484,75.0,High
CUST10689,Customer 0690,Consumer,Canada,Low,0,8057.04,3.0,0.0,121479.98999999999,63.0,2.0,2.0,28,236889.74,14,28,1,1,0.5,54.0,Moderate
CUST10690,Customer 0691,Consumer,United States,Low,0,23674.45,1.0,0.0,18379.98,76.0,1.0,1.0,17,143410.83,8,16,0,0,0.47058823529411764,21.0,Low
CUST10691,Customer 0692,Consumer,United States,Medium,0,5641.93,0.0,0.0,0.0,0.0,0.0,0.0,27,456451.12,11,27,0,0,0.4074074074074074,24.0,Low
CUST10692,Customer 0693,Small Business,United States,Low,0,24756.23,1.0,1.0,77707.1,68.0,1.0,1.0,25,420612.02,11,25,0,0,0.44,26.0,Low
CUST10693,Customer 0694,Consumer,United States,Low,0,7849.52,2.0,0.0,20483.23,73.0,2.0,2.0,26,269501.04,12,26,0,1,0.46153846153846156,40.0,Moderate
CUST10694,Customer 0695,Consumer,United States,Low,0,28319.91,1.0,1.0,8188.05,67.0,1.0,1.0,21,367824.83,6,21,0,0,0.2857142857142857,25.4,Low
CUST10695,Customer 0696,Consumer,United Arab Emirates,Medium,0,44405.64,4.0,2.0,71713.14,58.25,2.0,4.0,24,288711.75,12,24,1,1,0.5,75.0,High
CUST10696,Customer 0697,Consumer,United States,Low,0,6171.71,1.0,0.0,4825.89,37.0,1.0,1.0,27,356253.42,9,27,0,0,0.3333333333333333,21.0,Low
CUST10697,Customer 0698,Consumer,Mexico,Low,0,29689.98,0.0,0.0,0.0,0.0,0.0,0.0,22,271604.09,9,22,0,0,0.4090909090909091,17.0,Low
CUST10698,Customer 0699,Consumer,Russia,Medium,0,7843.34,1.0,0.0,70907.14,64.0,1.0,1.0,39,418583.92,13,39,0,0,0.3333333333333333,28.0,Low
CUST10699,Customer 0700,Consumer,United States,High,0,33184.35,0.0,0.0,0.0,0.0,0.0,0.0,34,500420.89,12,34,0,0,0.35294117647058826,32.0,Moderate
CUST10700,Customer 0701,Consumer,United States,Medium,0,3538.21,1.0,0.0,174830.45,82.0,1.0,1.0,15,142975.37,7,15,0,0,0.4666666666666667,28.0,Low
CUST10701,Customer 0702,Consumer,China,Low,0,7148.25,1.0,0.0,8095.73,34.0,1.0,1.0,30,241110.34,3,30,0,0,0.1,13.0,Low
CUST10702,Customer 0703,Consumer,United States,Low,0,4844.13,2.0,1.0,53739.86,70.5,2.0,2.0,27,291739.52,13,27,0,1,0.48148148148148145,45.0,Moderate
CUST10703,Customer 0704,Consumer,Canada,High,0,15274.28,0.0,0.0,0.0,0.0,0.0,0.0,29,525088.2899999999,12,29,0,0,0.41379310344827586,32.0,Moderate
CUST10704,Customer 0705,Consumer,United Kingdom,Low,0,4099.66,1.0,0.0,14923.03,41.0,1.0,1.0,14,159477.91,6,14,0,0,0.42857142857142855,21.0,Low
CUST10705,Customer 0706,Consumer,United States,Low,0,3876.96,1.0,0.0,49171.04,52.0,1.0,1.0,28,323696.33,10,28,0,0,0.35714285714285715,21.0,Low
CUST10706,Customer 0707,Consumer,United States,Low,0,3305.84,2.0,1.0,72460.42,46.5,2.0,2.0,21,304238.59,12,21,0,1,0.5714285714285714,45.0,Moderate
CUST10707,Customer 0708,Small Business,United States,Low,0,39089.95,0.0,0.0,0.0,0.0,0.0,0.0,34,625018.18,14,34,0,0,0.4117647058823529,17.0,Low
CUST10708,Customer 0709,Consumer,United States,Low,0,9188.69,3.0,2.0,171020.3,62.0,2.0,2.0,22,322853.38,9,22,1,1,0.4090909090909091,64.0,High
CUST10709,Customer 0710,Small Business,Nigeria,Low,0,11842.92,3.0,1.0,109820.4,68.33333333333333,2.0,3.0,20,178008.5,6,20,1,1,0.3,59.0,Moderate
CUST10710,Customer 0711,Consumer,United Arab Emirates,Low,0,26697.02,1.0,0.0,58803.29,63.0,1.0,1.0,21,134887.57,10,21,0,0,0.47619047619047616,21.0,Low
CUST10711,Customer 0712,Consumer,United Arab Emirates,Medium,1,10197.86,2.0,1.0,87723.52,64.0,2.0,2.0,34,391982.89999999997,15,34,0,1,0.4411764705882353,64.0,High
CUST10712,Customer 0713,Consumer,Canada,Medium,0,13321.12,2.0,2.0,14358.29,73.5,2.0,2.0,26,247255.9,11,26,0,1,0.4230769230769231,57.0,Moderate
CUST10713,Customer 0714,Consumer,Turkey,Medium,0,11263.6,1.0,0.0,20554.64,46.0,1.0,1.0,23,239826.22,10,23,0,0,0.43478260869565216,28.0,Low
CUST10714,Customer 0715,Consumer,Nigeria,Medium,0,4062.28,4.0,2.0,91890.05,50.5,3.0,4.0,24,176655.23,13,24,1,1,0.5416666666666666,75.0,High
CUST10715,Customer 0716,Small Business,China,Low,0,10872.08,0.0,0.0,0.0,0.0,0.0,0.0,25,277698.94,9,25,0,0,0.36,17.0,Low
CUST10716,Customer 0717,Consumer,United States,Low,0,5394.93,2.0,0.0,213164.9,57.5,2.0,2.0,27,332757.38,12,27,0,1,0.4444444444444444,40.0,Moderate
CUST10717,Customer 0718,Small Business,United States,High,0,7868.24,2.0,1.0,33223.55,68.5,2.0,2.0,24,348324.73,11,24,0,1,0.4583333333333333,60.0,High
CUST10718,Customer 0719,Consumer,Mexico,Low,0,6622.69,2.0,1.0,40162.89,67.5,2.0,2.0,34,417807.64,13,34,0,1,0.38235294117647056,45.0,Moderate
CUST10719,Customer 0720,Consumer,United States,Low,0,112178.38,0.0,0.0,0.0,0.0,0.0,0.0,30,290125.05,14,30,0,0,0.4666666666666667,17.0,Low
CUST10720,Customer 0721,Consumer,United States,High,0,29513.97,0.0,0.0,0.0,0.0,0.0,0.0,23,260846.1,9,23,0,0,0.391304347826087,32.0,Moderate
CUST10721,Customer 0722,Small Business,United States,Low,0,8965.03,1.0,0.0,9909.85,95.0,1.0,1.0,20,356175.72,5,20,0,0,0.25,19.0,Low
CUST10722,Customer 0723,Consumer,United States,Low,0,3979.55,0.0,0.0,0.0,0.0,0.0,0.0,22,330394.02999999997,5,22,0,0,0.22727272727272727,14.1,Low
CUST10723,Customer 0724,Consumer,United States,Medium,0,36767.27,1.0,1.0,23352.59,63.0,1.0,1.0,23,302869.89,10,23,0,0,0.43478260869565216,33.0,Moderate
CUST10724,Customer 0725,Consumer,United States,Low,0,23654.81,2.0,1.0,82771.62,53.0,1.0,2.0,26,312570.46,14,26,0,0,0.5384615384615384,30.0,Moderate
CUST10725,Customer 0726,Consumer,United States,Medium,0,14984.0,4.0,0.0,399182.81,54.25,3.0,3.0,25,352574.20999999996,12,25,1,1,0.48,65.0,High
CUST10726,Customer 0727,Small Business,United States,Low,0,41475.83,3.0,1.0,270677.02,51.666666666666664,2.0,2.0,22,145623.99,8,22,1,1,0.36363636363636365,59.0,Moderate
CUST10727,Customer 0728,Consumer,India,Low,0,2779.55,2.0,1.0,147776.97999999998,72.0,2.0,2.0,18,168772.55,9,18,0,1,0.5,45.0,Moderate
CUST10728,Customer 0729,Small Business,United States,Medium,0,5051.44,2.0,1.0,56475.34,41.0,2.0,2.0,23,289832.24,13,23,0,1,0.5652173913043478,52.0,Moderate
CUST10729,Customer 0730,Consumer,United States,High,0,24592.2,1.0,1.0,19387.43,89.0,1.0,1.0,25,159971.01,7,25,0,0,0.28,40.2,Moderate
CUST10730,Customer 0731,Small Business,United Arab Emirates,Low,0,2599.8,0.0,0.0,0.0,0.0,0.0,0.0,14,108050.14,3,14,0,0,0.21428571428571427,13.6,Low
CUST10731,Customer 0732,Consumer,Turkey,Low,0,12029.54,0.0,0.0,0.0,0.0,0.0,0.0,19,167603.62,7,19,0,0,0.3684210526315789,17.0,Low
CUST10732,Customer 0733,Consumer,United States,Medium,0,4721.76,4.0,2.0,190172.25,43.25,3.0,4.0,31,309387.83,11,31,1,1,0.3548387096774194,75.0,High
CUST10733,Customer 0734,Small Business,United States,High,0,10877.82,4.0,0.0,93500.12000000001,45.0,3.0,4.0,31,541285.97,16,31,1,1,0.5161290322580645,73.0,High
CUST10734,Customer 0735,Commercial,Russia,Medium,0,8722.5,2.0,1.0,108467.5,49.0,1.0,1.0,14,180360.94,3,14,0,0,0.21428571428571427,33.6,Moderate
CUST10735,Customer 0736,Consumer,United States,Low,0,6640.46,2.0,1.0,100897.35,64.0,2.0,2.0,29,296267.76,13,29,0,1,0.4482758620689655,45.0,Moderate
CUST10736,Customer 0737,Consumer,United States,Low,0,11496.71,1.0,1.0,94981.09,99.0,1.0,1.0,21,286015.1,9,21,0,0,0.42857142857142855,26.0,Low
CUST10737,Customer 0738,Commercial,India,High,0,7721.81,1.0,1.0,17650.81,36.0,1.0,1.0,28,330063.36,11,28,0,0,0.39285714285714285,41.0,Moderate
CUST10738,Customer 0739,Consumer,United States,Low,0,15816.78,2.0,0.0,37212.57,51.0,1.0,2.0,28,290315.83,11,28,0,0,0.39285714285714285,25.0,Low
CUST10739,Customer 0740,Small Business,United States,Low,1,16476.48,4.0,1.0,118569.55,55.25,3.0,3.0,34,371837.54,14,33,1,1,0.4117647058823529,75.0,High
CUST10740,Customer 0741,Small Business,India,Low,0,22114.56,3.0,0.0,180904.86,53.666666666666664,3.0,3.0,25,188025.86000000002,8,25,1,1,0.32,54.0,Moderate
CUST10741,Customer 0742,Small Business,United States,High,0,2852.33,5.0,3.0,201071.87,54.8,4.0,5.0,28,271093.6,18,28,1,1,0.6428571428571429,92.0,Critical
CUST10742,Customer 0743,Small Business,Russia,Medium,0,18106.25,3.0,2.0,132984.78,68.0,3.0,3.0,30,318767.91,11,30,1,1,0.36666666666666664,71.0,High
CUST10743,Customer 0744,Consumer,India,High,0,3836.64,0.0,0.0,0.0,0.0,0.0,0.0,22,358139.81,11,22,0,0,0.5,32.0,Moderate
CUST10744,Customer 0745,Consumer,Nigeria,High,0,31459.93,1.0,1.0,28199.79,65.0,1.0,1.0,19,459989.56000000006,9,19,0,0,0.47368421052631576,41.0,Moderate
CUST10745,Customer 0746,Small Business,United States,Low,0,3895.22,0.0,0.0,0.0,0.0,0.0,0.0,16,181474.84,6,16,0,0,0.375,17.0,Low
CUST10746,Customer 0747,Consumer,Russia,High,1,2806.1,1.0,0.0,20194.58,77.0,1.0,1.0,24,434598.08,9,24,0,0,0.375,48.0,Moderate
CUST10747,Customer 0748,Small Business,Canada,High,0,11966.24,3.0,2.0,64543.880000000005,60.333333333333336,3.0,3.0,24,231939.54,8,24,1,1,0.3333333333333333,79.0,High
CUST10748,Customer 0749,Consumer,India,Low,0,1885.86,1.0,0.0,75337.02,76.0,1.0,1.0,33,269962.62,12,33,0,0,0.36363636363636365,21.0,Low
CUST10749,Customer 0750,Consumer,India,Low,0,13317.7,3.0,1.0,119547.40000000001,54.666666666666664,2.0,3.0,25,218237.27,7,25,1,1,0.28,58.2,Moderate
CUST10750,Customer 0751,Small Business,Turkey,Low,0,9215.81,3.0,2.0,110051.04999999999,49.0,3.0,3.0,26,228085.86000000002,17,26,1,1,0.6538461538461539,64.0,High
CUST10751,Customer 0752,Commercial,United Arab Emirates,Medium,0,26025.88,0.0,0.0,0.0,0.0,0.0,0.0,22,389908.68,9,22,0,0,0.4090909090909091,24.0,Low
CUST10752,Customer 0753,Consumer,United States,Low,0,2917.45,0.0,0.0,0.0,0.0,0.0,0.0,25,191057.96,6,25,0,0,0.24,14.6,Low
CUST10753,Customer 0754,Consumer,Russia,Low,0,138878.42,0.0,0.0,0.0,0.0,0.0,0.0,23,318450.11,15,23,0,0,0.6521739130434783,17.0,Low
CUST10754,Customer 0755,Consumer,United Kingdom,Medium,0,13729.02,1.0,0.0,17389.49,42.0,1.0,1.0,27,291113.12,12,27,0,0,0.4444444444444444,28.0,Low
CUST10755,Customer 0756,Consumer,United States,Medium,1,31724.74,1.0,0.0,20028.52,82.0,1.0,1.0,31,235033.19,12,31,0,0,0.3870967741935484,40.0,Moderate
CUST10756,Customer 0757,Consumer,United States,Medium,0,3097.78,2.0,1.0,91470.68,74.0,2.0,2.0,20,213220.15,6,20,0,1,0.3,52.0,Moderate
CUST10757,Customer 0758,Small Business,United States,Low,0,40556.17,3.0,1.0,56571.270000000004,57.0,3.0,3.0,25,252790.27,12,25,1,1,0.48,59.0,Moderate
CUST10758,Customer 0759,Small Business,United States,Low,0,18633.13,2.0,1.0,56091.479999999996,70.0,2.0,2.0,19,375709.79,6,19,0,1,0.3157894736842105,45.0,Moderate
CUST10759,Customer 0760,Consumer,Russia,High,0,4809.29,2.0,1.0,138777.85,71.0,2.0,2.0,33,279937.44,13,33,0,1,0.3939393939393939,60.0,High
CUST10760,Customer 0761,Small Business,United States,Medium,0,6585.5,1.0,1.0,33844.34,74.0,1.0,1.0,19,171062.74,6,19,0,0,0.3157894736842105,33.0,Moderate
CUST10761,Customer 0762,Consumer,United States,Low,0,6518.68,0.0,0.0,0.0,0.0,0.0,0.0,31,538027.2999999999,15,30,0,0,0.4838709677419355,17.0,Low
CUST10762,Customer 0763,Consumer,United States,Low,0,18458.46,0.0,0.0,0.0,0.0,0.0,0.0,33,252847.61,11,33,0,0,0.3333333333333333,17.0,Low
CUST10763,Customer 0764,Commercial,United States,Medium,0,4592.23,1.0,0.0,106947.18,25.0,1.0,1.0,19,264419.95,12,19,0,0,0.631578947368421,28.0,Low
CUST10764,Customer 0765,Commercial,United States,Low,0,22496.65,2.0,0.0,150342.02,50.0,2.0,2.0,24,198158.92,8,24,0,1,0.3333333333333333,40.0,Moderate
CUST10765,Customer 0766,Consumer,India,Medium,0,3750.92,2.0,2.0,23997.02,50.0,2.0,2.0,30,447921.51,11,30,0,1,0.36666666666666664,57.0,Moderate
CUST10766,Customer 0767,Small Business,Turkey,Low,0,4214.37,2.0,2.0,212204.99,84.0,2.0,2.0,21,238246.81,8,20,0,1,0.38095238095238093,50.0,Moderate
CUST10767,Customer 0768,Consumer,United States,Low,0,8284.56,1.0,0.0,16875.52,33.0,1.0,1.0,20,230688.14,6,20,0,0,0.3,21.0,Low
CUST10768,Customer 0769,Consumer,Russia,Low,0,3388.25,2.0,1.0,212826.43,63.5,1.0,1.0,15,157682.75,8,14,0,0,0.5333333333333333,30.0,Moderate
CUST10769,Customer 0770,Small Business,Turkey,Low,0,18473.12,0.0,0.0,0.0,0.0,0.0,0.0,36,376108.87,11,36,0,0,0.3055555555555556,17.0,Low
CUST10770,Customer 0771,Small Business,United States,High,0,22794.06,1.0,1.0,199249.19,58.0,1.0,1.0,29,309208.67,19,29,0,0,0.6551724137931034,41.0,Moderate
CUST10771,Customer 0772,Consumer,United States,Low,0,9723.2,3.0,0.0,59917.57,56.0,3.0,3.0,33,420853.9,15,33,1,1,0.45454545454545453,54.0,Moderate
CUST10772,Customer 0773,Consumer,United States,Low,0,8093.66,2.0,0.0,153110.82,63.5,2.0,2.0,18,192922.96,8,18,0,1,0.4444444444444444,40.0,Moderate
CUST10773,Customer 0774,Small Business,United States,High,0,10234.2,2.0,1.0,113798.31,68.0,1.0,2.0,19,169659.16999999998,10,19,0,0,0.5263157894736842,45.0,Moderate
CUST10774,Customer 0775,Consumer,Turkey,Low,0,17197.7,2.0,1.0,29535.72,69.5,1.0,1.0,26,261025.44,7,26,0,0,0.2692307692307692,28.8,Low
CUST10775,Customer 0776,Consumer,United States,Low,0,1212.85,1.0,0.0,27114.54,59.0,1.0,1.0,19,178207.41999999998,12,19,0,0,0.631578947368421,21.0,Low
CUST10776,Customer 0777,Consumer,United States,Low,0,63046.91,1.0,0.0,8472.09,31.0,1.0,1.0,25,208984.92,9,25,0,0,0.36,21.0,Low
CUST10777,Customer 0778,Commercial,Turkey,Low,0,17015.15,0.0,0.0,0.0,0.0,0.0,0.0,22,391628.77,10,22,0,0,0.45454545454545453,17.0,Low
CUST10778,Customer 0779,Consumer,United States,Medium,0,7953.32,1.0,0.0,44711.23,68.0,1.0,1.0,26,216217.07,9,26,0,0,0.34615384615384615,28.0,Low
CUST10779,Customer 0780,Consumer,China,Medium,0,5234.34,1.0,0.0,60980.62,17.0,1.0,1.0,27,371322.18,10,27,0,0,0.37037037037037035,28.0,Low
CUST10780,Customer 0781,Consumer,United States,Low,0,2503.85,2.0,0.0,171760.6,63.5,1.0,1.0,19,244681.1,8,19,0,0,0.42105263157894735,25.0,Low
CUST10781,Customer 0782,Consumer,Turkey,Low,0,4320.53,2.0,0.0,80741.43000000001,64.0,2.0,2.0,28,199440.87,11,28,0,1,0.39285714285714285,40.0,Moderate
CUST10782,Customer 0783,Small Business,United States,Low,0,33459.06,2.0,1.0,116878.53,54.5,2.0,2.0,26,315262.37,11,26,0,1,0.4230769230769231,45.0,Moderate
CUST10783,Customer 0784,Commercial,United States,Low,0,1308.76,2.0,0.0,87558.7,64.0,2.0,2.0,15,174104.68,6,15,0,1,0.4,40.0,Moderate
CUST10784,Customer 0785,Consumer,Nigeria,Low,0,7963.26,2.0,0.0,43410.04,46.0,2.0,2.0,18,167571.9,6,18,0,1,0.3333333333333333,40.0,Moderate
CUST10785,Customer 0786,Small Business,Mexico,Medium,0,59804.22,0.0,0.0,0.0,0.0,0.0,0.0,28,440978.01,12,28,0,0,0.42857142857142855,24.0,Low
CUST10786,Customer 0787,Consumer,India,High,0,11289.9,3.0,1.0,69370.28,45.0,2.0,2.0,24,346835.39,7,24,1,1,0.2916666666666667,73.7,High
CUST10787,Customer 0788,Consumer,United States,Medium,0,27997.58,5.0,4.0,216921.9,70.2,4.0,4.0,39,569803.11,15,39,1,1,0.38461538461538464,84.0,Critical
CUST10788,Customer 0789,Small Business,United States,Medium,0,38832.1,1.0,1.0,31011.54,63.0,1.0,1.0,22,272148.25,12,22,0,0,0.5454545454545454,33.0,Moderate
CUST10789,Customer 0790,Small Business,United States,Low,0,16405.41,2.0,1.0,115194.43000000001,76.0,2.0,2.0,31,343739.39,12,31,0,1,0.3870967741935484,45.0,Moderate
CUST10790,Customer 0791,Consumer,United States,Low,0,101058.14,3.0,1.0,71827.78,62.0,2.0,3.0,21,192231.64,10,21,1,1,0.47619047619047616,59.0,Moderate
CUST10791,Customer 0792,Consumer,Mexico,Low,0,6284.06,0.0,0.0,0.0,0.0,0.0,0.0,25,265013.6,10,25,0,0,0.4,17.0,Low
CUST10792,Customer 0793,Consumer,United States,Medium,0,12748.11,0.0,0.0,0.0,0.0,0.0,0.0,25,233313.1,10,25,0,0,0.4,24.0,Low
CUST10793,Customer 0794,Consumer,Mexico,Medium,1,22687.62,2.0,1.0,77052.02,70.0,2.0,2.0,31,294238.69,14,31,0,1,0.45161290322580644,64.0,High
CUST10794,Customer 0795,Consumer,United States,High,1,5896.09,0.0,0.0,0.0,0.0,0.0,0.0,26,326349.56,9,26,0,0,0.34615384615384615,44.0,Moderate
CUST10795,Customer 0796,Consumer,China,Medium,0,18482.11,2.0,0.0,60734.34,40.5,1.0,2.0,20,172336.03,6,20,0,0,0.3,32.0,Moderate
CUST10796,Customer 0797,Commercial,United States,High,0,22156.27,1.0,1.0,60534.92,33.0,1.0,1.0,26,413226.93,14,26,0,0,0.5384615384615384,41.0,Moderate
CUST10797,Customer 0798,Consumer,United States,Low,0,5887.72,0.0,0.0,0.0,0.0,0.0,0.0,29,419913.42,9,29,0,0,0.3103448275862069,17.0,Low
CUST10798,Customer 0799,Consumer,Turkey,Medium,0,30139.87,2.0,1.0,86807.35999999999,58.5,1.0,2.0,33,420016.18,8,33,0,0,0.24242424242424243,34.7,Moderate
CUST10799,Customer 0800,Consumer,United States,High,0,6536.39,3.0,1.0,162590.25,59.666666666666664,3.0,3.0,34,342246.7,12,34,1,1,0.35294117647058826,74.0,High
CUST10800,Customer 0801,Small Business,United States,High,0,5616.82,1.0,1.0,25234.09,54.0,1.0,1.0,23,247133.5,9,23,0,0,0.391304347826087,41.0,Moderate
CUST10801,Customer 0802,Consumer,United States,High,0,34052.84,4.0,0.0,176708.31,46.25,4.0,4.0,24,199051.24,5,24,1,1,0.20833333333333334,69.3,High
CUST10802,Customer 0803,Consumer,United States,Low,1,2044.35,1.0,1.0,23978.82,62.0,1.0,1.0,19,144927.85,8,19,0,0,0.42105263157894735,38.0,Moderate
CUST10803,Customer 0804,Consumer,Turkey,Low,0,18824.33,1.0,1.0,17318.42,66.0,1.0,1.0,27,353915.69,10,27,0,0,0.37037037037037035,26.0,Low
CUST10804,Customer 0805,Commercial,United Kingdom,Medium,0,5201.98,1.0,0.0,35350.09,56.0,1.0,1.0,28,412936.65,18,28,0,0,0.6428571428571429,28.0,Low
CUST10805,Customer 0806,Small Business,United Arab Emirates,Medium,0,5206.42,4.0,3.0,228453.40000000002,64.5,2.0,4.0,35,520624.31,18,35,1,1,0.5142857142857142,80.0,Critical
CUST10806,Customer 0807,Commercial,United States,Low,1,58257.0,1.0,1.0,64574.55,67.0,1.0,1.0,24,257950.61000000002,11,24,0,0,0.4583333333333333,38.0,Moderate
CUST10807,Customer 0808,Consumer,United States,Low,0,35778.91,4.0,0.0,353090.31,69.5,3.0,4.0,27,291840.24,14,27,1,1,0.5185185185185185,58.0,Moderate
CUST10808,Customer 0809,Consumer,United Arab Emirates,High,0,19545.22,0.0,0.0,0.0,0.0,0.0,0.0,30,244997.68,8,29,0,0,0.26666666666666666,30.7,Moderate
CUST10809,Customer 0810,Consumer,Turkey,Medium,0,7443.37,1.0,1.0,24262.34,54.0,1.0,1.0,25,246264.30000000002,14,25,0,0,0.56,33.0,Moderate
CUST10810,Customer 0811,Consumer,United States,Medium,0,44155.56,0.0,0.0,0.0,0.0,0.0,0.0,30,263063.61,13,30,0,0,0.43333333333333335,24.0,Low
CUST10811,Customer 0812,Consumer,Turkey,Medium,0,2483.28,1.0,0.0,76184.74,40.0,1.0,1.0,33,408701.99,15,33,0,0,0.45454545454545453,28.0,Low
CUST10812,Customer 0813,Small Business,United States,Medium,0,24223.08,1.0,0.0,51526.72,29.0,1.0,1.0,31,442975.69,7,31,0,0,0.22580645161290322,25.0,Low
CUST10813,Customer 0814,Consumer,United Kingdom,Low,0,8309.3,0.0,0.0,0.0,0.0,0.0,0.0,20,362940.87,9,19,0,0,0.45,17.0,Low
CUST10814,Customer 0815,Consumer,United States,Low,0,2230.61,1.0,1.0,28329.8,57.0,1.0,1.0,27,346936.41,15,27,0,0,0.5555555555555556,26.0,Low
CUST10815,Customer 0816,Consumer,United States,Low,0,15487.41,1.0,0.0,25699.91,47.0,1.0,1.0,24,348520.0,12,24,0,0,0.5,21.0,Low
CUST10816,Customer 0817,Consumer,United States,Medium,0,6902.91,1.0,1.0,54174.9,61.0,1.0,1.0,25,279781.15,10,25,0,0,0.4,33.0,Moderate
CUST10817,Customer 0818,Consumer,United States,Low,0,9240.0,3.0,1.0,29698.53,67.33333333333333,2.0,3.0,17,153580.58,10,17,1,1,0.5882352941176471,59.0,Moderate
CUST10818,Customer 0819,Consumer,Canada,Low,0,31214.31,0.0,0.0,0.0,0.0,0.0,0.0,16,147454.52,3,16,0,0,0.1875,12.5,Low
CUST10819,Customer 0820,Commercial,Mexico,Low,0,54895.83,0.0,0.0,0.0,0.0,0.0,0.0,23,222047.3,9,23,0,0,0.391304347826087,17.0,Low
CUST10820,Customer 0821,Commercial,India,Low,0,6422.53,2.0,1.0,52670.83,53.5,2.0,2.0,20,183869.75,8,20,0,1,0.4,45.0,Moderate
CUST10821,Customer 0822,Consumer,United States,Medium,0,21328.17,2.0,1.0,140697.61,55.0,2.0,2.0,39,414900.44,17,38,0,1,0.4358974358974359,52.0,Moderate
CUST10822,Customer 0823,Consumer,Mexico,Low,0,61530.3,2.0,1.0,78964.88,48.5,1.0,2.0,20,229318.47999999998,12,20,0,0,0.6,30.0,Moderate
CUST10823,Customer 0824,Consumer,United States,Low,0,7104.3,0.0,0.0,0.0,0.0,0.0,0.0,29,367520.54,12,28,0,0,0.41379310344827586,17.0,Low
CUST10824,Customer 0825,Small Business,United States,Low,0,15479.27,1.0,1.0,27590.85,85.0,1.0,1.0,26,501196.36,9,26,0,0,0.34615384615384615,26.0,Low
CUST10825,Customer 0826,Consumer,United States,Medium,0,14053.83,2.0,0.0,69304.63,46.5,2.0,2.0,26,231300.26,9,26,0,1,0.34615384615384615,47.0,Moderate
CUST10826,Customer 0827,Small Business,United States,Low,0,12492.28,2.0,0.0,30201.21,65.5,2.0,2.0,26,281144.11,9,26,0,1,0.34615384615384615,40.0,Moderate
CUST10827,Customer 0828,Consumer,Canada,Low,0,4391.0,2.0,1.0,204304.3,67.0,1.0,1.0,28,390944.52999999997,10,28,0,0,0.35714285714285715,30.0,Moderate
CUST10828,Customer 0829,Consumer,Turkey,High,0,3037.18,1.0,1.0,84619.94,72.0,1.0,1.0,25,291028.39,10,25,0,0,0.4,41.0,Moderate
CUST10829,Customer 0830,Small Business,United States,Low,0,3657.29,2.0,0.0,33868.87,38.5,2.0,2.0,23,338569.0,11,23,0,1,0.4782608695652174,40.0,Moderate
CUST10830,Customer 0831,Consumer,Russia,Low,0,2018.58,1.0,1.0,13169.5,69.0,1.0,1.0,33,508462.0,16,33,0,0,0.48484848484848486,26.0,Low
CUST10831,Customer 0832,Small Business,United States,High,0,48773.95,1.0,0.0,19186.28,44.0,1.0,1.0,17,185599.18,7,17,0,0,0.4117647058823529,36.0,Moderate
CUST10832,Customer 0833,Consumer,Mexico,Low,0,7039.92,1.0,0.0,92109.95,62.0,1.0,1.0,29,322008.15,10,29,0,0,0.3448275862068966,21.0,Low
CUST10833,Customer 0834,Consumer,Mexico,Medium,0,4796.09,2.0,2.0,182399.53,65.0,2.0,2.0,32,358263.07,13,32,0,1,0.40625,57.0,Moderate
CUST10834,Customer 0835,Consumer,United States,Low,0,9075.48,0.0,0.0,0.0,0.0,0.0,0.0,22,374516.96,7,22,0,0,0.3181818181818182,17.0,Low
CUST10835,Customer 0836,Consumer,United States,Medium,0,5341.91,3.0,2.0,81036.87,67.66666666666667,2.0,3.0,22,225284.22999999998,5,22,1,1,0.22727272727272727,68.1,High
CUST10836,Customer 0837,Consumer,United States,Low,0,14525.98,3.0,1.0,121489.62000000001,48.333333333333336,2.0,3.0,25,224974.97,9,25,1,1,0.36,59.0,Moderate
CUST10837,Customer 0838,Consumer,Russia,High,0,5405.73,2.0,0.0,80504.92,49.0,2.0,2.0,29,498174.96,13,29,0,1,0.4482758620689655,55.0,Moderate
CUST10838,Customer 0839,Small Business,Canada,Medium,0,10205.39,1.0,0.0,19196.74,48.0,1.0,1.0,23,211834.06999999998,7,22,0,0,0.30434782608695654,28.0,Low
CUST10839,Customer 0840,Small Business,Turkey,Low,0,20538.93,1.0,0.0,5271.48,56.0,1.0,1.0,26,682819.9099999999,11,26,0,0,0.4230769230769231,21.0,Low
CUST10840,Customer 0841,Commercial,United Arab Emirates,Low,0,7336.55,0.0,0.0,0.0,0.0,0.0,0.0,24,332576.27999999997,9,24,0,0,0.375,17.0,Low
CUST10841,Customer 0842,Small Business,United Arab Emirates,Medium,0,10153.26,0.0,0.0,0.0,0.0,0.0,0.0,26,281037.77,6,26,0,0,0.23076923076923078,21.2,Low
CUST10842,Customer 0843,Small Business,United States,High,1,25103.9,0.0,0.0,0.0,0.0,0.0,0.0,29,542336.81,10,29,0,0,0.3448275862068966,44.0,Moderate
CUST10843,Customer 0844,Small Business,United States,Low,0,621.54,0.0,0.0,0.0,0.0,0.0,0.0,22,240823.38,9,22,0,0,0.4090909090909091,17.0,Low
CUST10844,Customer 0845,Consumer,Nigeria,High,0,2586.37,2.0,1.0,63141.340000000004,49.0,2.0,2.0,31,390116.09,10,31,0,1,0.3225806451612903,60.0,High
CUST10845,Customer 0846,Consumer,United States,Low,0,5773.6,1.0,0.0,11785.7,43.0,1.0,1.0,29,249319.72,9,29,0,0,0.3103448275862069,21.0,Low
CUST10846,Customer 0847,Consumer,Russia,High,0,12666.49,1.0,0.0,21180.28,13.0,1.0,1.0,11,144147.25,5,11,0,0,0.45454545454545453,36.0,Moderate
CUST10847,Customer 0848,Consumer,Russia,Low,0,28921.75,3.0,1.0,98789.72,59.666666666666664,2.0,3.0,38,494851.82,17,38,1,1,0.4473684210526316,59.0,Moderate
CUST10848,Customer 0849,Consumer,United States,Low,0,12426.51,1.0,0.0,14102.8,47.0,1.0,1.0,34,565462.77,15,34,0,0,0.4411764705882353,21.0,Low
CUST10849,Customer 0850,Small Business,China,Low,0,1076.36,1.0,1.0,79189.76,52.0,1.0,1.0,25,309947.37,13,25,0,0,0.52,26.0,Low
CUST10850,Customer 0851,Small Business,Russia,Medium,0,10454.54,3.0,1.0,430950.82,58.666666666666664,2.0,3.0,20,232876.42,4,20,1,1,0.2,62.0,High
CUST10851,Customer 0852,Commercial,United States,High,0,3789.0,2.0,1.0,27508.079999999998,67.0,2.0,2.0,27,297096.7,11,26,0,1,0.4074074074074074,60.0,High
CUST10852,Customer 0853,Small Business,India,Low,0,6908.53,1.0,1.0,36716.32,34.0,1.0,1.0,34,465935.86000000004,13,33,0,0,0.38235294117647056,26.0,Low
CUST10853,Customer 0854,Small Business,United Kingdom,Low,0,11586.22,1.0,0.0,114848.91,36.0,1.0,1.0,24,174183.88999999998,11,24,0,0,0.4583333333333333,21.0,Low
CUST10854,Customer 0855,Consumer,United States,Low,0,10772.61,1.0,0.0,6178.61,68.0,1.0,1.0,25,177659.43,6,25,0,0,0.24,18.6,Low
CUST10855,Customer 0856,Consumer,United Arab Emirates,Low,0,12269.93,2.0,0.0,144255.64,34.0,1.0,2.0,21,103560.79,9,21,0,0,0.42857142857142855,25.0,Low
CUST10856,Customer 0857,Commercial,United States,Low,0,4722.6,0.0,0.0,0.0,0.0,0.0,0.0,23,201134.06,11,23,0,0,0.4782608695652174,17.0,Low
CUST10857,Customer 0858,Small Business,United States,Medium,0,26226.51,2.0,0.0,135754.55,54.0,2.0,2.0,24,411981.84,11,24,0,1,0.4583333333333333,47.0,Moderate
CUST10858,Customer 0859,Consumer,United States,Low,0,13134.63,0.0,0.0,0.0,0.0,0.0,0.0,25,247287.83000000002,8,25,0,0,0.32,17.0,Low
CUST10859,Customer 0860,Consumer,United States,Low,0,21960.97,0.0,0.0,0.0,0.0,0.0,0.0,26,219775.78999999998,10,26,0,0,0.38461538461538464,17.0,Low
CUST10860,Customer 0861,Consumer,Russia,Low,0,8929.73,1.0,0.0,8436.99,52.0,1.0,1.0,31,326875.52,14,31,0,0,0.45161290322580644,21.0,Low
CUST10861,Customer 0862,Consumer,United States,Medium,0,7538.61,1.0,0.0,51870.53,38.0,1.0,1.0,23,317923.21,5,23,0,0,0.21739130434782608,24.7,Low
CUST10862,Customer 0863,Consumer,India,Low,0,12912.42,1.0,1.0,63810.28,70.0,1.0,1.0,19,270847.85000000003,12,19,0,0,0.631578947368421,26.0,Low
CUST10863,Customer 0864,Commercial,United States,Low,0,12611.88,1.0,0.0,959.14,39.0,1.0,1.0,27,313689.75,9,27,0,0,0.3333333333333333,21.0,Low
CUST10864,Customer 0865,Consumer,United States,High,0,29971.38,1.0,0.0,69720.09,58.0,1.0,1.0,25,231566.03,11,25,0,0,0.44,36.0,Moderate
CUST10865,Customer 0866,Consumer,United States,Low,0,4038.74,1.0,1.0,7060.47,39.0,1.0,1.0,32,402547.33,18,32,0,0,0.5625,26.0,Low
CUST10866,Customer 0867,Consumer,Turkey,Low,0,8564.6,1.0,1.0,16587.89,75.0,1.0,1.0,25,210214.13,7,25,0,0,0.28,25.2,Low
CUST10867,Customer 0868,Consumer,Russia,Medium,0,2572.27,0.0,0.0,0.0,0.0,0.0,0.0,22,353954.7,10,22,0,0,0.45454545454545453,24.0,Low
CUST10868,Customer 0869,Commercial,United States,High,0,72545.9,2.0,0.0,6133.63,32.0,2.0,2.0,29,331980.05,8,29,0,1,0.27586206896551724,54.0,Moderate
CUST10869,Customer 0870,Consumer,United States,Low,0,5861.01,0.0,0.0,0.0,0.0,0.0,0.0,28,370472.75,9,28,0,0,0.32142857142857145,17.0,Low
CUST10870,Customer 0871,Small Business,Canada,Medium,0,22671.62,2.0,0.0,208030.45,51.5,2.0,2.0,27,211233.71,11,27,0,1,0.4074074074074074,47.0,Moderate
CUST10871,Customer 0872,Consumer,United States,Low,0,23460.72,1.0,0.0,82850.66,55.0,1.0,1.0,17,203973.99,6,17,0,0,0.35294117647058826,21.0,Low
CUST10872,Customer 0873,Small Business,Mexico,Low,0,10648.89,3.0,1.0,83248.39,73.0,2.0,3.0,34,304180.72,16,34,1,1,0.47058823529411764,59.0,Moderate
CUST10873,Customer 0874,Consumer,Turkey,Medium,0,1083.43,3.0,1.0,194023.1,60.666666666666664,1.0,1.0,15,275702.53,6,15,1,0,0.4,51.0,Moderate
CUST10874,Customer 0875,Small Business,United States,Medium,0,49341.85,2.0,1.0,49372.350000000006,64.0,2.0,2.0,27,368102.77,11,27,0,1,0.4074074074074074,52.0,Moderate
CUST10875,Customer 0876,Small Business,United States,Low,0,91403.25,3.0,1.0,138662.77,70.0,2.0,3.0,25,262812.97,10,25,1,1,0.4,59.0,Moderate
CUST10876,Customer 0877,Consumer,United Arab Emirates,Low,0,13129.2,1.0,0.0,5514.05,49.0,1.0,1.0,19,235129.4,11,19,0,0,0.5789473684210527,21.0,Low
CUST10877,Customer 0878,Consumer,United States,Low,0,8542.34,3.0,1.0,178040.68,54.666666666666664,3.0,3.0,23,310410.87,8,23,1,1,0.34782608695652173,59.0,Moderate
CUST10878,Customer 0879,Consumer,India,Medium,0,3778.6,0.0,0.0,0.0,0.0,0.0,0.0,21,164602.93,9,21,0,0,0.42857142857142855,24.0,Low
CUST10879,Customer 0880,Consumer,United States,Medium,0,3456.56,3.0,2.0,196974.65000000002,75.0,2.0,3.0,26,257086.97,17,26,1,1,0.6538461538461539,71.0,High
CUST10880,Customer 0881,Consumer,Nigeria,Low,0,4012.6,2.0,0.0,44526.68,47.5,2.0,2.0,25,271432.97,12,25,0,1,0.48,40.0,Moderate
CUST10881,Customer 0882,Consumer,United States,Low,0,4844.93,2.0,1.0,78853.17,63.5,1.0,2.0,28,316208.96,14,28,0,0,0.5,30.0,Moderate
CUST10882,Customer 0883,Commercial,Turkey,Low,0,14880.21,4.0,2.0,153219.36,67.5,3.0,3.0,31,274686.68,15,31,1,1,0.4838709677419355,68.0,High
CUST10883,Customer 0884,Small Business,United States,Medium,0,5208.9,2.0,1.0,125823.41,77.5,2.0,2.0,28,513637.16000000003,14,28,0,1,0.5,52.0,Moderate
CUST10884,Customer 0885,Consumer,Russia,Medium,0,54865.73,0.0,0.0,0.0,0.0,0.0,0.0,24,230800.27000000002,15,24,0,0,0.625,24.0,Low
CUST10885,Customer 0886,Small Business,United States,Low,0,3469.55,1.0,0.0,12808.86,44.0,1.0,1.0,25,351984.07,11,25,0,0,0.44,21.0,Low
CUST10886,Customer 0887,Consumer,United Kingdom,High,0,11820.72,0.0,0.0,0.0,0.0,0.0,0.0,19,216673.83000000002,9,19,0,0,0.47368421052631576,32.0,Moderate
CUST10887,Customer 0888,Consumer,Russia,Medium,0,5376.74,2.0,1.0,218626.81,46.5,2.0,2.0,33,470179.69,9,33,0,1,0.2727272727272727,50.9,Moderate
CUST10888,Customer 0889,Consumer,United States,Medium,0,16755.09,4.0,2.0,197723.21,51.75,4.0,4.0,24,315198.42,7,24,1,1,0.2916666666666667,74.7,High
CUST10889,Customer 0890,Small Business,United States,Medium,0,12266.32,3.0,2.0,72538.76000000001,45.0,3.0,3.0,24,226034.02,8,24,1,1,0.3333333333333333,71.0,High
CUST10890,Customer 0891,Small Business,India,Low,0,33362.99,3.0,2.0,173827.19,73.66666666666667,2.0,2.0,22,212871.02,4,22,1,1,0.18181818181818182,59.3,High
CUST10891,Customer 0892,Consumer,Nigeria,Low,0,15151.85,2.0,0.0,65514.729999999996,53.0,2.0,2.0,23,468781.36,5,23,0,1,0.21739130434782608,36.7,Moderate
CUST10892,Customer 0893,Consumer,India,Medium,0,2863.18,0.0,0.0,0.0,0.0,0.0,0.0,22,173625.55000000002,8,22,0,0,0.36363636363636365,24.0,Low
CUST10893,Customer 0894,Small Business,Russia,Low,0,10482.31,2.0,0.0,94774.0,57.5,2.0,2.0,15,160966.27,7,15,0,1,0.4666666666666667,40.0,Moderate
CUST10894,Customer 0895,Consumer,United States,Low,0,12208.89,3.0,0.0,56212.48,66.0,2.0,3.0,23,368794.17,6,23,1,1,0.2608695652173913,52.4,Moderate
CUST10895,Customer 0896,Commercial,India,Medium,0,3472.46,0.0,0.0,0.0,0.0,0.0,0.0,26,688936.8200000001,9,26,0,0,0.34615384615384615,24.0,Low
CUST10896,Customer 0897,Consumer,Canada,Low,0,14039.03,2.0,0.0,43425.56,61.0,2.0,2.0,25,354227.1,10,25,0,1,0.4,40.0,Moderate
CUST10897,Customer 0898,Consumer,Mexico,Medium,0,54721.63,2.0,0.0,49866.86,48.5,2.0,2.0,21,348870.78,14,21,0,1,0.6666666666666666,47.0,Moderate
CUST10898,Customer 0899,Small Business,Canada,High,0,4047.28,0.0,0.0,0.0,0.0,0.0,0.0,19,241127.86000000002,11,19,0,0,0.5789473684210527,32.0,Moderate
CUST10899,Customer 0900,Consumer,United States,Low,0,10869.63,1.0,0.0,28721.42,46.0,1.0,1.0,29,303542.5,6,29,0,0,0.20689655172413793,17.3,Low
CUST10900,Customer 0901,Small Business,United States,Low,0,18565.05,2.0,1.0,78736.67,59.0,1.0,2.0,14,128356.89,7,14,0,0,0.5,30.0,Moderate
CUST10901,Customer 0902,Consumer,United States,Medium,0,69034.83,1.0,1.0,17052.6,66.0,1.0,1.0,26,391103.98,7,26,0,0,0.2692307692307692,31.8,Moderate
CUST10902,Customer 0903,Commercial,United States,Low,0,8182.95,2.0,2.0,36580.64,79.0,2.0,2.0,23,210731.27,5,23,0,1,0.21739130434782608,46.7,Moderate
CUST10903,Customer 0904,Small Business,United States,Low,0,20183.05,3.0,0.0,214064.43,81.33333333333333,2.0,3.0,13,111583.74,5,13,1,1,0.38461538461538464,54.0,Moderate
CUST10904,Customer 0905,Commercial,United States,Medium,0,2860.32,2.0,0.0,56520.28999999999,47.0,2.0,2.0,23,246525.68,12,23,0,1,0.5217391304347826,47.0,Moderate
CUST10905,Customer 0906,Consumer,Turkey,Low,0,484.46,3.0,3.0,140025.77000000002,70.66666666666667,2.0,2.0,23,316478.55,7,23,1,1,0.30434782608695654,69.0,High
CUST10906,Customer 0907,Consumer,United States,Low,0,13239.75,2.0,1.0,95461.18,51.0,1.0,1.0,26,236100.94,11,26,0,0,0.4230769230769231,30.0,Moderate
CUST10907,Customer 0908,Consumer,Turkey,Low,0,7793.76,2.0,1.0,77738.19,70.0,2.0,2.0,23,346719.01,12,23,0,1,0.5217391304347826,45.0,Moderate
CUST10908,Customer 0909,Small Business,United Arab Emirates,Low,0,7119.82,2.0,1.0,36141.84,53.5,1.0,2.0,35,281836.8,18,35,0,0,0.5142857142857142,30.0,Moderate
CUST10909,Customer 0910,Small Business,United States,Low,0,220411.27,0.0,0.0,0.0,0.0,0.0,0.0,23,244457.57,9,23,0,0,0.391304347826087,17.0,Low
CUST10910,Customer 0911,Small Business,United States,Low,0,7806.65,1.0,0.0,112836.84,68.0,1.0,1.0,23,311042.23,7,23,0,0,0.30434782608695654,21.0,Low
CUST10911,Customer 0912,Commercial,United States,Medium,0,12375.86,1.0,1.0,18633.62,95.0,1.0,1.0,28,330289.0,13,28,0,0,0.4642857142857143,33.0,Moderate
CUST10912,Customer 0913,Consumer,Mexico,Low,0,29044.48,1.0,1.0,17344.87,66.0,1.0,1.0,22,177330.63999999998,8,22,0,0,0.36363636363636365,26.0,Low
CUST10913,Customer 0914,Consumer,United States,High,0,12275.1,1.0,1.0,41823.99,60.0,1.0,1.0,28,451180.16,11,28,0,0,0.39285714285714285,41.0,Moderate
CUST10914,Customer 0915,Commercial,United States,Low,0,17981.72,1.0,1.0,14390.72,53.0,1.0,1.0,30,438875.87,12,30,0,0,0.4,26.0,Low
CUST10915,Customer 0916,Consumer,China,Low,0,5285.36,2.0,0.0,43289.619999999995,50.0,2.0,2.0,23,191414.28,9,23,0,1,0.391304347826087,40.0,Moderate
CUST10916,Customer 0917,Consumer,United States,Low,0,21928.24,1.0,0.0,15470.25,48.0,1.0,1.0,21,230412.92,13,21,0,0,0.6190476190476191,21.0,Low
CUST10917,Customer 0918,Small Business,United States,Low,0,8917.15,3.0,2.0,190085.12,56.333333333333336,3.0,3.0,28,369123.01,14,28,1,1,0.5,64.0,High
CUST10918,Customer 0919,Consumer,Mexico,Medium,0,3703.12,3.0,1.0,98566.98000000001,49.666666666666664,3.0,3.0,25,181535.49,6,24,1,1,0.24,63.6,High
CUST10919,Customer 0920,Consumer,United States,Medium,0,20074.8,2.0,1.0,110627.39,61.5,1.0,1.0,24,232745.13,11,23,0,0,0.4583333333333333,37.0,Moderate
CUST10920,Customer 0921,Consumer,United Kingdom,Medium,0,5269.14,0.0,0.0,0.0,0.0,0.0,0.0,26,353912.71,8,26,0,0,0.3076923076923077,24.0,Low
CUST10921,Customer 0922,Consumer,India,Medium,1,22274.24,3.0,0.0,105496.22,51.333333333333336,2.0,3.0,22,394041.47,9,22,1,1,0.4090909090909091,73.0,High
CUST10922,Customer 0923,Commercial,United Arab Emirates,High,0,8885.2,2.0,1.0,109182.67,50.5,2.0,2.0,32,432962.62,16,32,0,1,0.5,60.0,High
CUST10923,Customer 0924,Consumer,United States,Low,0,8462.81,0.0,0.0,0.0,0.0,0.0,0.0,29,179978.36000000002,12,29,0,0,0.41379310344827586,17.0,Low
CUST10924,Customer 0925,Consumer,United Arab Emirates,Medium,0,12869.59,3.0,2.0,84753.01,66.0,1.0,3.0,19,283004.74,6,19,1,0,0.3157894736842105,56.0,Moderate
CUST10925,Customer 0926,Consumer,United States,Medium,0,32473.65,1.0,1.0,14672.65,70.0,1.0,1.0,22,203413.53,8,22,0,0,0.36363636363636365,33.0,Moderate
CUST10926,Customer 0927,Small Business,United States,Low,0,2323.85,0.0,0.0,0.0,0.0,0.0,0.0,27,347703.07,10,27,0,0,0.37037037037037035,17.0,Low
CUST10927,Customer 0928,Small Business,India,Low,0,3059.74,2.0,0.0,70033.11,51.0,2.0,2.0,21,179148.07,11,21,0,1,0.5238095238095238,40.0,Moderate
CUST10928,Customer 0929,Small Business,Turkey,Low,0,5821.72,2.0,1.0,409985.02999999997,65.0,2.0,2.0,23,199710.83,8,23,0,1,0.34782608695652173,45.0,Moderate
CUST10929,Customer 0930,Consumer,India,Medium,0,3902.66,1.0,0.0,1731.2,59.0,1.0,1.0,29,329694.0,10,29,0,0,0.3448275862068966,28.0,Low
CUST10930,Customer 0931,Small Business,United States,Medium,0,3821.12,2.0,0.0,59506.22,51.5,1.0,2.0,25,158338.21,9,25,0,0,0.36,32.0,Moderate
CUST10931,Customer 0932,Consumer,Nigeria,Low,0,10961.45,1.0,0.0,17647.24,52.0,1.0,1.0,27,319281.1,10,26,0,0,0.37037037037037035,21.0,Low
CUST10932,Customer 0933,Consumer,United States,Low,0,5244.75,1.0,0.0,55799.4,39.0,1.0,1.0,26,252887.26,13,26,0,0,0.5,21.0,Low
CUST10933,Customer 0934,Small Business,China,Low,0,17570.75,3.0,1.0,74181.98,47.666666666666664,1.0,2.0,22,215111.5,5,22,1,0,0.22727272727272727,41.1,Moderate
CUST10934,Customer 0935,Small Business,United States,Medium,0,4017.96,1.0,0.0,19313.62,58.0,1.0,1.0,30,483132.01999999996,10,30,0,0,0.3333333333333333,28.0,Low
CUST10935,Customer 0936,Consumer,United States,Low,0,26695.4,1.0,0.0,29816.9,16.0,1.0,1.0,21,491285.69,8,21,0,0,0.38095238095238093,21.0,Low
CUST10936,Customer 0937,Consumer,United States,Medium,0,18633.41,3.0,0.0,201044.94999999998,55.333333333333336,3.0,3.0,31,359998.88,14,30,1,1,0.45161290322580644,61.0,High
CUST10937,Customer 0938,Small Business,United States,Low,0,2701.93,0.0,0.0,0.0,0.0,0.0,0.0,25,361126.73,6,25,0,0,0.24,14.6,Low
CUST10938,Customer 0939,Small Business,Turkey,Low,0,2849.27,1.0,1.0,42385.9,75.0,1.0,1.0,24,277809.77,14,24,0,0,0.5833333333333334,26.0,Low
CUST10939,Customer 0940,Commercial,United States,Medium,0,8852.39,1.0,1.0,82809.34,48.0,1.0,1.0,19,162113.74,6,19,0,0,0.3157894736842105,33.0,Moderate
CUST10940,Customer 0941,Small Business,United States,Medium,0,6582.5,0.0,0.0,0.0,0.0,0.0,0.0,25,259898.62,6,25,0,0,0.24,21.6,Low
CUST10941,Customer 0942,Consumer,China,High,0,37490.68,2.0,1.0,50209.090000000004,62.0,2.0,2.0,27,271476.09,11,27,0,1,0.4074074074074074,60.0,High
CUST10942,Customer 0943,Small Business,United States,Low,0,11095.42,3.0,1.0,91175.63,59.0,2.0,2.0,26,345658.78,10,26,1,1,0.38461538461538464,59.0,Moderate
CUST10943,Customer 0944,Small Business,United Arab Emirates,Low,0,3955.22,1.0,0.0,17699.75,51.0,1.0,1.0,20,203375.56,7,20,0,0,0.35,21.0,Low
CUST10944,Customer 0945,Small Business,United States,Low,0,12733.02,3.0,1.0,122035.57,67.66666666666667,3.0,3.0,25,246718.81,6,25,1,1,0.24,56.6,Moderate
CUST10945,Customer 0946,Consumer,Russia,Low,0,5995.87,2.0,1.0,96333.15,73.5,2.0,2.0,27,312081.89,9,27,0,1,0.3333333333333333,45.0,Moderate
CUST10946,Customer 0947,Small Business,Canada,Low,1,4060.41,0.0,0.0,0.0,0.0,0.0,0.0,28,448440.02,7,28,0,0,0.25,27.0,Low
CUST10947,Customer 0948,Small Business,United Kingdom,Low,0,15528.68,3.0,1.0,67064.46,67.33333333333333,2.0,3.0,24,260052.0,12,24,1,1,0.5,59.0,Moderate
CUST10948,Customer 0949,Consumer,United States,Medium,0,101504.19,1.0,0.0,29326.43,43.0,1.0,1.0,29,260871.67,12,29,0,0,0.41379310344827586,28.0,Low
CUST10949,Customer 0950,Consumer,India,High,0,2799.35,2.0,1.0,45375.91,78.5,1.0,1.0,28,377425.18,10,28,0,0,0.35714285714285715,45.0,Moderate
CUST10950,Customer 0951,Consumer,Turkey,Low,1,6668.51,2.0,0.0,25392.91,49.5,1.0,1.0,32,257185.82,16,32,0,0,0.5,37.0,Moderate
CUST10951,Customer 0952,Consumer,Nigeria,Low,0,35429.89,1.0,0.0,6044.79,95.0,1.0,1.0,25,263948.05,12,25,0,0,0.48,21.0,Low
CUST10952,Customer 0953,Small Business,United States,Medium,0,4971.38,3.0,0.0,141118.59,72.0,3.0,3.0,14,140357.04,5,14,1,1,0.35714285714285715,61.0,High
CUST10953,Customer 0954,Small Business,Mexico,Low,0,3284.91,2.0,2.0,798994.2799999999,77.5,1.0,1.0,26,187608.32,13,26,0,0,0.5,35.0,Moderate
CUST10954,Customer 0955,Consumer,United States,High,0,26357.28,1.0,0.0,24741.52,36.0,1.0,1.0,14,160748.37,6,14,0,0,0.42857142857142855,36.0,Moderate
CUST10955,Customer 0956,Consumer,United States,Low,0,12066.54,1.0,0.0,37880.31,69.0,1.0,1.0,19,232775.22,8,19,0,0,0.42105263157894735,21.0,Low
CUST10956,Customer 0957,Small Business,Turkey,Low,0,7176.52,0.0,0.0,0.0,0.0,0.0,0.0,33,332546.8,18,33,0,0,0.5454545454545454,17.0,Low
CUST10957,Customer 0958,Consumer,United Kingdom,Medium,0,10788.57,2.0,2.0,53026.39,80.5,2.0,2.0,29,346458.26,4,29,0,1,0.13793103448275862,50.5,Moderate
CUST10958,Customer 0959,Consumer,United States,Low,0,25960.4,1.0,1.0,29495.2,83.0,1.0,1.0,23,316336.47,6,23,0,0,0.2608695652173913,24.4,Low
CUST10959,Customer 0960,Small Business,United States,High,0,25668.3,2.0,0.0,286439.97000000003,61.5,2.0,2.0,25,300169.44,7,25,0,1,0.28,54.2,Moderate
CUST10960,Customer 0961,Small Business,Russia,High,0,10100.88,3.0,2.0,158972.29,74.0,1.0,2.0,28,288084.71,11,28,1,0,0.39285714285714285,64.0,High
CUST10961,Customer 0962,Small Business,United Arab Emirates,Medium,0,27485.08,2.0,1.0,40448.009999999995,63.5,2.0,2.0,26,288788.82,13,26,0,1,0.5,52.0,Moderate
CUST10962,Customer 0963,Consumer,United Arab Emirates,Low,0,12436.7,0.0,0.0,0.0,0.0,0.0,0.0,24,267454.8,9,24,0,0,0.375,17.0,Low
CUST10963,Customer 0964,Commercial,China,Low,0,3147.43,2.0,1.0,101090.22,48.5,2.0,2.0,17,227558.76,4,17,0,1,0.23529411764705882,42.4,Moderate
CUST10964,Customer 0965,Commercial,United States,Low,0,5932.61,2.0,1.0,48629.75,43.0,2.0,2.0,28,340655.12,7,28,0,1,0.25,43.0,Moderate
CUST10965,Customer 0966,Consumer,United States,Low,0,7483.7,1.0,0.0,84740.63,52.0,1.0,1.0,20,303940.95999999996,9,20,0,0,0.45,21.0,Low
CUST10966,Customer 0967,Commercial,United States,Low,0,31395.38,0.0,0.0,0.0,0.0,0.0,0.0,27,301213.44,14,27,0,0,0.5185185185185185,17.0,Low
CUST10967,Customer 0968,Small Business,Nigeria,Medium,0,8831.01,0.0,0.0,0.0,0.0,0.0,0.0,33,417013.93,15,33,0,0,0.45454545454545453,24.0,Low
CUST10968,Customer 0969,Consumer,Mexico,Medium,0,9615.94,0.0,0.0,0.0,0.0,0.0,0.0,25,308271.53,9,25,0,0,0.36,24.0,Low
CUST10969,Customer 0970,Small Business,Nigeria,Low,0,29612.2,2.0,1.0,32680.989999999998,57.0,2.0,2.0,27,269514.55,8,27,0,1,0.2962962962962963,44.9,Moderate
CUST10970,Customer 0971,Small Business,United States,Low,0,5345.92,3.0,0.0,273968.91,49.333333333333336,3.0,3.0,30,343984.77,13,30,1,1,0.43333333333333335,54.0,Moderate
CUST10971,Customer 0972,Small Business,United Kingdom,Low,0,9737.13,0.0,0.0,0.0,0.0,0.0,0.0,26,263136.83,9,26,0,0,0.34615384615384615,17.0,Low
CUST10972,Customer 0973,Small Business,United States,Low,0,6823.6,2.0,2.0,122824.63,89.0,2.0,2.0,22,210837.18,9,22,0,1,0.4090909090909091,50.0,Moderate
CUST10973,Customer 0974,Consumer,United States,Medium,0,13178.12,3.0,3.0,49507.82000000001,68.0,2.0,3.0,27,359396.51,12,27,1,1,0.4444444444444444,76.0,High
CUST10974,Customer 0975,Consumer,China,Medium,0,178603.72,0.0,0.0,0.0,0.0,0.0,0.0,26,352785.86,5,26,0,0,0.19230769230769232,19.7,Low
CUST10975,Customer 0976,Consumer,United States,Low,0,9259.76,2.0,1.0,19159.23,63.0,2.0,2.0,30,342796.61,8,29,0,1,0.26666666666666666,43.7,Moderate
CUST10976,Customer 0977,Small Business,Nigeria,High,1,15264.87,2.0,0.0,57390.36,59.5,1.0,2.0,24,206605.06,8,24,0,0,0.3333333333333333,52.0,Moderate
CUST10977,Customer 0978,Consumer,United States,Medium,0,5769.25,0.0,0.0,0.0,0.0,0.0,0.0,21,285854.6,7,21,0,0,0.3333333333333333,24.0,Low
CUST10978,Customer 0979,Small Business,Mexico,Medium,0,4802.1,3.0,2.0,85029.03,69.0,3.0,3.0,26,385916.16,8,26,1,1,0.3076923076923077,71.0,High
CUST10979,Customer 0980,Consumer,India,Medium,0,8540.77,5.0,1.0,695412.3899999999,41.4,3.0,4.0,33,448803.63,13,33,1,1,0.3939393939393939,74.0,High
CUST10980,Customer 0981,Consumer,Nigeria,Medium,0,10325.28,1.0,0.0,45327.01,34.0,1.0,1.0,23,263017.28,12,23,0,0,0.5217391304347826,28.0,Low
CUST10981,Customer 0982,Small Business,United Arab Emirates,Low,0,10546.06,2.0,0.0,52355.5,73.0,2.0,2.0,30,371036.42,13,30,0,1,0.43333333333333335,40.0,Moderate
CUST10982,Customer 0983,Consumer,Canada,Medium,0,861.58,2.0,0.0,166819.69,74.5,1.0,1.0,32,466378.26,11,32,0,0,0.34375,32.0,Moderate
CUST10983,Customer 0984,Small Business,United States,Medium,0,5166.11,3.0,0.0,59347.37,42.333333333333336,2.0,3.0,21,174471.14,9,21,1,1,0.42857142857142855,61.0,High
CUST10984,Customer 0985,Consumer,Canada,Low,0,5931.19,4.0,0.0,178290.41999999998,61.5,2.0,4.0,31,342103.75,10,31,1,1,0.3225806451612903,58.0,Moderate
CUST10985,Customer 0986,Small Business,United States,Medium,0,14581.83,3.0,1.0,83949.35,53.666666666666664,3.0,3.0,15,164656.84,3,15,1,1,0.2,62.0,High
CUST10986,Customer 0987,Consumer,China,Low,0,10377.49,1.0,1.0,19968.58,60.0,1.0,1.0,21,192729.1,12,21,0,0,0.5714285714285714,26.0,Low
CUST10987,Customer 0988,Small Business,United States,Low,0,18646.99,0.0,0.0,0.0,0.0,0.0,0.0,20,306079.64,7,20,0,0,0.35,17.0,Low
CUST10988,Customer 0989,Consumer,United States,Low,0,16478.48,2.0,1.0,80841.66,63.0,1.0,2.0,23,267065.83,8,23,0,0,0.34782608695652173,30.0,Moderate
CUST10989,Customer 0990,Commercial,Nigeria,Low,0,6370.39,1.0,0.0,7051.73,61.0,1.0,1.0,24,235667.73,13,24,0,0,0.5416666666666666,21.0,Low
CUST10990,Customer 0991,Consumer,United States,Medium,0,26734.82,1.0,0.0,101302.33,18.0,1.0,1.0,26,176055.66999999998,14,26,0,0,0.5384615384615384,28.0,Low
CUST10991,Customer 0992,Commercial,India,Medium,1,8673.88,1.0,0.0,17849.3,60.0,1.0,1.0,26,473873.29,15,26,0,0,0.5769230769230769,40.0,Moderate
CUST10992,Customer 0993,Consumer,United States,Low,0,3875.34,1.0,1.0,26319.35,57.0,1.0,1.0,23,242402.84,11,23,0,0,0.4782608695652174,26.0,Low
CUST10993,Customer 0994,Small Business,Russia,Low,0,4027.22,2.0,1.0,68705.77,39.0,2.0,2.0,34,414240.36,11,34,0,1,0.3235294117647059,45.0,Moderate
CUST10994,Customer 0995,Consumer,United States,Low,0,5011.2,2.0,1.0,228397.23,52.0,2.0,2.0,26,279031.04,11,26,0,1,0.4230769230769231,45.0,Moderate
CUST10995,Customer 0996,Consumer,United States,Low,0,14258.71,0.0,0.0,0.0,0.0,0.0,0.0,19,148385.59,7,19,0,0,0.3684210526315789,17.0,Low
CUST10996,Customer 0997,Commercial,United States,Low,0,3051.3,2.0,1.0,119339.01,34.0,2.0,2.0,27,387654.36,10,27,0,1,0.37037037037037035,45.0,Moderate
CUST10997,Customer 0998,Consumer,United States,Low,0,29620.65,2.0,0.0,75662.28,61.0,2.0,2.0,21,388435.92,4,21,0,1,0.19047619047619047,35.6,Moderate
CUST10998,Customer 0999,Commercial,United States,Low,0,30644.83,1.0,1.0,48242.49,62.0,1.0,1.0,22,313644.28,9,22,0,0,0.4090909090909091,26.0,Low
CUST10999,Customer 1000,Consumer,United States,Low,0,5832.31,1.0,0.0,6493.46,62.0,1.0,1.0,26,259169.29,10,26,0,0,0.38461538461538464,21.0,Low
CUST11000,Customer 1001,Consumer,United States,Low,0,2394.92,1.0,0.0,16131.85,62.0,1.0,1.0,18,149354.57,5,18,0,0,0.2777777777777778,20.1,Low
CUST11001,Customer 1002,Consumer,Nigeria,Low,0,7402.57,1.0,1.0,165831.85,70.0,1.0,1.0,25,240047.88,15,25,0,0,0.6,26.0,Low
CUST11002,Customer 1003,Commercial,Russia,Low,0,12010.48,2.0,2.0,17674.07,77.5,2.0,2.0,23,308483.23,8,23,0,1,0.34782608695652173,50.0,Moderate
CUST11003,Customer 1004,Consumer,Mexico,Low,0,6222.65,2.0,0.0,225797.9,62.0,1.0,2.0,24,386631.79000000004,11,24,0,0,0.4583333333333333,25.0,Low
CUST11004,Customer 1005,Small Business,China,Low,0,47862.94,6.0,2.0,549051.8,62.166666666666664,3.0,5.0,30,262136.59,14,30,1,1,0.4666666666666667,72.0,High
CUST11005,Customer 1006,Consumer,United Kingdom,Low,0,3740.56,2.0,1.0,150495.08,43.5,2.0,2.0,30,329590.54,12,30,0,1,0.4,45.0,Moderate
CUST11006,Customer 1007,Small Business,Turkey,Low,0,3791.84,1.0,0.0,33159.95,52.0,1.0,1.0,27,269163.41000000003,11,27,0,0,0.4074074074074074,21.0,Low
CUST11007,Customer 1008,Consumer,United Arab Emirates,Medium,0,32266.25,5.0,1.0,117004.59,64.2,3.0,3.0,14,159979.79,3,14,1,1,0.21428571428571427,70.6,High
CUST11008,Customer 1009,Small Business,United Arab Emirates,High,0,4029.23,1.0,0.0,57783.13,54.0,1.0,1.0,23,297045.21,6,23,0,0,0.2608695652173913,34.4,Moderate
CUST11009,Customer 1010,Consumer,Nigeria,Medium,0,5247.02,0.0,0.0,0.0,0.0,0.0,0.0,27,368192.26,15,27,0,0,0.5555555555555556,24.0,Low
CUST11010,Customer 1011,Consumer,United States,Low,0,4707.58,2.0,1.0,105003.62,37.5,1.0,2.0,29,289532.06,14,29,0,0,0.4827586206896552,30.0,Moderate
CUST11011,Customer 1012,Consumer,India,Low,0,5682.9,1.0,0.0,23082.13,100.0,1.0,1.0,22,185611.34,7,22,0,0,0.3181818181818182,21.0,Low
CUST11012,Customer 1013,Consumer,Mexico,Medium,0,4102.67,2.0,1.0,57958.71,72.5,2.0,2.0,22,183710.16,9,22,0,1,0.4090909090909091,52.0,Moderate
CUST11013,Customer 1014,Consumer,United Kingdom,Low,0,42073.84,1.0,0.0,276464.79,57.0,1.0,1.0,32,305160.95,11,32,0,0,0.34375,21.0,Low
CUST11014,Customer 1015,Small Business,Nigeria,Medium,0,28823.73,0.0,0.0,0.0,0.0,0.0,0.0,26,258918.18,12,26,0,0,0.46153846153846156,24.0,Low
CUST11015,Customer 1016,Consumer,United States,Medium,0,3758.84,1.0,0.0,35422.55,47.0,1.0,1.0,23,237552.83000000002,8,23,0,0,0.34782608695652173,28.0,Low
CUST11016,Customer 1017,Small Business,India,High,0,3627.12,3.0,1.0,235777.45999999996,80.0,2.0,3.0,37,267229.0,14,37,1,1,0.3783783783783784,74.0,High
CUST11017,Customer 1018,Small Business,United Kingdom,Low,0,18620.19,0.0,0.0,0.0,0.0,0.0,0.0,18,198289.36000000002,8,18,0,0,0.4444444444444444,17.0,Low
CUST11018,Customer 1019,Small Business,Canada,Low,0,3772.47,1.0,0.0,37638.91,52.0,1.0,1.0,24,226916.86000000002,6,24,0,0,0.25,19.0,Low
CUST11019,Customer 1020,Commercial,United States,High,0,3352.97,3.0,1.0,99099.02,47.666666666666664,2.0,2.0,23,295313.41,10,23,1,1,0.43478260869565216,74.0,High
CUST11020,Customer 1021,Consumer,United Arab Emirates,Medium,0,4995.85,2.0,0.0,80567.18,76.5,2.0,2.0,39,357959.2,17,39,0,1,0.4358974358974359,47.0,Moderate
CUST11021,Customer 1022,Consumer,United Arab Emirates,High,0,9905.45,0.0,0.0,0.0,0.0,0.0,0.0,24,302592.85,12,24,0,0,0.5,32.0,Moderate
CUST11022,Customer 1023,Small Business,United Arab Emirates,Low,0,8967.74,2.0,0.0,670274.27,50.5,2.0,2.0,28,212998.16999999998,6,28,0,1,0.21428571428571427,36.6,Moderate
CUST11023,Customer 1024,Consumer,China,Low,0,10189.45,3.0,1.0,31926.870000000003,54.0,2.0,3.0,22,238966.9,10,22,1,1,0.45454545454545453,59.0,Moderate
CUST11024,Customer 1025,Consumer,United States,Low,0,11705.87,1.0,0.0,21028.93,67.0,1.0,1.0,25,138491.62,13,25,0,0,0.52,21.0,Low
CUST11025,Customer 1026,Consumer,Mexico,Low,0,3547.22,1.0,0.0,11134.38,71.0,1.0,1.0,18,144312.34,8,18,0,0,0.4444444444444444,21.0,Low
CUST11026,Customer 1027,Commercial,United Arab Emirates,Low,0,8516.74,1.0,0.0,13334.0,46.0,1.0,1.0,30,325896.67,13,30,0,0,0.43333333333333335,21.0,Low
CUST11027,Customer 1028,Consumer,United Kingdom,Low,0,10541.03,1.0,0.0,10770.68,20.0,1.0,1.0,23,254914.46,7,23,0,0,0.30434782608695654,21.0,Low
CUST11028,Customer 1029,Consumer,United States,Medium,0,44528.82,1.0,0.0,45861.61,64.0,1.0,1.0,21,238658.3,6,21,0,0,0.2857142857142857,27.4,Low
CUST11029,Customer 1030,Commercial,United States,Low,0,1067.95,0.0,0.0,0.0,0.0,0.0,0.0,22,143581.05,7,22,0,0,0.3181818181818182,17.0,Low
CUST11030,Customer 1031,Consumer,United Arab Emirates,Low,0,13744.04,1.0,0.0,18475.24,83.0,1.0,1.0,21,172590.91,10,21,0,0,0.47619047619047616,21.0,Low
CUST11031,Customer 1032,Consumer,United States,Medium,0,2878.56,1.0,0.0,7041.86,72.0,1.0,1.0,29,327902.77999999997,15,28,0,0,0.5172413793103449,28.0,Low
CUST11032,Customer 1033,Small Business,Nigeria,Low,0,34465.04,0.0,0.0,0.0,0.0,0.0,0.0,41,505312.51,21,41,0,0,0.5121951219512195,17.0,Low
CUST11033,Customer 1034,Small Business,Russia,Low,0,9058.9,2.0,1.0,82460.32,45.0,2.0,2.0,23,258637.86,9,23,0,1,0.391304347826087,45.0,Moderate
CUST11034,Customer 1035,Commercial,Canada,Low,0,9552.49,2.0,0.0,72788.68,50.0,2.0,2.0,27,255756.6,11,27,0,1,0.4074074074074074,40.0,Moderate
CUST11035,Customer 1036,Consumer,United States,Medium,0,5566.16,1.0,0.0,47200.24,86.0,1.0,1.0,27,315870.65,9,27,0,0,0.3333333333333333,28.0,Low
CUST11036,Customer 1037,Consumer,United States,Low,0,15711.97,2.0,0.0,135543.55,44.5,1.0,1.0,30,447791.53,9,30,0,0,0.3,25.0,Low
CUST11037,Customer 1038,Consumer,United States,High,0,12216.51,1.0,0.0,24179.85,33.0,1.0,1.0,20,162628.02000000002,12,20,0,0,0.6,36.0,Moderate
CUST11038,Customer 1039,Consumer,Canada,Low,0,7127.62,0.0,0.0,0.0,0.0,0.0,0.0,28,238847.72,13,28,0,0,0.4642857142857143,17.0,Low
CUST11039,Customer 1040,Consumer,China,Low,0,11783.39,3.0,1.0,180379.56,57.0,2.0,3.0,26,265119.92,12,26,1,1,0.46153846153846156,59.0,Moderate
CUST11040,Customer 1041,Consumer,United States,Low,0,5590.89,2.0,0.0,232749.04,60.5,2.0,2.0,34,406945.81,10,34,0,1,0.29411764705882354,39.8,Moderate
CUST11041,Customer 1042,Small Business,India,High,0,20674.67,2.0,0.0,181185.68,63.5,2.0,2.0,20,172974.2,6,20,0,1,0.3,55.0,Moderate
CUST11042,Customer 1043,Small Business,United States,Low,0,10774.54,3.0,0.0,72715.39,53.333333333333336,2.0,3.0,33,414489.14,13,33,1,1,0.3939393939393939,54.0,Moderate
CUST11043,Customer 1044,Consumer,United Kingdom,Medium,0,10355.26,3.0,1.0,46125.200000000004,46.333333333333336,2.0,3.0,23,359847.44,4,23,1,1,0.17391304347826086,61.0,High
CUST11044,Customer 1045,Consumer,United Arab Emirates,High,0,33589.98,1.0,1.0,24926.35,67.0,1.0,1.0,26,321821.63,10,26,0,0,0.38461538461538464,41.0,Moderate
CUST11045,Customer 1046,Consumer,United States,Low,0,14006.46,2.0,2.0,30848.13,43.5,1.0,2.0,17,122761.63,4,17,0,0,0.23529411764705882,32.4,Moderate
CUST11046,Customer 1047,Consumer,United States,Medium,0,17451.8,2.0,2.0,477880.02,78.0,2.0,2.0,20,139692.31,10,20,0,1,0.5,57.0,Moderate
CUST11047,Customer 1048,Consumer,Mexico,Low,0,40778.42,0.0,0.0,0.0,0.0,0.0,0.0,33,486520.27,18,33,0,0,0.5454545454545454,17.0,Low
CUST11048,Customer 1049,Consumer,United States,Low,0,5036.88,0.0,0.0,0.0,0.0,0.0,0.0,29,349670.19,13,29,0,0,0.4482758620689655,17.0,Low
CUST11049,Customer 1050,Commercial,United States,Low,0,9207.67,1.0,0.0,14671.89,36.0,1.0,1.0,25,226505.03,10,25,0,0,0.4,21.0,Low
CUST11050,Customer 1051,Commercial,Canada,Medium,1,12612.53,1.0,0.0,51705.06,58.0,1.0,1.0,29,334617.48,10,29,0,0,0.3448275862068966,40.0,Moderate
CUST11051,Customer 1052,Commercial,United Arab Emirates,High,0,5738.66,1.0,0.0,228290.28,73.0,1.0,1.0,24,308148.56,9,24,0,0,0.375,36.0,Moderate
CUST11052,Customer 1053,Consumer,Turkey,Low,0,29204.93,0.0,0.0,0.0,0.0,0.0,0.0,30,339391.31,14,29,0,0,0.4666666666666667,17.0,Low
CUST11053,Customer 1054,Consumer,Turkey,High,0,5393.76,4.0,2.0,70889.0,65.75,3.0,4.0,19,254438.81,8,19,1,1,0.42105263157894735,83.0,Critical
CUST11054,Customer 1055,Consumer,China,Medium,0,5093.87,1.0,1.0,37591.74,62.0,1.0,1.0,30,349789.33,15,30,0,0,0.5,33.0,Moderate
CUST11055,Customer 1056,Small Business,United Kingdom,Medium,0,11483.46,1.0,1.0,15337.16,88.0,1.0,1.0,26,396427.76,10,26,0,0,0.38461538461538464,33.0,Moderate
CUST11056,Customer 1057,Consumer,United Kingdom,Low,0,26028.41,1.0,1.0,118395.99,96.0,1.0,1.0,21,143762.76,9,21,0,0,0.42857142857142855,26.0,Low
CUST11057,Customer 1058,Consumer,United States,Low,0,7339.7,0.0,0.0,0.0,0.0,0.0,0.0,33,298498.09,14,33,0,0,0.42424242424242425,17.0,Low
CUST11058,Customer 1059,Consumer,United States,Low,0,6015.69,0.0,0.0,0.0,0.0,0.0,0.0,21,281528.0,8,21,0,0,0.38095238095238093,17.0,Low
CUST11059,Customer 1060,Consumer,United States,Medium,0,7205.87,1.0,0.0,102771.6,55.0,1.0,1.0,25,189264.39,10,25,0,0,0.4,28.0,Low
CUST11060,Customer 1061,Consumer,United States,Low,0,1575.84,1.0,1.0,48038.64,34.0,1.0,1.0,27,400829.57999999996,9,27,0,0,0.3333333333333333,26.0,Low
CUST11061,Customer 1062,Small Business,United Arab Emirates,Medium,0,3620.44,1.0,0.0,194257.54,47.0,1.0,1.0,32,338972.4,14,31,0,0,0.4375,28.0,Low
CUST11062,Customer 1063,Consumer,Canada,Medium,0,21608.08,1.0,0.0,61438.31,48.0,1.0,1.0,23,231340.57,14,23,0,0,0.6086956521739131,28.0,Low
CUST11063,Customer 1064,Commercial,Canada,Low,0,22122.56,1.0,1.0,51821.86,83.0,1.0,1.0,21,190303.84,10,20,0,0,0.47619047619047616,26.0,Low
CUST11064,Customer 1065,Consumer,Turkey,Low,0,6890.12,2.0,2.0,95675.06,82.5,1.0,1.0,19,217108.88,8,19,0,0,0.42105263157894735,35.0,Moderate
CUST11065,Customer 1066,Consumer,Turkey,High,0,36574.15,1.0,0.0,49008.85,69.0,1.0,1.0,15,126110.51,3,15,0,0,0.2,32.0,Moderate
CUST11066,Customer 1067,Consumer,United States,Medium,0,22706.12,3.0,0.0,327146.53,53.0,3.0,3.0,28,702841.97,11,28,1,1,0.39285714285714285,61.0,High
CUST11067,Customer 1068,Consumer,Mexico,Low,0,14117.26,0.0,0.0,0.0,0.0,0.0,0.0,25,368542.4,7,25,0,0,0.28,16.2,Low
CUST11068,Customer 1069,Consumer,Nigeria,Medium,0,30863.81,3.0,3.0,319978.12,83.33333333333333,2.0,3.0,25,192978.07,13,25,1,1,0.52,76.0,High
CUST11069,Customer 1070,Commercial,United States,Low,0,23255.97,3.0,2.0,535761.9299999999,68.66666666666667,2.0,3.0,35,705023.9,11,35,1,1,0.3142857142857143,64.0,High
CUST11070,Customer 1071,Consumer,United Arab Emirates,Low,0,1197.63,3.0,1.0,139666.78,57.0,2.0,3.0,21,301979.05,11,21,1,1,0.5238095238095238,59.0,Moderate
CUST11071,Customer 1072,Small Business,United States,Low,0,1904.76,2.0,1.0,222291.36000000002,41.5,2.0,2.0,32,394712.43,18,32,0,1,0.5625,45.0,Moderate
CUST11072,Customer 1073,Consumer,India,Medium,0,1710.55,3.0,1.0,60383.020000000004,66.33333333333333,2.0,3.0,14,71115.33,8,14,1,1,0.5714285714285714,66.0,High
CUST11073,Customer 1074,Small Business,India,Medium,0,12775.78,0.0,0.0,0.0,0.0,0.0,0.0,32,482077.37,12,32,0,0,0.375,24.0,Low
CUST11074,Customer 1075,Consumer,United States,Medium,0,18626.18,2.0,1.0,24236.83,49.5,2.0,2.0,24,273653.27999999997,7,24,0,1,0.2916666666666667,51.7,Moderate
CUST11075,Customer 1076,Commercial,United States,High,0,1482.1,1.0,1.0,24740.35,93.0,1.0,1.0,23,286211.97000000003,10,23,0,0,0.43478260869565216,41.0,Moderate
CUST11076,Customer 1077,Consumer,United States,Low,0,5277.62,0.0,0.0,0.0,0.0,0.0,0.0,22,225773.97,9,22,0,0,0.4090909090909091,17.0,Low
CUST11077,Customer 1078,Consumer,United States,Low,0,5444.68,0.0,0.0,0.0,0.0,0.0,0.0,22,418174.87,3,22,0,0,0.13636363636363635,10.5,Low
CUST11078,Customer 1079,Commercial,China,Low,1,24327.72,1.0,0.0,76555.37,44.0,1.0,1.0,26,303978.45,13,25,0,0,0.5,33.0,Moderate
CUST11079,Customer 1080,Commercial,United States,Low,0,3841.27,3.0,1.0,84502.49,59.0,2.0,3.0,27,301120.79000000004,11,27,1,1,0.4074074074074074,59.0,Moderate
CUST11080,Customer 1081,Consumer,Mexico,Low,0,2794.08,0.0,0.0,0.0,0.0,0.0,0.0,27,167727.9,6,27,0,0,0.2222222222222222,13.9,Low
CUST11081,Customer 1082,Consumer,Turkey,Medium,0,11941.76,1.0,1.0,12145.63,58.0,1.0,1.0,34,309359.23,9,34,0,0,0.2647058823529412,31.6,Moderate
CUST11082,Customer 1083,Consumer,Nigeria,Low,0,18304.27,1.0,0.0,53771.67,52.0,1.0,1.0,29,299463.9,11,29,0,0,0.3793103448275862,21.0,Low
CUST11083,Customer 1084,Consumer,United States,Low,0,11953.16,1.0,0.0,145298.94,10.0,1.0,1.0,26,245765.85,10,26,0,0,0.38461538461538464,21.0,Low
CUST11084,Customer 1085,Small Business,United States,Medium,0,16543.63,0.0,0.0,0.0,0.0,0.0,0.0,28,283927.17,8,28,0,0,0.2857142857142857,23.4,Low
CUST11085,Customer 1086,Small Business,Turkey,Low,0,12799.84,2.0,0.0,115710.36,41.5,2.0,2.0,40,563108.89,15,40,0,1,0.375,40.0,Moderate
CUST11086,Customer 1087,Consumer,United States,High,0,17557.08,1.0,0.0,7409.95,53.0,1.0,1.0,28,225901.62,11,28,0,0,0.39285714285714285,36.0,Moderate
CUST11087,Customer 1088,Small Business,United States,Low,1,15766.02,2.0,2.0,29656.730000000003,65.5,1.0,2.0,27,341696.96,11,27,0,0,0.4074074074074074,47.0,Moderate
CUST11088,Customer 1089,Small Business,United Kingdom,Medium,0,8420.66,1.0,0.0,19755.17,71.0,1.0,1.0,18,199316.22,8,18,0,0,0.4444444444444444,28.0,Low
CUST11089,Customer 1090,Consumer,United States,Low,0,3163.08,0.0,0.0,0.0,0.0,0.0,0.0,27,472542.43,15,27,0,0,0.5555555555555556,17.0,Low
CUST11090,Customer 1091,Small Business,India,Low,0,1673.74,1.0,0.0,103080.4,74.0,1.0,1.0,43,555394.41,20,42,0,0,0.46511627906976744,21.0,Low
CUST11091,Customer 1092,Consumer,United Kingdom,Medium,0,2572.64,0.0,0.0,0.0,0.0,0.0,0.0,18,217930.08000000002,4,18,0,0,0.2222222222222222,20.9,Low
CUST11092,Customer 1093,Small Business,Mexico,Low,0,3549.05,1.0,0.0,43433.72,63.0,1.0,1.0,20,279749.77,9,20,0,0,0.45,21.0,Low
CUST11093,Customer 1094,Small Business,Russia,Medium,0,6945.84,3.0,2.0,119402.98,84.66666666666667,1.0,2.0,25,247701.42,11,25,1,0,0.44,56.0,Moderate
CUST11094,Customer 1095,Small Business,Canada,Medium,0,17548.18,2.0,0.0,160319.01,58.0,2.0,2.0,27,363490.87,8,27,0,1,0.2962962962962963,46.9,Moderate
CUST11095,Customer 1096,Consumer,Russia,Low,1,8982.55,1.0,0.0,14895.79,60.0,1.0,1.0,25,386615.51,11,25,0,0,0.44,33.0,Moderate
CUST11096,Customer 1097,Small Business,United States,Low,0,3345.22,1.0,1.0,280643.51,67.0,1.0,1.0,19,433002.44,7,19,0,0,0.3684210526315789,26.0,Low
CUST11097,Customer 1098,Consumer,United States,Medium,0,18458.51,2.0,2.0,179213.44,48.0,2.0,2.0,19,109941.09,6,19,0,1,0.3157894736842105,57.0,Moderate
CUST11098,Customer 1099,Consumer,United States,Low,1,5348.41,1.0,0.0,491474.74,55.0,1.0,1.0,21,192848.27,7,21,0,0,0.3333333333333333,33.0,Moderate
CUST11099,Customer 1100,Consumer,China,Medium,1,34839.46,2.0,1.0,32769.36,70.0,2.0,2.0,22,164026.39,7,22,0,1,0.3181818181818182,64.0,High
CUST11100,Customer 1101,Commercial,United States,Low,0,14483.14,1.0,1.0,144838.53,83.0,1.0,1.0,7,56297.33,2,7,0,0,0.2857142857142857,25.4,Low
CUST11101,Customer 1102,Consumer,United States,Low,0,2141.73,1.0,1.0,6810.32,90.0,1.0,1.0,19,164177.02,7,19,0,0,0.3684210526315789,26.0,Low
CUST11102,Customer 1103,Consumer,China,Medium,0,8660.19,1.0,0.0,13030.84,42.0,1.0,1.0,22,346374.58,7,22,0,0,0.3181818181818182,28.0,Low
CUST11103,Customer 1104,Consumer,United States,Low,0,12063.19,2.0,0.0,20387.79,33.5,1.0,2.0,25,242549.27,8,25,0,0,0.32,25.0,Low
CUST11104,Customer 1105,Consumer,United States,Medium,0,16230.36,3.0,2.0,158525.72,71.33333333333333,3.0,3.0,29,405699.28,12,29,1,1,0.41379310344827586,71.0,High
CUST11105,Customer 1106,Consumer,United States,Medium,0,2671.88,3.0,2.0,104026.54000000001,64.0,2.0,3.0,15,130950.52,4,15,1,1,0.26666666666666666,69.7,High
CUST11106,Customer 1107,Small Business,United Arab Emirates,Medium,0,6102.43,1.0,0.0,18490.96,55.0,1.0,1.0,29,377872.92,10,29,0,0,0.3448275862068966,28.0,Low
CUST11107,Customer 1108,Small Business,United States,Low,0,94440.76,2.0,1.0,73218.97,60.0,2.0,2.0,32,365796.95,18,32,0,1,0.5625,45.0,Moderate
CUST11108,Customer 1109,Small Business,United States,Low,0,5626.44,1.0,0.0,10172.36,60.0,1.0,1.0,18,236374.02,8,18,0,0,0.4444444444444444,21.0,Low
CUST11109,Customer 1110,Consumer,United States,Low,0,17039.54,2.0,0.0,62025.740000000005,47.0,2.0,2.0,16,150569.15,8,16,0,1,0.5,40.0,Moderate
CUST11110,Customer 1111,Consumer,United States,Low,0,4795.34,4.0,1.0,98081.4,50.75,2.0,2.0,19,440193.23,10,19,1,1,0.5263157894736842,63.0,High
CUST11111,Customer 1112,Commercial,United States,High,0,1375.83,1.0,0.0,14530.29,25.0,1.0,1.0,21,138810.77000000002,11,21,0,0,0.5238095238095238,36.0,Moderate
CUST11112,Customer 1113,Consumer,Nigeria,Low,0,28413.88,4.0,0.0,146919.45,47.25,3.0,3.0,16,143951.03,8,16,1,1,0.5,58.0,Moderate
CUST11113,Customer 1114,Consumer,China,Low,0,6474.37,0.0,0.0,0.0,0.0,0.0,0.0,25,202901.25,8,25,0,0,0.32,17.0,Low
CUST11114,Customer 1115,Small Business,Canada,Low,0,139630.35,0.0,0.0,0.0,0.0,0.0,0.0,26,286945.44,13,26,0,0,0.5,17.0,Low
CUST11115,Customer 1116,Small Business,United States,Low,0,34989.84,1.0,0.0,3399.25,92.0,1.0,1.0,28,339275.59,10,28,0,0,0.35714285714285715,21.0,Low
CUST11116,Customer 1117,Consumer,United Arab Emirates,Medium,0,11397.45,1.0,0.0,7172.83,24.0,1.0,1.0,26,291340.08,11,26,0,0,0.4230769230769231,28.0,Low
CUST11117,Customer 1118,Consumer,Canada,Low,0,10543.71,3.0,0.0,78554.15000000001,63.666666666666664,1.0,3.0,17,221553.27,5,17,1,0,0.29411764705882354,38.8,Moderate
CUST11118,Customer 1119,Commercial,Nigeria,High,0,35884.77,3.0,1.0,82697.5,52.666666666666664,2.0,3.0,26,463163.01,10,26,1,1,0.38461538461538464,74.0,High
CUST11119,Customer 1120,Consumer,China,Low,0,15531.49,2.0,2.0,358562.34,81.0,2.0,2.0,24,223241.37,9,24,0,1,0.375,50.0,Moderate
CUST11120,Customer 1121,Small Business,United States,High,0,4704.03,0.0,0.0,0.0,0.0,0.0,0.0,23,187808.27,8,23,0,0,0.34782608695652173,32.0,Moderate
CUST11121,Customer 1122,Small Business,United States,High,0,27169.6,1.0,0.0,228785.7,80.0,1.0,1.0,20,240463.44,10,20,0,0,0.5,36.0,Moderate
CUST11122,Customer 1123,Small Business,Turkey,Low,0,14503.2,1.0,1.0,28538.85,49.0,1.0,1.0,20,205890.19,9,20,0,0,0.45,26.0,Low
CUST11123,Customer 1124,Consumer,United States,High,0,2778.38,5.0,0.0,140970.34,65.2,3.0,4.0,28,319584.17,12,28,1,1,0.42857142857142855,77.0,High
CUST11124,Customer 1125,Consumer,United Kingdom,Low,0,9956.05,0.0,0.0,0.0,0.0,0.0,0.0,18,144409.87,9,18,0,0,0.5,17.0,Low
CUST11125,Customer 1126,Small Business,United States,Low,0,4820.94,0.0,0.0,0.0,0.0,0.0,0.0,21,192339.75,9,20,0,0,0.42857142857142855,17.0,Low
CUST11126,Customer 1127,Small Business,United Kingdom,Medium,0,11237.82,0.0,0.0,0.0,0.0,0.0,0.0,22,323411.03,8,22,0,0,0.36363636363636365,24.0,Low
CUST11127,Customer 1128,Consumer,United States,Medium,0,44616.15,0.0,0.0,0.0,0.0,0.0,0.0,30,344294.47,16,30,0,0,0.5333333333333333,24.0,Low
CUST11128,Customer 1129,Consumer,United States,Low,0,21645.45,1.0,0.0,4077.95,64.0,1.0,1.0,17,141827.09,11,17,0,0,0.6470588235294118,21.0,Low
CUST11129,Customer 1130,Consumer,China,Medium,0,23260.13,2.0,1.0,51503.76,61.5,2.0,2.0,18,256731.26,6,18,0,1,0.3333333333333333,52.0,Moderate
CUST11130,Customer 1131,Small Business,China,Medium,0,7503.18,1.0,0.0,37161.76,58.0,1.0,1.0,23,295119.85,11,23,0,0,0.4782608695652174,28.0,Low
CUST11131,Customer 1132,Small Business,United States,Medium,0,6841.82,1.0,0.0,71621.21,83.0,1.0,1.0,24,293734.59,7,23,0,0,0.2916666666666667,27.7,Low
CUST11132,Customer 1133,Consumer,Nigeria,Low,0,27330.36,4.0,3.0,152983.49,64.5,3.0,4.0,16,277828.92,7,16,1,1,0.4375,73.0,High
CUST11133,Customer 1134,Small Business,Mexico,Low,0,7874.44,1.0,0.0,26810.51,47.0,1.0,1.0,28,532702.86,8,28,0,0,0.2857142857142857,20.4,Low
CUST11134,Customer 1135,Small Business,Canada,High,0,53709.2,1.0,0.0,3574.95,31.0,1.0,1.0,21,280667.91000000003,11,21,0,0,0.5238095238095238,36.0,Moderate
CUST11135,Customer 1136,Consumer,United States,Low,0,23009.36,4.0,2.0,112959.15,57.5,3.0,3.0,28,328221.27999999997,7,28,1,1,0.25,66.0,High
CUST11136,Customer 1137,Consumer,United Kingdom,Medium,1,19907.23,0.0,0.0,0.0,0.0,0.0,0.0,15,300470.69,8,15,0,0,0.5333333333333333,36.0,Moderate
CUST11137,Customer 1138,Small Business,United States,Medium,0,11609.67,5.0,3.0,120463.87,43.4,3.0,4.0,24,217319.94,13,24,1,1,0.5416666666666666,84.0,Critical
CUST11138,Customer 1139,Consumer,Canada,Low,0,4192.61,3.0,0.0,168491.88,60.0,2.0,3.0,23,169346.58,6,23,1,1,0.2608695652173913,52.4,Moderate
CUST11139,Customer 1140,Small Business,Turkey,Medium,0,1731.24,1.0,0.0,110354.22,56.0,1.0,1.0,23,248520.19,9,23,0,0,0.391304347826087,28.0,Low
CUST11140,Customer 1141,Consumer,United States,Low,0,4951.5,2.0,1.0,131745.41999999998,68.0,2.0,2.0,25,144804.88,8,25,0,1,0.32,45.0,Moderate
CUST11141,Customer 1142,Consumer,India,Low,0,8640.71,1.0,1.0,21785.93,81.0,1.0,1.0,27,348898.31,10,27,0,0,0.37037037037037035,26.0,Low
CUST11142,Customer 1143,Consumer,United States,Medium,0,18421.83,2.0,2.0,168559.3,81.0,2.0,2.0,30,337042.62,12,30,0,1,0.4,57.0,Moderate
CUST11143,Customer 1144,Consumer,United States,Low,0,2261.1,2.0,0.0,8200.63,61.5,1.0,2.0,10,119489.83,3,10,0,0,0.3,25.0,Low
CUST11144,Customer 1145,Consumer,Canada,Medium,0,4917.45,2.0,0.0,113720.03,56.5,1.0,1.0,27,281193.82,13,27,0,0,0.48148148148148145,32.0,Moderate
CUST11145,Customer 1146,Consumer,United States,Low,0,5392.26,1.0,0.0,66294.8,51.0,1.0,1.0,19,218957.96,11,19,0,0,0.5789473684210527,21.0,Low
CUST11146,Customer 1147,Consumer,United States,High,0,29729.63,0.0,0.0,0.0,0.0,0.0,0.0,35,282174.02,11,35,0,0,0.3142857142857143,32.0,Moderate
CUST11147,Customer 1148,Consumer,United States,Low,0,1962.45,1.0,0.0,5259.03,46.0,1.0,1.0,26,241572.7,13,26,0,0,0.5,21.0,Low
CUST11148,Customer 1149,Consumer,Canada,Medium,0,43657.79,2.0,1.0,105229.2,61.0,2.0,2.0,26,348067.16,8,26,0,1,0.3076923076923077,52.0,Moderate
CUST11149,Customer 1150,Consumer,Canada,High,0,3541.52,3.0,2.0,101492.81,61.666666666666664,2.0,2.0,27,286121.38,12,27,1,1,0.4444444444444444,79.0,High
CUST11150,Customer 1151,Consumer,Turkey,Low,0,24355.2,2.0,0.0,40102.62,54.5,1.0,2.0,27,448371.97000000003,10,27,0,0,0.37037037037037035,25.0,Low
CUST11151,Customer 1152,Consumer,United States,Low,0,15327.04,3.0,1.0,157704.22999999998,46.666666666666664,3.0,3.0,24,480176.55,13,24,1,1,0.5416666666666666,59.0,Moderate
CUST11152,Customer 1153,Consumer,Nigeria,Medium,0,11027.06,2.0,1.0,90112.37,85.5,2.0,2.0,23,182747.32,7,22,0,1,0.30434782608695654,52.0,Moderate
CUST11153,Customer 1154,Small Business,Nigeria,Medium,0,8505.05,2.0,1.0,33077.14,80.0,2.0,2.0,33,415687.37,18,33,0,1,0.5454545454545454,52.0,Moderate
CUST11154,Customer 1155,Consumer,United Kingdom,Low,0,11601.3,3.0,1.0,136033.91999999998,77.66666666666667,2.0,3.0,19,229531.45,10,19,1,1,0.5263157894736842,59.0,Moderate
CUST11155,Customer 1156,Consumer,Nigeria,Medium,0,4657.59,1.0,0.0,11568.84,58.0,1.0,1.0,27,337909.62,18,27,0,0,0.6666666666666666,28.0,Low
CUST11156,Customer 1157,Consumer,China,Low,0,26489.88,1.0,1.0,34045.44,64.0,1.0,1.0,28,283167.06,8,28,0,0,0.2857142857142857,25.4,Low
CUST11157,Customer 1158,Small Business,Canada,Low,0,13323.53,2.0,0.0,76727.16,51.5,2.0,2.0,24,343792.29000000004,11,24,0,1,0.4583333333333333,40.0,Moderate
CUST11158,Customer 1159,Consumer,United Kingdom,Medium,0,39183.54,3.0,0.0,303593.88,55.666666666666664,1.0,2.0,19,187930.46,11,19,1,0,0.5789473684210527,46.0,Moderate
CUST11159,Customer 1160,Consumer,Nigeria,Low,0,5566.59,5.0,2.0,209872.89,53.0,3.0,4.0,23,540216.39,10,23,1,1,0.43478260869565216,72.0,High
CUST11160,Customer 1161,Commercial,China,Low,0,3206.34,1.0,1.0,75596.27,63.0,1.0,1.0,22,149685.95,9,22,0,0,0.4090909090909091,26.0,Low
CUST11161,Customer 1162,Consumer,United States,Low,0,2822.0,2.0,0.0,22550.77,43.5,1.0,1.0,29,326816.99,10,29,0,0,0.3448275862068966,25.0,Low
CUST11162,Customer 1163,Consumer,Mexico,Low,0,65186.82,1.0,0.0,91107.01,95.0,1.0,1.0,30,349985.76,9,30,0,0,0.3,21.0,Low
CUST11163,Customer 1164,Consumer,Mexico,Low,0,4148.09,0.0,0.0,0.0,0.0,0.0,0.0,15,177549.76,8,15,0,0,0.5333333333333333,17.0,Low
CUST11164,Customer 1165,Consumer,United Arab Emirates,Medium,1,7339.94,1.0,0.0,20880.77,59.0,1.0,1.0,24,283805.94,11,24,0,0,0.4583333333333333,40.0,Moderate
CUST11165,Customer 1166,Commercial,Nigeria,Low,0,7193.32,1.0,0.0,8550.15,53.0,1.0,1.0,25,264868.87,14,25,0,0,0.56,21.0,Low
CUST11166,Customer 1167,Small Business,United States,Medium,0,5978.19,2.0,1.0,135382.36000000002,46.0,1.0,2.0,21,350944.16,7,21,0,0,0.3333333333333333,37.0,Moderate
CUST11167,Customer 1168,Consumer,United Arab Emirates,Low,0,3680.77,0.0,0.0,0.0,0.0,0.0,0.0,31,273730.8,13,31,0,0,0.41935483870967744,17.0,Low
CUST11168,Customer 1169,Consumer,United States,Low,0,33468.31,1.0,1.0,13977.08,91.0,1.0,1.0,29,312406.76,11,29,0,0,0.3793103448275862,26.0,Low
CUST11169,Customer 1170,Commercial,United States,Medium,0,6111.84,2.0,1.0,56805.17999999999,74.5,2.0,2.0,19,164954.69,9,19,0,1,0.47368421052631576,52.0,Moderate
CUST11170,Customer 1171,Consumer,Mexico,Low,0,15487.35,0.0,0.0,0.0,0.0,0.0,0.0,10,111712.0,3,10,0,0,0.3,17.0,Low
CUST11171,Customer 1172,Small Business,United States,Low,1,3235.49,3.0,0.0,150934.82,40.333333333333336,3.0,3.0,23,248006.36000000002,7,23,1,1,0.30434782608695654,66.0,High
CUST11172,Customer 1173,Commercial,United Arab Emirates,Medium,0,11261.45,1.0,0.0,55392.95,35.0,1.0,1.0,21,231738.44,14,21,0,0,0.6666666666666666,28.0,Low
CUST11173,Customer 1174,Consumer,United States,Low,0,4402.85,0.0,0.0,0.0,0.0,0.0,0.0,23,367468.12,12,23,0,0,0.5217391304347826,17.0,Low
CUST11174,Customer 1175,Commercial,United States,Low,0,10435.23,0.0,0.0,0.0,0.0,0.0,0.0,29,492239.1,9,29,0,0,0.3103448275862069,17.0,Low
CUST11175,Customer 1176,Consumer,United States,Low,0,6583.85,1.0,0.0,27533.93,41.0,1.0,1.0,13,90290.07,5,13,0,0,0.38461538461538464,21.0,Low
CUST11176,Customer 1177,Small Business,India,Low,0,4812.71,2.0,0.0,76351.5,57.5,2.0,2.0,27,406043.3,10,27,0,1,0.37037037037037035,40.0,Moderate
CUST11177,Customer 1178,Consumer,Nigeria,Low,0,15350.42,2.0,2.0,44073.74,87.5,2.0,2.0,28,269127.88,15,28,0,1,0.5357142857142857,50.0,Moderate
CUST11178,Customer 1179,Small Business,China,Medium,0,11454.84,1.0,0.0,279820.19,58.0,1.0,1.0,18,263309.52,7,18,0,0,0.3888888888888889,28.0,Low
CUST11179,Customer 1180,Consumer,United States,Medium,0,19323.32,2.0,0.0,87411.77,49.0,2.0,2.0,23,265785.06,13,23,0,1,0.5652173913043478,47.0,Moderate
CUST11180,Customer 1181,Commercial,United States,Low,0,21607.24,1.0,0.0,39845.72,55.0,1.0,1.0,21,204075.04,9,21,0,0,0.42857142857142855,21.0,Low
CUST11181,Customer 1182,Consumer,Turkey,Low,0,3699.17,3.0,1.0,33746.96,51.0,1.0,2.0,21,290327.7,6,21,1,0,0.2857142857142857,43.4,Moderate
CUST11182,Customer 1183,Commercial,United States,Low,0,10900.3,0.0,0.0,0.0,0.0,0.0,0.0,38,602626.35,16,38,0,0,0.42105263157894735,17.0,Low
CUST11183,Customer 1184,Consumer,United States,Medium,0,12611.01,2.0,0.0,44533.14,29.0,1.0,2.0,27,237548.91,11,27,0,0,0.4074074074074074,32.0,Moderate
CUST11184,Customer 1185,Small Business,Turkey,Low,0,4487.22,4.0,3.0,679013.75,51.0,2.0,4.0,26,291300.96,11,26,1,1,0.4230769230769231,73.0,High
CUST11185,Customer 1186,Consumer,United States,Medium,0,29550.69,1.0,0.0,3637.65,5.0,1.0,1.0,24,255627.3,7,24,0,0,0.2916666666666667,27.7,Low
CUST11186,Customer 1187,Consumer,United States,Low,0,1850.8,2.0,1.0,81208.14,54.5,2.0,2.0,20,178823.42,9,20,0,1,0.45,45.0,Moderate
CUST11187,Customer 1188,Consumer,United States,Medium,0,6060.07,1.0,0.0,93846.94,58.0,1.0,1.0,21,200264.5,9,21,0,0,0.42857142857142855,28.0,Low
CUST11188,Customer 1189,Small Business,Nigeria,High,0,3922.02,2.0,0.0,73321.9,57.0,2.0,2.0,30,481441.42,11,30,0,1,0.36666666666666664,55.0,Moderate
CUST11189,Customer 1190,Commercial,Turkey,Low,0,13025.93,1.0,1.0,4114.62,96.0,1.0,1.0,26,215043.46,6,26,0,0,0.23076923076923078,23.2,Low
CUST11190,Customer 1191,Small Business,Canada,Low,0,5069.79,1.0,0.0,55942.89,62.0,1.0,1.0,25,282920.2,8,25,0,0,0.32,21.0,Low
CUST11191,Customer 1192,Consumer,United States,Low,0,10272.35,1.0,1.0,45538.12,61.0,1.0,1.0,25,454406.07,6,25,0,0,0.24,23.6,Low
CUST11192,Customer 1193,Consumer,Mexico,Low,0,13886.82,1.0,1.0,21825.56,60.0,1.0,1.0,25,260748.97,9,25,0,0,0.36,26.0,Low
CUST11193,Customer 1194,Consumer,Nigeria,Low,0,25373.32,0.0,0.0,0.0,0.0,0.0,0.0,22,191632.63,9,22,0,0,0.4090909090909091,17.0,Low
CUST11194,Customer 1195,Consumer,United States,High,0,3079.22,1.0,0.0,9016.2,32.0,1.0,1.0,34,420442.98,15,34,0,0,0.4411764705882353,36.0,Moderate
CUST11195,Customer 1196,Commercial,United States,Medium,0,3383.5,2.0,1.0,42150.79,63.0,2.0,2.0,28,303684.18,12,28,0,1,0.42857142857142855,52.0,Moderate
CUST11196,Customer 1197,Consumer,Nigeria,Low,0,10318.04,3.0,1.0,196607.91999999998,61.0,3.0,3.0,31,360540.68,12,31,1,1,0.3870967741935484,59.0,Moderate
CUST11197,Customer 1198,Commercial,United States,Low,0,5196.48,4.0,1.0,172762.87,50.0,3.0,4.0,19,184512.34,5,19,1,1,0.2631578947368421,61.5,High
CUST11198,Customer 1199,Small Business,United States,Low,0,14943.07,2.0,0.0,35820.93,33.5,1.0,2.0,27,357125.95,7,27,0,0,0.25925925925925924,23.4,Low
CUST11199,Customer 1200,Small Business,United States,High,1,22632.23,2.0,0.0,57457.27,53.5,2.0,2.0,27,326729.51,13,26,0,1,0.48148148148148145,67.0,High
